EAN;Aliquota_ICMS_pct;Regime_PisCofins
0000042110200;25.00;monofasico
0000042176763;25.00;monofasico
0000042360407;25.00;monofasico
0000042360414;25.00;monofasico
0000042389248;25.00;monofasico
0000042398004;0.00;monofasico
0000042495727;25.00;monofasico
0000075058845;0.00;monofasico
0000075058852;18.00;monofasico
0000075062835;18.00;monofasico
0000075076702;18.00;monofasico
0000075076818;18.00;monofasico
0000075076825;0.00;monofasico
0000075076870;18.00;monofasico
0000075078829;18.00;monofasico
0000075078836;18.00;monofasico
0000075081669;18.00;monofasico
0000075081683;18.00;monofasico
0000075081690;0.00;monofasico
0000075082833;18.00;monofasico
0000075082840;18.00;monofasico
0000075082864;18.00;monofasico
0000075082871;18.00;monofasico
0000078906617;25.00;monofasico
0000078907355;0.00;real
0000078907478;0.00;real
0000078907492;0.00;real
0000078907850;18.00;monofasico
0000078907874;18.00;monofasico
0000078914940;18.00;monofasico
0000078914957;0.00;monofasico
0000078922686;18.00;monofasico
0000078922693;0.00;monofasico
0000078923409;18.00;monofasico
0000078923454;0.00;monofasico
0000078924338;0.00;monofasico
0000078924345;18.00;monofasico
0000078924352;18.00;monofasico
0000078924383;18.00;monofasico
0000078925472;18.00;monofasico
0000078926523;0.00;monofasico
0000078927254;0.00;monofasico
0000078929388;25.00;monofasico
0000078929395;18.00;monofasico
0000078930780;18.00;monofasico
0000078930841;25.00;monofasico
0000078933354;18.00;monofasico
0000078935068;0.00;monofasico
0000078938625;18.00;monofasico
0000078939158;25.00;monofasico
0000078939165;0.00;monofasico
0000078939172;0.00;monofasico
0000078939189;0.00;monofasico
0000078940567;18.00;monofasico
000042513827;25.00;monofasico
000075062835;18.00;monofasico
000075078836;18.00;monofasico
000078925472;18.00;monofasico
0001100055969;25.00;monofasico
0001100061779;0.00;monofasico
0001100072416;25.00;monofasico
0001100075493;18.00;monofasico
0010343958111;12.00;real
0011509031303;25.00;monofasico
0011509031310;0.00;monofasico
0011509031327;25.00;monofasico
0011509031334;12.00;monofasico
0040141232038;0.00;monofasico
0040141232045;0.00;monofasico
0040141232076;0.00;monofasico
0040141232083;0.00;monofasico
0040141232090;0.00;monofasico
0040141444141;25.00;monofasico
0040141444547;25.00;monofasico
0040141444554;25.00;monofasico
0040141444561;0.00;monofasico
0040141444592;25.00;monofasico
0040141444615;25.00;monofasico
0040232755613;25.00;monofasico
0041333001005;18.00;presumido
0041333001029;0.00;monofasico
0041333001074;18.00;presumido
0041333001098;18.00;presumido
0042882099765;0.00;monofasico
0042882099789;0.00;real
0042882099796;0.00;real
0042882099888;0.00;real
0042882099895;0.00;real
0042882100669;0.00;monofasico
0042882100676;0.00;monofasico
0042882100683;0.00;monofasico
0042882100690;0.00;monofasico
0042882371120;0.00;monofasico
0047400179240;18.00;real
0070330370012;25.00;monofasico
0070330370050;0.00;monofasico
0070330371019;25.00;monofasico
0070330714274;25.00;monofasico
0070330717527;0.00;presumido
0070330717534;0.00;presumido
0070330717565;0.00;presumido
0070330717725;0.00;presumido
0070330724815;0.00;presumido
0070330731752;25.00;monofasico
0070330731769;0.00;presumido
0070330734395;25.00;monofasico
0070330734500;0.00;presumido
0070330738140;25.00;monofasico
0070341071854;25.00;real
0070341071861;18.00;real
0070341071878;18.00;real
0070341071885;18.00;real
0070341368183;0.00;monofasico
0070341368190;0.00;monofasico
0070341368244;0.00;monofasico
0070341368251;0.00;monofasico
0070341368282;0.00;monofasico
0070341368299;0.00;monofasico
0070341368305;0.00;monofasico
0070341368565;0.00;monofasico
0070341368572;0.00;monofasico
0070341368589;0.00;monofasico
0070341368596;0.00;monofasico
0070341368602;0.00;monofasico
0070341368626;0.00;monofasico
0070341368725;0.00;monofasico
0070341368732;0.00;monofasico
0070341368879;0.00;monofasico
0070341369081;0.00;monofasico
0070341369111;0.00;real
0070341369128;0.00;real
0070341386125;25.00;real
0070341386224;25.00;real
0070341386231;18.00;real
0070341696255;25.00;monofasico
0070341696408;25.00;monofasico
0070341696446;25.00;monofasico
0070341696705;25.00;monofasico
0070341696996;25.00;real
0070341697757;25.00;monofasico
0070341697832;25.00;real
0070341698303;25.00;monofasico
0070341698419;25.00;monofasico
0070341698648;25.00;monofasico
0070341698723;25.00;real
0070341698754;25.00;monofasico
0070341698785;25.00;monofasico
0070341699003;25.00;monofasico
0070341699089;25.00;monofasico
0070341699140;25.00;real
0070341699201;18.00;real
0070341699249;0.00;monofasico
0070341699294;18.00;real
0070341699324;0.00;monofasico
0070341699539;25.00;monofasico
0070341699928;25.00;monofasico
0070341699966;25.00;monofasico
0070341700006;25.00;monofasico
0070341700020;25.00;monofasico
0070341700679;25.00;monofasico
0070341700884;25.00;monofasico
0070341700969;25.00;monofasico
0070341701218;25.00;monofasico
0070341702048;25.00;monofasico
0070341702178;25.00;monofasico
0070341702505;25.00;monofasico
0070341702734;25.00;monofasico
0070341702994;25.00;monofasico
0070341703403;25.00;monofasico
0070341705568;18.00;monofasico
0070341705964;18.00;monofasico
0070341706022;18.00;monofasico
0070341707128;18.00;monofasico
0070341707159;18.00;monofasico
0070341707210;18.00;monofasico
0070341707395;18.00;monofasico
0070341709573;18.00;monofasico
0070341709603;18.00;monofasico
0070341709696;18.00;monofasico
0070341709931;18.00;monofasico
0070341710142;18.00;monofasico
0070341710357;18.00;monofasico
0070341710388;18.00;monofasico
0070341710418;18.00;monofasico
0070341710531;18.00;monofasico
0070847022015;0.00;monofasico
0070847022206;0.00;monofasico
0070847022220;0.00;real
0070847022503;0.00;real
0070847022527;0.00;real
0070847033318;0.00;real
0070847035312;0.00;real
0074468153417;0.00;monofasico
0074468153424;0.00;monofasico
0074468229532;0.00;monofasico
0074468230057;0.00;monofasico
0074468230071;0.00;monofasico
0074468230118;0.00;monofasico
0074468230194;0.00;monofasico
0074468230330;0.00;monofasico
0074468230507;0.00;monofasico
0074468230514;0.00;monofasico
0079400500205;0.00;monofasico
0079400500908;18.00;monofasico
0079400526342;0.00;monofasico
0079400526359;0.00;monofasico
011509031303;25.00;monofasico
011509031310;25.00;monofasico
011509031327;25.00;monofasico
011509031334;25.00;monofasico
0190679000088;18.00;monofasico
0190679000095;18.00;monofasico
0288374901608;0.00;monofasico
041333001005;4.00;real
041333001029;4.00;real
0413330010296;18.00;real
041333001074;4.00;real
041333001098;4.00;real
0413330010982;18.00;real
047400179240;18.00;real
0602883706309;0.00;monofasico
0602883706316;0.00;monofasico
0602883706323;0.00;monofasico
0602883706477;0.00;monofasico
0602883749399;25.00;monofasico
0606529963156;18.00;presumido
0606529963163;18.00;presumido
0606529963170;18.00;presumido
0606529963187;18.00;presumido
0606529963194;18.00;presumido
0606529963200;18.00;presumido
0609963220243;0.00;monofasico
0609963220359;0.00;monofasico
0609963220373;0.00;monofasico
0609963220380;0.00;monofasico
0609963220458;0.00;monofasico
0609963220526;0.00;monofasico
0609963220564;0.00;real
0609963220588;0.00;monofasico
0609963220595;0.00;real
0609963220625;0.00;monofasico
0609963220663;0.00;monofasico
0609963220670;0.00;monofasico
0609963220687;0.00;monofasico
0609963220694;0.00;monofasico
0609963220700;0.00;real
0609963220748;0.00;monofasico
0609963220755;0.00;real
0609963220779;0.00;monofasico
0609963220786;0.00;monofasico
0609963220793;0.00;monofasico
0609963719495;0.00;presumido
0609963719518;0.00;presumido
0609963719525;0.00;real
0609963719532;25.00;real
0609963719549;0.00;presumido
0618341019126;25.00;real
0618341019133;25.00;real
0618341019140;25.00;real
0618341019157;25.00;real
0618341019164;25.00;real
0618341019171;25.00;real
0618341019188;25.00;real
0618341019195;25.00;real
0618341019201;25.00;real
0618341019218;18.00;real
0618341019225;25.00;real
0618341019256;25.00;real
06183413015664;0.00;monofasico
06183413015800;0.00;monofasico
06183413017194;0.00;monofasico
06183413017644;0.00;monofasico
06183413017958;0.00;monofasico
0618341301870;0.00;monofasico
0618341301887;0.00;monofasico
0618341301894;0.00;monofasico
0619205699928;0.00;monofasico
0619205700099;18.00;monofasico
0619205700136;0.00;monofasico
0619205700419;18.00;monofasico
0619205700556;18.00;monofasico
0619205881187;0.00;monofasico
0619205881248;0.00;monofasico
0619205881347;18.00;monofasico
0619205881385;0.00;monofasico
0619205881415;0.00;monofasico
0619205881569;0.00;monofasico
0619205881668;25.00;monofasico
0619205881750;18.00;real
0619205881941;0.00;monofasico
0630941057865;0.00;monofasico
0630941652954;0.00;monofasico
0630941653852;0.00;monofasico
0630941653913;0.00;monofasico
0630941654101;0.00;monofasico
0630941654156;18.00;monofasico
0630941654163;0.00;monofasico
0630941654170;0.00;monofasico
0630941654798;18.00;monofasico
0630941655467;0.00;monofasico
0630941655498;0.00;monofasico
0630941655948;18.00;real
0630951024031;0.00;monofasico
0630951024048;0.00;monofasico
0631430149122;25.00;monofasico
0649674049917;0.00;presumido
0700083120762;18.00;presumido
070330370005;18.00;real
070330371002;18.00;real
070330709485;18.00;real
070330714274;18.00;real
070330717510;0.00;real
070330717527;18.00;real
070330717534;18.00;real
070330717565;18.00;real
070330719620;18.00;real
070330724815;18.00;real
070330728509;18.00;real
070330731745;18.00;real
070330731769;18.00;real
070330734395;18.00;real
070330734401;18.00;real
070330734425;18.00;real
070330738133;18.00;real
0731509017205;0.00;presumido
0731509017373;0.00;presumido
0731509200065;18.00;presumido
0731509200195;0.00;monofasico
0731509535549;18.00;presumido
0731509535594;18.00;presumido
0731509535709;18.00;presumido
0731509535716;18.00;presumido
0731509535730;18.00;presumido
0731509535754;18.00;presumido
0731509549515;0.00;presumido
0731509549546;0.00;presumido
0731509549553;18.00;presumido
0731509560732;18.00;presumido
0731509577617;18.00;presumido
0731509585643;18.00;presumido
0731509585650;0.00;presumido
0731509596007;18.00;presumido
0731509602821;0.00;monofasico
0731509602838;0.00;monofasico
0731509602876;0.00;monofasico
0731509602883;18.00;presumido
0731509608755;18.00;presumido
0731509627596;0.00;monofasico
0731509627824;18.00;presumido
0731509627862;18.00;presumido
0731509627886;0.00;presumido
0731509632934;18.00;real
0731509636116;18.00;real
0731509636321;0.00;presumido
0731509636352;0.00;presumido
0731509637045;0.00;monofasico
0731509637076;0.00;monofasico
0731509638097;0.00;monofasico
0731509647877;18.00;presumido
0731509673609;0.00;presumido
0731509673760;0.00;presumido
0731509677140;18.00;presumido
0731509677157;18.00;presumido
0731509677164;18.00;presumido
0731509679991;0.00;monofasico
0731509699654;25.00;monofasico
0731509716306;18.00;presumido
0731509719253;18.00;presumido
0731509723779;18.00;presumido
0731509723786;18.00;presumido
0731509724059;0.00;monofasico
0731509724066;0.00;monofasico
0731509755633;0.00;monofasico
0731509755695;18.00;presumido
0731509755725;0.00;monofasico
0731509770278;18.00;presumido
0731509786392;18.00;presumido
0731509786439;18.00;presumido
0731509786538;18.00;presumido
0731509786675;18.00;presumido
0731509786682;18.00;presumido
0731509786996;18.00;presumido
0731509787030;18.00;presumido
0731509787047;18.00;presumido
0731509787054;18.00;presumido
0731509792461;18.00;presumido
0731509792478;0.00;monofasico
0731509811353;18.00;presumido
0731509817157;25.00;monofasico
0731509817164;25.00;monofasico
0731509887624;18.00;presumido
0731509890310;18.00;presumido
0731509972221;18.00;presumido
0731509972344;18.00;presumido
0731509974201;18.00;presumido
0731509974232;18.00;presumido
0731509974256;18.00;presumido
0731509974270;18.00;presumido
0731509974317;18.00;presumido
0731509974331;18.00;presumido
0731509974355;18.00;presumido
0731509974522;0.00;monofasico
0731509974546;0.00;monofasico
0731509974560;0.00;monofasico
0731509974584;18.00;presumido
0731509974607;25.00;monofasico
0731509974621;18.00;presumido
0731509974645;18.00;presumido
0731509975000;18.00;presumido
0731509990140;25.00;monofasico
0731509990898;0.00;monofasico
0731509990911;0.00;monofasico
0731509991307;0.00;presumido
0731509991321;0.00;presumido
0731509991345;0.00;presumido
0731509991369;0.00;presumido
0731509991376;0.00;presumido
0731509991437;0.00;presumido
0731509991444;0.00;presumido
0731509991451;0.00;presumido
0731509991611;0.00;presumido
0731509991659;0.00;monofasico
0731509991758;0.00;monofasico
0731509991772;0.00;monofasico
0731509991956;0.00;monofasico
0731509991970;0.00;monofasico
0731509991987;0.00;monofasico
0731509991994;0.00;monofasico
0731509992014;0.00;monofasico
0731509992021;0.00;monofasico
0731509992045;0.00;monofasico
0731509992717;0.00;monofasico
0731509992731;0.00;monofasico
0731509992755;0.00;monofasico
0731509992779;0.00;monofasico
0731509992793;0.00;monofasico
0731509992830;0.00;monofasico
0731509993370;18.00;presumido
0731509993417;18.00;presumido
0731509993431;18.00;presumido
0731509993455;18.00;presumido
0731509993479;18.00;presumido
0731509993493;18.00;presumido
0731509993516;18.00;presumido
0731509993554;18.00;presumido
0731509993578;18.00;presumido
0731509993592;18.00;presumido
0731509994254;18.00;presumido
0731509994261;18.00;presumido
0731509994278;18.00;presumido
0731509994285;18.00;presumido
0731509994292;18.00;presumido
0731509994308;18.00;presumido
0731509994315;18.00;presumido
0731509994322;18.00;presumido
0731509994346;18.00;presumido
0731509994353;18.00;presumido
0731509994360;18.00;presumido
0731509994377;18.00;presumido
0731509994438;18.00;presumido
0731509994445;18.00;presumido
0731509994452;18.00;presumido
0731509994575;0.00;monofasico
0731509994582;0.00;monofasico
0731509994599;0.00;monofasico
0731509994612;0.00;monofasico
0731509994629;0.00;monofasico
0731509994711;0.00;monofasico
0731509994728;0.00;monofasico
0731509994889;18.00;presumido
0731509994896;18.00;presumido
0731509994902;18.00;presumido
0731509994919;18.00;presumido
0731509994926;18.00;presumido
0731509994933;18.00;presumido
0731509995671;25.00;monofasico
0731509995756;0.00;presumido
0731509995763;0.00;presumido
0731509995770;0.00;presumido
0731509996685;0.00;monofasico
0731509996692;0.00;monofasico
0731509997392;0.00;presumido
0731509998573;0.00;monofasico
0731509998849;25.00;monofasico
0731509999099;18.00;presumido
0731509999143;18.00;presumido
0731509999181;18.00;presumido
0731509999686;18.00;presumido
0731509999693;18.00;presumido
0731509999709;18.00;presumido
0731509999716;18.00;presumido
0731509999785;18.00;presumido
0731509999808;18.00;presumido
0732535916838;0.00;monofasico
0732535916869;0.00;monofasico
0735201128009;25.00;presumido
0736532824844;0.00;monofasico
0736532824851;0.00;monofasico
0736532824868;0.00;monofasico
0736532824875;0.00;monofasico
0737052720739;4.00;monofasico
0737052854922;4.00;monofasico
074468765818;18.00;real
074468765825;18.00;real
074468765832;18.00;real
0745125898551;25.00;monofasico
0745125898896;25.00;monofasico
0745125898919;25.00;monofasico
0745125898940;25.00;monofasico
0745125898988;25.00;monofasico
0745125898995;25.00;monofasico
07509546679273;0.00;monofasico
07509546679532;18.00;monofasico
07509546683591;0.00;monofasico
07509546687926;12.00;monofasico
07509546688176;0.00;monofasico
07509546699950;18.00;monofasico
07509546699967;18.00;monofasico
07509546702506;12.00;monofasico
0761736265001;0.00;real
0761736265018;0.00;presumido
0761736265025;0.00;presumido
07793100151224;12.00;monofasico
0789000120085;0.00;presumido
07891010253523;0.00;monofasico
07891010254933;0.00;monofasico
07891024028353;12.00;monofasico
07891024073070;12.00;monofasico
07891024115107;0.00;real
07891024132005;12.00;monofasico
07891024132371;12.00;monofasico
07891024134702;12.00;monofasico
07891024135020;0.00;monofasico
07891024183007;0.00;monofasico
07891024184509;0.00;monofasico
07891040004416;0.00;monofasico
0789123903350;0.00;monofasico
07891528016504;12.00;monofasico
07891528016511;12.00;monofasico
07891528038810;12.00;monofasico
07891528038827;0.00;monofasico
07891528038834;0.00;monofasico
07896858617261;0.00;monofasico
0789758083397;0.00;monofasico
0789758086862;25.00;monofasico
07897613336953;0.00;monofasico
0789888134044;0.00;monofasico
0789888134068;18.00;monofasico
0789888134143;18.00;monofasico
0789888134297;0.00;monofasico
0789888134402;0.00;monofasico
0789888134419;0.00;monofasico
0789888134617;0.00;monofasico
0789888134624;0.00;monofasico
0789888134655;0.00;monofasico
0789888134686;18.00;monofasico
0789888134969;18.00;monofasico
07898966937033;0.00;monofasico
07898966937040;0.00;monofasico
07898966937439;0.00;monofasico
07898966937835;0.00;monofasico
07908390500250;0.00;monofasico
079400500908;0.00;monofasico
079400526342;0.00;monofasico
079400526359;0.00;monofasico
079656085761;0.00;real
079656086614;0.00;real
079656096507;0.00;real
079656119732;0.00;real
079656120530;0.00;real
079656500882;0.00;real
079656503999;0.00;real
079656510232;0.00;real
079656511161;0.00;real
079656529289;0.00;real
079656540604;0.00;real
0876120005887;25.00;monofasico
0876120005894;25.00;monofasico
0876120005900;25.00;monofasico
088300104406;0.00;monofasico
0884486507099;25.00;monofasico
0908240540235;0.00;real
1000000070323;0.00;monofasico
1000000091922;0.00;presumido
1000000157277;0.00;monofasico
1000000188110;0.00;presumido
1000000197914;18.00;presumido
1000000201031;0.00;monofasico
1000000201840;25.00;monofasico
1000000203226;18.00;presumido
1000000203233;18.00;presumido
1000000203240;18.00;presumido
1000000207316;0.00;monofasico
1000000209884;0.00;presumido
1000000218558;0.00;monofasico
1000000223453;18.00;presumido
1000000223507;0.00;monofasico
1000000223668;0.00;monofasico
1000000225891;18.00;presumido
1000000228403;0.00;presumido
1000000228502;0.00;presumido
1000000229462;0.00;monofasico
1000000230406;0.00;monofasico
1000000232486;0.00;presumido
1000000235807;0.00;monofasico
1000000237788;0.00;presumido
1000000237795;18.00;presumido
1000000237801;18.00;real
1000000237825;0.00;presumido
1000000244052;0.00;presumido
1000000244106;0.00;presumido
1000000244205;0.00;monofasico
1000000244793;0.00;presumido
1000000248258;0.00;monofasico
1000000248289;0.00;presumido
1000000256307;0.00;monofasico
1000000256345;0.00;presumido
1000000256352;0.00;presumido
1000000259513;0.00;monofasico
1000000261172;0.00;monofasico
1000000261196;0.00;real
1000000261202;0.00;monofasico
1000000263701;0.00;monofasico
1000000264135;18.00;monofasico
1000000264913;25.00;monofasico
1000000264975;0.00;monofasico
1000000265064;25.00;monofasico
1000000269482;0.00;monofasico
1000000269697;0.00;presumido
1000000271324;0.00;real
1000000271812;0.00;monofasico
1000000271881;0.00;monofasico
1000000273205;0.00;presumido
1000000275100;0.00;presumido
1000000275223;0.00;presumido
1000000275858;0.00;presumido
1000000276084;18.00;presumido
1000000276114;18.00;presumido
1000000276121;18.00;presumido
1000000276138;18.00;presumido
1000000276145;18.00;presumido
1000000276220;0.00;monofasico
1000000276237;0.00;monofasico
1000000276299;25.00;monofasico
1000000279542;18.00;real
1000000279863;0.00;monofasico
1000000280395;0.00;monofasico
1000000280401;25.00;monofasico
1000000280500;0.00;presumido
1000000280524;0.00;presumido
1000000281378;0.00;monofasico
1000000281385;0.00;monofasico
1000000281408;0.00;monofasico
1000000282436;25.00;monofasico
1000000282771;25.00;monofasico
1000000282788;25.00;monofasico
1000000282825;25.00;monofasico
1000000282832;25.00;monofasico
1000000282917;0.00;monofasico
1000000282924;0.00;monofasico
1000000282955;25.00;monofasico
1000000282986;25.00;monofasico
1000000283006;25.00;monofasico
1000000283020;25.00;monofasico
1000000283099;0.00;monofasico
1000000283105;25.00;monofasico
1000000283129;25.00;monofasico
1000000283167;18.00;presumido
1000000283198;18.00;presumido
1000000283204;18.00;presumido
1000000286205;0.00;presumido
1000000291971;0.00;monofasico
1000000296303;0.00;monofasico
1000000296310;0.00;monofasico
1000000296327;18.00;real
1000000296334;0.00;monofasico
1000000296495;0.00;monofasico
1000000296501;0.00;monofasico
1000000297003;0.00;real
1000000297010;0.00;real
1000000298383;0.00;monofasico
1000000298970;0.00;monofasico
1000000299519;0.00;monofasico
1000000299526;0.00;monofasico
1000000299533;0.00;monofasico
1000000299540;0.00;monofasico
1000000299557;0.00;monofasico
1000000299564;0.00;monofasico
1000000299571;0.00;monofasico
1000000299588;0.00;monofasico
1000000299595;0.00;monofasico
1000000299601;0.00;monofasico
1000000299618;0.00;monofasico
1000000299625;0.00;monofasico
1000000299632;0.00;monofasico
1000000299649;0.00;monofasico
1000000299656;0.00;monofasico
1000000299663;0.00;monofasico
1000000299670;0.00;monofasico
1000000299687;0.00;monofasico
1000000299694;0.00;monofasico
1000000299700;0.00;monofasico
1000000299717;0.00;monofasico
1000000299724;0.00;monofasico
1000000299731;0.00;monofasico
1000000299748;0.00;monofasico
1000000299755;0.00;monofasico
1000000299762;0.00;monofasico
1000000299779;0.00;monofasico
1000000299793;0.00;monofasico
1000000299809;0.00;monofasico
1000000299816;0.00;monofasico
1000000299823;0.00;monofasico
1000000299830;0.00;monofasico
1000000299847;0.00;monofasico
1000000299854;0.00;monofasico
1000000299861;0.00;monofasico
1000000299878;0.00;monofasico
1000000299885;0.00;monofasico
1000000299892;0.00;monofasico
1000000299908;0.00;monofasico
1000000299915;0.00;monofasico
1000000299922;0.00;monofasico
1000000299939;0.00;monofasico
1000000299946;0.00;monofasico
1000000299953;0.00;monofasico
1000000299960;0.00;monofasico
1000000300277;0.00;monofasico
1000000300284;0.00;monofasico
1000000308563;18.00;monofasico
1000000308570;18.00;monofasico
1000000308587;18.00;monofasico
1000000308594;18.00;monofasico
1000000308617;18.00;monofasico
1000000308631;18.00;monofasico
1000000308662;0.00;monofasico
1000000308686;18.00;monofasico
1000000308693;18.00;monofasico
1000000308709;18.00;monofasico
1000000308716;0.00;monofasico
1000000308723;0.00;monofasico
1000000308747;18.00;monofasico
1000000308754;18.00;monofasico
1000000308761;18.00;monofasico
1000000308778;0.00;monofasico
1000000308785;18.00;monofasico
1000000308792;18.00;monofasico
1000000308808;0.00;monofasico
1000000308815;0.00;monofasico
1000000308822;0.00;monofasico
1000000308839;18.00;monofasico
1000000308853;0.00;monofasico
1000000308860;18.00;monofasico
1000000308884;0.00;monofasico
1000000308907;0.00;monofasico
1000000308914;0.00;monofasico
1000000308938;18.00;monofasico
1000000308945;18.00;monofasico
1000000308952;18.00;monofasico
1000000308976;18.00;monofasico
1000000308983;18.00;monofasico
1000000308990;18.00;monofasico
1000000309003;18.00;monofasico
1000000309010;18.00;monofasico
1000000309034;18.00;monofasico
1000000309058;18.00;monofasico
1000000309065;18.00;monofasico
1000000309072;18.00;monofasico
1000000309089;18.00;monofasico
1000000309096;18.00;monofasico
1000000309119;18.00;monofasico
1000000309126;18.00;monofasico
1000000309133;18.00;monofasico
1000000309140;18.00;monofasico
1000000309164;18.00;monofasico
1000000309171;0.00;monofasico
1000000309249;0.00;real
1000000311136;18.00;presumido
1000000311143;18.00;presumido
1000000311150;18.00;presumido
1000000311167;18.00;presumido
1000000311174;18.00;presumido
1000000311181;18.00;presumido
1000000311198;18.00;presumido
1000000311204;18.00;presumido
1000000311211;18.00;presumido
1000000311228;18.00;presumido
1000000311235;18.00;presumido
1000000311242;18.00;presumido
1000000311259;18.00;presumido
1000000311952;18.00;monofasico
1000000311969;18.00;monofasico
1000000311976;18.00;monofasico
1000000311983;18.00;monofasico
1000000312003;18.00;monofasico
1000000312010;18.00;monofasico
1000000312027;18.00;monofasico
1000000312034;18.00;monofasico
1000000312041;18.00;monofasico
1000000312058;18.00;monofasico
1000000312065;18.00;monofasico
1000000312850;0.00;real
1000000313291;0.00;monofasico
1000000313307;0.00;monofasico
1000000313314;0.00;monofasico
1000000313321;0.00;monofasico
1000000313338;0.00;monofasico
1000000313345;0.00;monofasico
1000000313352;0.00;monofasico
1000000313369;0.00;monofasico
1000000313376;0.00;monofasico
1000000315462;18.00;real
1000000315479;0.00;real
1000000315486;0.00;real
1000000318128;0.00;monofasico
1000000318135;0.00;real
1000000318142;18.00;real
1000000318159;0.00;real
1000000318166;0.00;real
1000000318258;0.00;real
1000000318265;0.00;real
1000000318272;0.00;real
1000000603828;0.00;monofasico
1000000959079;0.00;presumido
1000001004754;0.00;monofasico
1000001004785;0.00;monofasico
1000001004792;0.00;monofasico
1000001004808;0.00;monofasico
1000001024974;0.00;monofasico
1000001031354;0.00;presumido
1000001031958;0.00;monofasico
1000001033563;25.00;monofasico
1000001044194;0.00;monofasico
1000001044200;0.00;monofasico
1000001044217;0.00;monofasico
1000001044248;0.00;monofasico
1000001044262;0.00;monofasico
1000001045351;0.00;monofasico
1000001045368;0.00;monofasico
1000001046334;18.00;monofasico
1000001046341;0.00;monofasico
1000001046358;0.00;monofasico
1000001046365;0.00;monofasico
1000001046372;0.00;monofasico
1000001046440;0.00;monofasico
1000001046457;0.00;monofasico
1000001046464;0.00;monofasico
1000001046471;0.00;monofasico
1000001046570;0.00;monofasico
1000001046648;0.00;monofasico
1000001046655;0.00;monofasico
1000001046679;0.00;monofasico
1000001046686;0.00;monofasico
1000001047126;0.00;monofasico
1000001047195;0.00;monofasico
1000001047201;0.00;monofasico
10000075063556;18.00;monofasico
10000078924236;18.00;monofasico
10000078930848;18.00;monofasico
10000078931630;18.00;monofasico
10000078931647;18.00;monofasico
10000078944739;25.00;presumido
100061225;12.00;monofasico
10079400500202;18.00;presumido
10079400526332;18.00;presumido
10079400526349;18.00;presumido
10079400526356;18.00;presumido
10079400526363;18.00;presumido
101430010;0.00;monofasico
10343958111;12.00;real
10619205406073;0.00;presumido
10619205406080;0.00;presumido
10751320528886;0.00;presumido
1220000250062;0.00;monofasico
1220000250222;0.00;monofasico
1220000250239;0.00;real
1711533366653;0.00;monofasico
1711552400024;0.00;monofasico
17115524000285;0.00;monofasico
17319470116457;0.00;monofasico
17500435004227;0.00;real
17500435034217;0.00;real
17500435118504;25.00;monofasico
17500435125380;18.00;monofasico
17500435125489;25.00;monofasico
17500435154229;18.00;monofasico
17500435154267;25.00;monofasico
17500435169353;0.00;monofasico
17500435169377;0.00;monofasico
17500435169384;0.00;monofasico
17500435180426;18.00;real
17500435188224;0.00;monofasico
17500435196977;18.00;monofasico
17500435196991;25.00;monofasico
17500435198247;0.00;real
17500435199787;0.00;monofasico
17500435200308;0.00;monofasico
17500435203996;0.00;real
17500435209332;25.00;monofasico
17500435209349;18.00;monofasico
17500435215562;0.00;monofasico
17500435228999;12.00;monofasico
17500435232774;18.00;monofasico
17500435232781;25.00;monofasico
17500435233641;0.00;monofasico
17500435244616;0.00;real
17500435248133;18.00;monofasico
17500435248171;25.00;monofasico
17500435252192;18.00;real
17500435253595;0.00;monofasico
17500435259559;18.00;real
17500435260302;18.00;monofasico
17500435260326;25.00;monofasico
17500435260333;25.00;monofasico
17500435261224;0.00;monofasico
17506195143831;18.00;real
17506195143855;18.00;real
17506195143879;18.00;real
17506195167288;25.00;monofasico
17506306255651;18.00;presumido
17506306255668;18.00;presumido
17506306255675;18.00;presumido
17506309841813;25.00;monofasico
17506339329190;18.00;monofasico
17506339329213;18.00;monofasico
17702018874788;0.00;real
17702035833799;0.00;monofasico
17891000376734;0.00;real
17891000376772;0.00;real
17891000376857;0.00;real
17891000376895;0.00;real
17891000376932;0.00;real
17891000377144;0.00;real
17891010010697;0.00;monofasico
17891010015265;0.00;real
17891010025226;0.00;real
17891010027411;0.00;monofasico
17891010027664;0.00;monofasico
17891010027701;0.00;monofasico
17891010027718;0.00;monofasico
17891010031630;0.00;real
17891010032026;0.00;real
17891010032934;0.00;real
17891010035638;0.00;real
17891010245235;0.00;monofasico
17891010245242;0.00;monofasico
17891010247383;18.00;monofasico
17891010247390;18.00;monofasico
17891010247406;18.00;monofasico
17891010247420;18.00;monofasico
17891010247451;18.00;monofasico
17891010254152;0.00;real
17891010256057;0.00;monofasico
17891010256750;0.00;monofasico
17891010256781;0.00;monofasico
17891010256828;0.00;real
17891010257108;0.00;monofasico
17891010500112;0.00;monofasico
17891010518841;0.00;real
17891010576506;0.00;real
17891010578654;0.00;real
17891010580565;0.00;real
17891010580619;0.00;real
17891010604346;0.00;real
17891010607132;0.00;real
17891010694590;0.00;real
17891010697515;0.00;real
17891010870710;0.00;real
17891010870741;0.00;real
17891010871021;0.00;real
17891010871038;0.00;real
17891010973480;0.00;real
17891010974319;0.00;monofasico
17891010987777;0.00;monofasico
17891021006122;0.00;monofasico
17891024011840;18.00;monofasico
17891024014629;18.00;monofasico
17891024014650;18.00;monofasico
17891024014780;18.00;monofasico
17891024014803;0.00;monofasico
17891024015121;0.00;monofasico
17891024184506;12.00;monofasico
17891035002783;18.00;real
17891035002813;18.00;real
17891035002820;18.00;real
17891035040433;0.00;real
17891035041003;0.00;real
17891035210331;0.00;real
17891037010045;25.00;presumido
17891037169156;18.00;monofasico
17891055324070;4.00;monofasico
17891055324087;4.00;monofasico
17891055324315;12.00;monofasico
17891055439361;12.00;monofasico
17891055520014;12.00;real
17891055521516;12.00;real
17891055523619;4.00;real
17891055634001;12.00;monofasico
17891055674304;12.00;real
17891055674311;12.00;real
17891055674335;4.00;monofasico
17891055674373;4.00;real
17891055674380;4.00;real
17891055674564;12.00;monofasico
17891055674571;12.00;monofasico
17891055816094;4.00;monofasico
17891055816100;4.00;monofasico
17891055816230;12.00;monofasico
17891055816469;12.00;monofasico
17891055816490;12.00;monofasico
17891098040746;18.00;real
17891098040845;18.00;real
17891098040890;18.00;real
17891098041132;18.00;real
17891104393101;18.00;real
17891150028323;18.00;monofasico
17891150029580;25.00;presumido
17891150045481;0.00;presumido
17891150060347;0.00;presumido
17891150067179;18.00;presumido
17891150068558;18.00;presumido
17891150069449;0.00;monofasico
17891150069470;18.00;monofasico
17891150074580;18.00;monofasico
17891150078588;18.00;presumido
17891150083247;18.00;presumido
17891150084206;18.00;presumido
17891150085647;18.00;presumido
17891150085661;18.00;presumido
17891150091785;25.00;presumido
17891150094342;25.00;presumido
17891150094441;0.00;presumido
17891150095707;18.00;presumido
17891150095905;25.00;presumido
17891150097671;18.00;presumido
17891150099774;0.00;monofasico
17891150099880;25.00;presumido
17891150100357;25.00;presumido
17891150101668;25.00;presumido
17891150102771;25.00;presumido
17891150103709;25.00;presumido
17891172171656;0.00;real
17891172172103;12.00;real
17891172523318;18.00;real
17891172523325;18.00;real
17891172523431;18.00;monofasico
17891176117254;25.00;monofasico
17891176117346;18.00;monofasico
17891176117452;0.00;monofasico
17891176117476;18.00;monofasico
17891176117483;18.00;monofasico
17891176117490;0.00;monofasico
17891176117513;18.00;monofasico
17891176117568;18.00;monofasico
17891176117575;0.00;monofasico
17891176117605;18.00;monofasico
17891176117643;25.00;monofasico
17891176117933;18.00;monofasico
17891176117940;18.00;monofasico
17891176118084;18.00;real
17891200012579;18.00;real
17891350000099;12.00;monofasico
17891350000112;12.00;monofasico
17891350026617;12.00;monofasico
17891350026624;12.00;monofasico
17891350026631;12.00;monofasico
17891350032403;12.00;monofasico
17891350032694;12.00;monofasico
17891350032748;12.00;monofasico
17891350032854;12.00;monofasico
17891350032977;12.00;monofasico
17891350033417;12.00;monofasico
17891350033424;12.00;monofasico
17891350033431;12.00;monofasico
17891350033448;12.00;monofasico
17891350033455;12.00;monofasico
17891350033462;12.00;monofasico
17891350033479;12.00;monofasico
17891350033493;12.00;monofasico
17891350033509;12.00;monofasico
17891350033523;12.00;monofasico
17891350033530;12.00;monofasico
17891350033578;12.00;monofasico
17891350033653;12.00;monofasico
17891350033660;12.00;monofasico
17891350033677;12.00;monofasico
17891350033691;12.00;monofasico
17891350033714;12.00;monofasico
17891350033721;12.00;monofasico
17891350033899;12.00;monofasico
17891350033905;12.00;monofasico
17891350033912;12.00;monofasico
17891350034483;12.00;monofasico
17891350034513;12.00;monofasico
17891350034544;12.00;monofasico
17891350034551;12.00;monofasico
17891350034629;12.00;monofasico
17891350034636;12.00;monofasico
17891350034643;12.00;monofasico
17891350034841;12.00;monofasico
17891350034858;12.00;monofasico
17891350034865;12.00;monofasico
17891350034872;12.00;monofasico
17891350034926;12.00;monofasico
17891350034940;12.00;monofasico
17891350034957;12.00;monofasico
17891350036692;12.00;monofasico
17891350036708;12.00;monofasico
17891350036715;12.00;monofasico
17891350036739;12.00;monofasico
17891350037798;12.00;monofasico
17891350037804;12.00;monofasico
17891350038610;12.00;monofasico
17891350038627;12.00;monofasico
17891350038870;12.00;monofasico
17891350038887;12.00;monofasico
17891350038894;12.00;monofasico
17891350038900;12.00;monofasico
17891350038917;12.00;monofasico
17891350038924;12.00;monofasico
17891350038948;12.00;monofasico
17891350038955;12.00;monofasico
17891350038962;12.00;monofasico
17891350039952;12.00;monofasico
17891350039969;12.00;monofasico
17891350039976;12.00;monofasico
17891350039983;12.00;monofasico
17891350039990;12.00;monofasico
17891350040002;12.00;monofasico
17891350040019;12.00;monofasico
17891350040026;12.00;monofasico
17891350040781;12.00;real
17891350040842;12.00;real
17891350041146;12.00;monofasico
17891350041153;12.00;monofasico
17891350041160;12.00;monofasico
17891350041177;12.00;monofasico
17891350041184;12.00;monofasico
17891350041405;12.00;monofasico
17891350041412;12.00;monofasico
17891350045656;12.00;monofasico
17891350045663;12.00;monofasico
17891350045670;12.00;monofasico
17891350045687;12.00;monofasico
17891350045717;12.00;monofasico
17891350045724;12.00;monofasico
17891350045731;12.00;monofasico
17891350047889;12.00;monofasico
17891350047896;12.00;monofasico
17891350047902;12.00;monofasico
17891350048893;12.00;monofasico
17891350048909;12.00;monofasico
17891350048916;12.00;monofasico
17891350048923;12.00;monofasico
17891360585364;18.00;real
17891962027415;12.00;real
17892840817432;0.00;real
17892840817456;0.00;real
17892840822047;0.00;real
17892940000017;12.00;monofasico
17892940000031;12.00;monofasico
17893300521029;25.00;monofasico
17893300521081;25.00;monofasico
17893300521142;25.00;monofasico
17893300521166;25.00;monofasico
17894650014209;18.00;real
17894650014216;18.00;real
17894900010395;18.00;real
17894900500001;0.00;real
17894900501008;0.00;real
17894900503002;0.00;real
17894900504009;0.00;real
17894900530008;18.00;monofasico
17894900530039;18.00;monofasico
17894900531005;18.00;monofasico
17894900531012;0.00;monofasico
17894900550051;18.00;real
17894900556053;18.00;real
17894900660262;18.00;real
17894900660330;18.00;real
17894900666509;18.00;real
17894900681069;18.00;real
17894900700395;18.00;real
17896002311820;0.00;real
17896002311837;0.00;real
17896002311844;0.00;real
17896002362419;0.00;real
17896002362433;0.00;real
17896002363256;0.00;real
17896004006236;18.00;real
17896004006274;18.00;real
17896004006281;18.00;real
17896004006908;18.00;real
17896007541864;18.00;real
17896007541871;18.00;real
17896007542489;18.00;real
17896007542861;18.00;real
17896007542878;18.00;real
17896007544049;18.00;real
17896007544056;18.00;real
17896007545091;18.00;real
17896007546029;18.00;real
17896007550897;18.00;real
17896007553201;18.00;presumido
17896007553218;18.00;presumido
17896007553225;18.00;presumido
17896007553232;18.00;presumido
17896007553249;18.00;presumido
17896007553256;18.00;presumido
17896007553270;18.00;presumido
17896012879969;12.00;real
17896012879983;12.00;real
17896012879990;12.00;real
17896012880002;12.00;real
17896012880439;18.00;real
17896012880446;18.00;real
17896012880453;18.00;real
17896012880460;18.00;real
17896012880477;18.00;real
17896012881870;18.00;real
17896013500565;12.00;monofasico
17896013500589;12.00;monofasico
17896013500640;12.00;monofasico
17896013500732;12.00;monofasico
17896013500862;12.00;monofasico
17896013500893;12.00;monofasico
17896013501029;12.00;monofasico
17896013501036;12.00;monofasico
17896013501234;12.00;monofasico
17896013501241;12.00;monofasico
17896013501272;12.00;monofasico
17896013501302;12.00;monofasico
17896013501678;12.00;monofasico
17896013502118;12.00;monofasico
17896013502279;12.00;monofasico
17896013502309;12.00;monofasico
17896013502316;12.00;monofasico
17896013502613;12.00;monofasico
17896013502644;12.00;monofasico
17896013503337;12.00;monofasico
17896013503719;12.00;monofasico
17896013503856;12.00;monofasico
17896013503955;12.00;monofasico
17896013504518;12.00;monofasico
17896013504853;12.00;monofasico
17896013505041;12.00;monofasico
17896013505515;12.00;monofasico
17896013505584;12.00;monofasico
17896013505591;12.00;monofasico
17896013506284;12.00;monofasico
17896013506291;12.00;monofasico
17896013506307;12.00;monofasico
17896013506314;12.00;monofasico
17896013506321;12.00;monofasico
17896013506499;12.00;monofasico
17896013506505;12.00;monofasico
17896013506680;12.00;monofasico
17896013506697;12.00;monofasico
17896013506949;12.00;monofasico
17896013506970;12.00;monofasico
17896013507069;12.00;monofasico
17896013507083;12.00;monofasico
17896013507090;12.00;monofasico
17896013507106;12.00;monofasico
17896013507113;12.00;monofasico
17896013507120;12.00;monofasico
17896013507236;12.00;monofasico
17896013507298;12.00;monofasico
17896013507304;12.00;monofasico
17896013507328;12.00;monofasico
17896013507441;12.00;monofasico
17896013507458;12.00;monofasico
17896013507489;12.00;monofasico
17896013507557;12.00;monofasico
17896013507564;12.00;monofasico
17896013507649;12.00;monofasico
17896013507670;12.00;monofasico
17896013508370;12.00;monofasico
17896013508417;12.00;monofasico
17896013508424;12.00;monofasico
17896013508462;12.00;monofasico
17896013508530;12.00;monofasico
17896013508875;12.00;monofasico
17896013509605;12.00;monofasico
17896013510076;12.00;monofasico
17896013510564;12.00;monofasico
17896013511097;12.00;monofasico
17896013511417;12.00;monofasico
17896013511653;12.00;monofasico
17896013512032;12.00;monofasico
17896013512773;12.00;monofasico
17896013513923;12.00;monofasico
17896013514456;12.00;monofasico
17896013514463;12.00;monofasico
17896013514814;12.00;monofasico
17896013515019;12.00;monofasico
17896013516788;12.00;monofasico
17896013516795;12.00;monofasico
17896013517501;12.00;monofasico
17896013529375;12.00;monofasico
17896013536991;12.00;monofasico
17896013539145;12.00;monofasico
17896013539152;12.00;monofasico
17896013540714;12.00;monofasico
17896013543654;12.00;monofasico
17896013544095;12.00;monofasico
17896013544101;12.00;monofasico
17896013544125;12.00;monofasico
17896013544149;12.00;monofasico
17896013544156;12.00;monofasico
17896013544170;12.00;monofasico
17896013544194;12.00;monofasico
17896013544200;12.00;monofasico
17896013544217;12.00;monofasico
17896013544248;12.00;monofasico
17896013544286;12.00;monofasico
17896013544293;12.00;monofasico
17896013544316;12.00;monofasico
17896013544392;12.00;monofasico
17896013544514;12.00;monofasico
17896013545009;12.00;monofasico
17896013547621;12.00;monofasico
17896013547805;12.00;monofasico
17896013548451;12.00;monofasico
17896013548482;12.00;monofasico
17896013549007;12.00;monofasico
17896013549557;12.00;monofasico
17896013549601;12.00;monofasico
17896013550744;12.00;monofasico
17896013552205;12.00;monofasico
17896013553028;12.00;monofasico
17896013553035;12.00;monofasico
17896013555688;12.00;monofasico
17896013556463;12.00;monofasico
17896013557132;12.00;monofasico
17896013557156;12.00;monofasico
17896013557453;12.00;monofasico
17896013558061;12.00;monofasico
17896013558085;12.00;monofasico
17896013558481;12.00;monofasico
17896013562297;12.00;monofasico
17896013562563;12.00;monofasico
17896013562631;12.00;monofasico
17896013562686;12.00;monofasico
17896013562921;12.00;monofasico
17896013562945;12.00;monofasico
17896013563812;12.00;monofasico
17896013563829;12.00;monofasico
17896013563836;12.00;monofasico
17896013564802;12.00;monofasico
17896013565991;12.00;monofasico
17896013566011;12.00;monofasico
17896013566028;12.00;monofasico
17896013566189;12.00;monofasico
17896013566257;12.00;monofasico
17896013567094;12.00;monofasico
17896013567148;12.00;monofasico
17896013567438;12.00;monofasico
17896013568527;12.00;monofasico
17896013568534;12.00;monofasico
17896013569753;12.00;monofasico
17896013569791;12.00;monofasico
17896018700656;18.00;monofasico
17896018700717;18.00;monofasico
17896018703626;18.00;monofasico
17896020160073;18.00;monofasico
17896020160127;18.00;monofasico
17896020160158;18.00;monofasico
17896020160172;18.00;monofasico
17896020163708;18.00;monofasico
17896021622594;0.00;real
17896021622761;18.00;real
17896021622778;18.00;real
17896021623485;18.00;real
17896021623492;18.00;real
17896021625373;0.00;real
17896021625397;0.00;real
17896021625632;0.00;real
17896021625649;0.00;real
17896021625731;0.00;real
17896021625762;0.00;real
17896021626530;18.00;real
17896021626660;18.00;real
17896021626684;18.00;real
17896021626967;0.00;real
17896021626974;0.00;real
17896021627001;0.00;real
17896021627018;0.00;real
17896021627049;0.00;real
17896021627100;18.00;real
17896021627117;18.00;real
17896021627124;18.00;real
17896021627131;18.00;real
17896021627339;18.00;real
17896021627940;0.00;real
17896021627964;0.00;real
17896021628008;18.00;real
17896021628275;0.00;real
17896021628299;0.00;real
17896035691166;18.00;real
17896039010116;18.00;real
17896039010215;18.00;real
17896044900068;12.00;monofasico
17896044900082;12.00;monofasico
17896044900099;12.00;monofasico
17896044900105;12.00;monofasico
17896044900112;12.00;monofasico
17896044900129;12.00;monofasico
17896044900136;12.00;monofasico
17896044900174;12.00;monofasico
17896044900365;12.00;monofasico
17896044900488;12.00;monofasico
17896044900495;12.00;monofasico
17896044900501;12.00;monofasico
17896044900518;12.00;monofasico
17896044900525;12.00;monofasico
17896044900532;12.00;monofasico
17896044900549;12.00;monofasico
17896044900556;12.00;monofasico
17896044900570;12.00;monofasico
17896044900587;12.00;monofasico
17896044900648;12.00;monofasico
17896044900655;12.00;monofasico
17896044900723;12.00;monofasico
17896044900747;12.00;monofasico
17896044900846;12.00;monofasico
17896044900853;12.00;monofasico
17896044901638;12.00;monofasico
17896044901645;12.00;monofasico
17896044901652;12.00;monofasico
17896044926471;12.00;monofasico
17896044926488;12.00;monofasico
17896044936913;0.00;monofasico
17896044936920;0.00;monofasico
17896044937217;12.00;monofasico
17896044942006;0.00;monofasico
17896044942105;12.00;monofasico
17896044952692;12.00;monofasico
17896044952708;12.00;monofasico
17896044952791;0.00;monofasico
17896044954528;12.00;monofasico
17896044954535;12.00;monofasico
17896044954542;12.00;monofasico
17896044954559;12.00;monofasico
17896044954573;12.00;monofasico
17896044954894;12.00;monofasico
17896044954900;12.00;monofasico
17896044954979;12.00;monofasico
17896044954986;12.00;monofasico
17896044954993;12.00;monofasico
17896044955808;12.00;monofasico
17896044955815;12.00;monofasico
17896044955839;12.00;monofasico
17896044955846;12.00;monofasico
17896044955853;12.00;monofasico
17896044956409;12.00;monofasico
17896044956416;18.00;real
17896044956461;12.00;monofasico
17896044956485;12.00;monofasico
17896044956522;18.00;real
17896044959967;12.00;monofasico
17896044962295;12.00;monofasico
17896044963483;12.00;real
17896044963506;18.00;real
17896044963537;12.00;monofasico
17896044963551;12.00;monofasico
17896044965289;12.00;monofasico
17896044994289;12.00;monofasico
17896044994326;12.00;monofasico
17896044994784;12.00;monofasico
17896044994791;12.00;monofasico
17896044994807;12.00;monofasico
17896044995736;0.00;monofasico
17896044995774;12.00;monofasico
17896044995941;12.00;monofasico
17896044995958;12.00;monofasico
17896044996535;12.00;monofasico
17896044996825;12.00;monofasico
17896044997174;12.00;monofasico
17896044997198;12.00;monofasico
17896044997204;12.00;monofasico
17896044997211;12.00;monofasico
17896044997228;12.00;monofasico
17896044997273;12.00;monofasico
17896044997525;12.00;monofasico
17896044997587;12.00;monofasico
17896044998119;12.00;monofasico
17896044998379;12.00;monofasico
17896044998409;12.00;monofasico
17896044998614;18.00;real
17896044998720;12.00;monofasico
17896044998737;12.00;monofasico
17896044998782;12.00;monofasico
17896044998799;12.00;monofasico
17896044998805;12.00;monofasico
17896044999543;12.00;real
17896044999550;12.00;real
17896044999611;12.00;monofasico
17896044999901;12.00;monofasico
17896044999918;12.00;monofasico
17896044999925;12.00;monofasico
17896044999932;12.00;monofasico
17896044999949;12.00;monofasico
17896044999956;12.00;monofasico
17896049501512;18.00;monofasico
17896049501529;18.00;monofasico
17896049501536;18.00;monofasico
17896049501543;18.00;monofasico
17896049501550;18.00;monofasico
17896049501567;18.00;monofasico
17896049501574;18.00;monofasico
17896049501581;18.00;monofasico
17896049501598;18.00;monofasico
17896049501604;18.00;monofasico
17896049501628;18.00;monofasico
17896049501635;18.00;monofasico
17896049501642;18.00;monofasico
17896049501659;18.00;monofasico
17896049501666;18.00;monofasico
17896049501673;18.00;monofasico
17896049501680;18.00;monofasico
17896049501697;18.00;monofasico
17896049501703;18.00;monofasico
17896049504711;18.00;monofasico
17896049504728;18.00;monofasico
17896049504735;18.00;monofasico
17896049504742;18.00;monofasico
17896049508115;18.00;monofasico
17896049508122;18.00;monofasico
17896049508214;18.00;monofasico
17896049508221;18.00;monofasico
17896049508504;18.00;monofasico
17896049508511;18.00;monofasico
17896049508528;18.00;monofasico
17896049508535;18.00;monofasico
17896049508542;18.00;monofasico
17896049508627;18.00;monofasico
17896049508719;18.00;monofasico
17896049508726;18.00;monofasico
17896049508733;18.00;monofasico
17896049508740;18.00;monofasico
17896049508757;18.00;monofasico
17896049508764;18.00;monofasico
17896049508771;18.00;monofasico
17896049509921;18.00;monofasico
17896049509938;18.00;monofasico
17896049509945;18.00;monofasico
17896049509952;18.00;monofasico
17896049524702;18.00;monofasico
17896049524719;18.00;monofasico
17896049524726;18.00;monofasico
17896049524733;18.00;monofasico
17896049525723;18.00;monofasico
17896049525747;18.00;monofasico
17896049526157;18.00;monofasico
17896049526164;18.00;monofasico
17896049526171;0.00;monofasico
17896049526188;18.00;monofasico
17896049526195;18.00;monofasico
17896049526218;18.00;monofasico
17896049526225;18.00;monofasico
17896049526232;18.00;monofasico
17896049527765;18.00;monofasico
17896049527772;18.00;monofasico
17896049527789;18.00;monofasico
17896049527796;18.00;monofasico
17896049527802;18.00;monofasico
17896049528229;18.00;monofasico
17896049528274;18.00;monofasico
17896049528281;18.00;monofasico
17896049528298;18.00;monofasico
17896049528304;18.00;monofasico
17896049528403;18.00;monofasico
17896049528410;18.00;monofasico
17896049528502;18.00;monofasico
17896049528519;18.00;monofasico
17896049528526;18.00;monofasico
17896049528533;18.00;monofasico
17896049528564;18.00;monofasico
17896049528571;18.00;monofasico
17896049528595;18.00;monofasico
17896049528601;18.00;monofasico
17896049528731;18.00;monofasico
17896049540016;18.00;monofasico
17896049540023;18.00;monofasico
17896049540047;0.00;monofasico
17896061995467;18.00;real
17896061995474;0.00;real
17896061995900;18.00;real
17896061995917;18.00;real
17896061995924;18.00;real
17896085111003;18.00;monofasico
17896089012016;0.00;monofasico
17896090404381;18.00;monofasico
17896090404398;18.00;monofasico
17896090612120;12.00;monofasico
17896090700308;0.00;monofasico
17896090700421;25.00;monofasico
17896090700438;25.00;monofasico
17896090700469;0.00;monofasico
17896094906027;18.00;real
17896094906621;18.00;real
17896094907871;12.00;monofasico
17896094910901;18.00;real
17896094910956;18.00;real
17896094914077;18.00;real
17896094914947;12.00;monofasico
17896094915043;18.00;real
17896094919850;18.00;real
17896094921105;12.00;monofasico
17896094921112;12.00;monofasico
17896098200022;18.00;real
17896098200084;25.00;real
17896098200121;25.00;real
17896098200138;25.00;real
17896098200169;18.00;real
17896098200275;18.00;real
17896098908003;18.00;presumido
17896108560320;12.00;monofasico
17896108560351;12.00;monofasico
17896108560405;12.00;monofasico
17896108560436;12.00;monofasico
17896108560443;12.00;monofasico
17896108560450;12.00;monofasico
17896108566162;12.00;monofasico
17896108569453;12.00;monofasico
17896108569460;12.00;monofasico
17896108569484;12.00;monofasico
17896108569538;12.00;monofasico
17896108569545;12.00;monofasico
17896108569576;12.00;monofasico
17896108569583;12.00;monofasico
17896108569613;12.00;monofasico
17896108569620;12.00;monofasico
17896108569651;12.00;monofasico
17896108569668;12.00;monofasico
17896108569699;12.00;monofasico
17896108569705;12.00;monofasico
17896108569712;12.00;monofasico
17896108571456;12.00;monofasico
17896108571463;12.00;monofasico
17896108571470;12.00;monofasico
17896108571494;12.00;monofasico
17896114312760;4.00;monofasico
17896114312784;4.00;monofasico
17896114312838;4.00;real
17896114312845;4.00;real
17896114312876;4.00;real
17896114312883;4.00;real
17896114313002;4.00;real
17896114313040;4.00;real
17896114313132;4.00;real
17896114313194;4.00;real
17896114313217;4.00;real
17896213306219;18.00;real
17896213306226;18.00;real
17896213306790;25.00;real
17896213313842;25.00;real
17896213316843;25.00;real
17896213316867;25.00;real
17896213316881;25.00;real
17896213316904;25.00;real
17896213316966;25.00;real
17896213316980;25.00;real
17896213317048;25.00;real
17896213317062;25.00;real
17896213317871;25.00;real
17896213317932;25.00;real
17896213317994;25.00;real
17896213319530;25.00;real
17896213319547;25.00;real
17896213319554;18.00;presumido
17896213319813;25.00;real
17896213319851;25.00;real
17896224401019;18.00;real
17896224401132;12.00;real
17896224409336;18.00;real
17896224412664;18.00;real
17896235353116;12.00;real
17896235353123;12.00;real
17896235353154;12.00;real
17896235353178;12.00;real
17896235353185;12.00;real
17896235353222;12.00;monofasico
17896235353246;12.00;monofasico
17896235353253;12.00;monofasico
17896235353260;12.00;monofasico
17896235353277;12.00;monofasico
17896235353284;12.00;monofasico
17896235353291;12.00;monofasico
17896235353314;12.00;monofasico
17896235353901;12.00;monofasico
17896235353918;12.00;monofasico
17896235353932;12.00;monofasico
17896235353970;12.00;real
17896235353987;12.00;real
17896235353994;12.00;real
17896235354007;12.00;real
17896235354014;12.00;monofasico
17896235354021;12.00;monofasico
17896235354038;12.00;monofasico
17896235354045;12.00;monofasico
17896235354052;12.00;monofasico
17896235354069;12.00;monofasico
17896235354076;12.00;monofasico
17896235354083;12.00;monofasico
17896235354090;12.00;monofasico
17896235354106;12.00;monofasico
17896235354120;12.00;monofasico
17896235354137;12.00;monofasico
17896235354144;12.00;monofasico
17896235354151;12.00;monofasico
17896235354175;12.00;monofasico
17896235354182;12.00;monofasico
17896235354199;12.00;monofasico
17896235354205;12.00;monofasico
17896235354212;12.00;monofasico
17896235354229;12.00;monofasico
17896235354250;12.00;real
17896235354267;12.00;real
17896235354274;12.00;real
17896235354281;12.00;real
17896235354298;12.00;monofasico
17896235354304;12.00;monofasico
17896235354342;12.00;real
17896235354359;12.00;monofasico
17896235354366;12.00;real
17896235354380;12.00;real
17896235354397;12.00;monofasico
17896235354472;12.00;monofasico
17896235354489;12.00;monofasico
17896235354496;12.00;monofasico
17896235354502;12.00;monofasico
17896235354519;12.00;monofasico
17896235354557;12.00;monofasico
17896235354632;12.00;monofasico
17896235354663;12.00;real
17896235354670;12.00;real
17896235354687;12.00;real
17896235354694;12.00;real
17896235354700;12.00;real
17896235354717;12.00;real
17896235354724;12.00;monofasico
17896235354762;12.00;monofasico
17896235354793;12.00;monofasico
17896235354823;12.00;monofasico
17896235354826;12.00;monofasico
17896235354830;12.00;monofasico
17896235354885;12.00;monofasico
17896235354892;12.00;monofasico
17896235354908;12.00;monofasico
17896235354946;12.00;monofasico
17896235355011;12.00;monofasico
17896235355028;12.00;monofasico
17896235355035;12.00;monofasico
17896235355103;12.00;monofasico
17896235355264;12.00;real
17896235355271;12.00;real
17896336015944;18.00;real
17896336016408;18.00;real
17896423438700;0.00;presumido
17896423469827;0.00;presumido
17896423470694;0.00;presumido
17896512914221;0.00;monofasico
17896512919875;0.00;monofasico
17896512921366;0.00;monofasico
17896512973778;0.00;monofasico
17896714292929;18.00;monofasico
17896714292936;18.00;monofasico
17896806700042;12.00;monofasico
17896916782266;18.00;monofasico
17896916782273;25.00;monofasico
17896916782334;18.00;monofasico
17896916782341;25.00;monofasico
17897000800545;18.00;real
17897000800811;18.00;real
17897042004901;12.00;monofasico
17897042004949;12.00;monofasico
17897042004963;12.00;monofasico
17897042005021;12.00;monofasico
17897042005045;12.00;monofasico
17897042005069;12.00;monofasico
17897042006028;12.00;monofasico
17897042007063;12.00;monofasico
17897042007223;12.00;monofasico
17897042008404;12.00;monofasico
17897042008824;12.00;monofasico
17897042009128;12.00;monofasico
17897042010711;12.00;monofasico
17897042010728;12.00;monofasico
17897042010971;12.00;monofasico
17897042012180;12.00;monofasico
17897042012319;12.00;monofasico
17897042012326;12.00;monofasico
17897042012470;12.00;monofasico
17897042012722;12.00;monofasico
17897042012739;12.00;monofasico
17897042012807;12.00;monofasico
17897042013187;12.00;monofasico
17897042013224;12.00;monofasico
17897042013910;12.00;monofasico
17897042016270;12.00;monofasico
17897042016294;12.00;monofasico
17897042016300;12.00;monofasico
17897042016904;12.00;monofasico
17897042017789;12.00;monofasico
17897042017802;12.00;monofasico
17897042017819;12.00;monofasico
17897042017826;12.00;monofasico
17897042018090;12.00;monofasico
17897042018168;12.00;monofasico
17897042018205;12.00;monofasico
17897042018274;12.00;monofasico
17897042019301;12.00;monofasico
17897042019318;12.00;monofasico
17897042019325;12.00;monofasico
17897042020123;12.00;monofasico
17897042020130;12.00;monofasico
17897042020154;12.00;monofasico
17897042020161;12.00;monofasico
17897042020178;12.00;monofasico
17897042020185;12.00;monofasico
17897042020192;12.00;monofasico
17897042020208;12.00;monofasico
17897042020215;12.00;monofasico
17897042020222;12.00;monofasico
17897042020239;12.00;monofasico
17897042020246;12.00;monofasico
17897042020253;12.00;monofasico
17897042020260;12.00;monofasico
17897042020277;12.00;monofasico
17897042020284;12.00;monofasico
17897042020291;12.00;monofasico
17897042020314;12.00;monofasico
17897042020321;12.00;monofasico
17897042020338;12.00;monofasico
17897042020345;12.00;monofasico
17897042020352;12.00;monofasico
17897042020369;12.00;monofasico
17897042020680;12.00;monofasico
17897042020697;12.00;monofasico
17897042020727;12.00;monofasico
17897042020734;12.00;monofasico
17897042020741;12.00;monofasico
17897042020758;12.00;monofasico
17897042020963;12.00;monofasico
17897042020970;12.00;monofasico
17897042020987;12.00;monofasico
17897042020994;12.00;monofasico
17897042021007;12.00;monofasico
17897042021298;12.00;monofasico
17897042021304;12.00;monofasico
17897042021311;12.00;monofasico
17897042021328;12.00;monofasico
17897042021335;12.00;monofasico
17897042021717;12.00;monofasico
17897042021724;12.00;monofasico
17897042021731;12.00;monofasico
17897042022493;12.00;monofasico
17897042022929;12.00;monofasico
17897042022936;12.00;monofasico
17897042022943;12.00;monofasico
17897147500902;18.00;real
17897664120102;18.00;real
17897664120126;0.00;real
17897664168210;18.00;monofasico
17897664168227;18.00;monofasico
17897664168234;18.00;monofasico
17897664168258;25.00;monofasico
17897664168265;25.00;monofasico
17897664169422;18.00;monofasico
17897664169682;25.00;monofasico
17897664169699;25.00;monofasico
17897664169798;25.00;monofasico
17897664169804;25.00;monofasico
17897744505683;25.00;monofasico
17898085940140;18.00;real
17898085940515;18.00;real
17898085940577;18.00;monofasico
17898128625287;18.00;presumido
17898128625294;18.00;presumido
17898128625300;18.00;presumido
17898197410302;0.00;presumido
17898197415598;18.00;monofasico
17898197415659;18.00;monofasico
17898197416267;0.00;monofasico
17898197416281;18.00;monofasico
17898197416298;18.00;monofasico
17898197419459;18.00;presumido
17898279790384;18.00;real
17898279790391;18.00;real
17898279790407;18.00;real
17898279790414;18.00;real
17898279790438;18.00;real
17898279790636;18.00;real
17898279790773;18.00;real
17898279794856;18.00;real
17898279795068;18.00;real
17898287710022;18.00;real
17898343700332;25.00;real
17898343700967;18.00;real
17898343701186;18.00;real
17898343701292;18.00;real
17898343701315;18.00;real
17898343701537;18.00;real
17898343701896;18.00;real
17898343701926;18.00;real
17898343702343;18.00;real
17898343705795;18.00;real
17898343705818;18.00;real
17898360980571;18.00;real
17898457571811;18.00;real
17898489512936;18.00;real
17898489520481;18.00;monofasico
17898489520498;18.00;monofasico
17898489521129;18.00;monofasico
17898489521136;18.00;monofasico
17898489521143;18.00;monofasico
17898489521365;18.00;monofasico
17898489521396;18.00;monofasico
17898489522072;18.00;real
17898489522089;18.00;real
17898489522096;18.00;real
17898506250032;18.00;presumido
17898506250056;18.00;presumido
17898506250193;18.00;presumido
17898506250421;18.00;presumido
17898506250902;18.00;presumido
17898506251046;18.00;presumido
17898506255969;18.00;presumido
17898506258090;18.00;presumido
17898506258168;18.00;presumido
17898506258175;18.00;presumido
17898506258410;18.00;presumido
17898506258694;18.00;presumido
17898506258700;18.00;presumido
17898506259349;18.00;presumido
17898546001700;4.00;real
17898546001717;4.00;real
17898546001724;4.00;real
17898546003957;12.00;real
17898546003971;12.00;real
17898546004404;4.00;real
17898546005463;4.00;real
17898546005487;4.00;real
17898546005555;4.00;real
17898546006330;4.00;real
17898546006347;4.00;real
17898546006354;4.00;real
17898546006361;4.00;real
17898546007269;4.00;real
17898546008389;4.00;real
17898546008396;4.00;real
17898546008402;4.00;real
17898546008624;4.00;real
17898546009966;4.00;real
17898546009973;4.00;monofasico
17898591451598;18.00;real
17898663110019;12.00;monofasico
17898663110026;12.00;monofasico
17898663110033;12.00;monofasico
17898663110248;12.00;monofasico
17898663110255;12.00;monofasico
17898663110958;12.00;monofasico
17898663110965;12.00;monofasico
17898663111009;12.00;real
17898663111016;12.00;real
17898663111023;12.00;real
17898663111030;12.00;monofasico
17898663111047;12.00;monofasico
17898663111054;12.00;monofasico
17898663111061;12.00;monofasico
17898663111139;12.00;monofasico
17898663111146;12.00;monofasico
17898663111153;12.00;monofasico
17898663111160;12.00;monofasico
17898663111184;12.00;monofasico
17898663111344;12.00;monofasico
17898663111351;12.00;monofasico
17898663111368;12.00;monofasico
17898663111436;12.00;monofasico
17898663111443;12.00;monofasico
17898663111450;12.00;monofasico
17898663111467;12.00;monofasico
17898663111474;12.00;monofasico
17898663111481;12.00;monofasico
17898663111511;12.00;monofasico
17898663111528;12.00;monofasico
17898663111535;12.00;monofasico
17898663111542;12.00;monofasico
17898663111559;12.00;monofasico
17898663111672;12.00;monofasico
17898663111689;12.00;monofasico
17898663111696;12.00;monofasico
17898663111702;12.00;monofasico
17898663111719;12.00;monofasico
17898663111726;12.00;monofasico
17898663111733;12.00;monofasico
17898663111740;12.00;monofasico
17898663111757;12.00;monofasico
17898663111764;12.00;monofasico
17898663111771;12.00;monofasico
17898663111788;12.00;monofasico
17898670904519;0.00;monofasico
17898772540004;18.00;real
17898904062688;18.00;real
17898905356564;18.00;monofasico
17898910095182;18.00;real
17898917671495;18.00;real
17898917671556;18.00;real
17898917671563;18.00;real
17898919411280;12.00;monofasico
17898919411907;12.00;monofasico
17898919411914;12.00;monofasico
17898919411938;12.00;monofasico
17898919412256;12.00;monofasico
17898919412263;12.00;monofasico
17898919412270;12.00;monofasico
17898919412287;12.00;monofasico
17898919412294;12.00;monofasico
17898919412300;12.00;monofasico
17898919412324;12.00;monofasico
17898919412331;12.00;monofasico
17898919412348;12.00;monofasico
17898919412379;12.00;monofasico
17898919412386;12.00;monofasico
17898928577533;18.00;real
17898930672431;18.00;real
17898938890004;0.00;real
17898962794163;18.00;monofasico
17898974215021;18.00;monofasico
17898974215427;18.00;monofasico
17899085357907;18.00;monofasico
17899583200286;18.00;presumido
17899583200347;18.00;presumido
17899583200354;18.00;presumido
17899583200361;18.00;presumido
17899583200507;18.00;presumido
17899583200514;18.00;presumido
17899583200538;18.00;presumido
17899583200545;18.00;presumido
17899583200972;18.00;presumido
17899583201115;18.00;presumido
17899583201603;18.00;presumido
17899583202549;18.00;presumido
17899583202839;18.00;presumido
17899583202914;18.00;presumido
17899583203010;18.00;presumido
17899583203034;18.00;presumido
17899583203263;18.00;presumido
17899583203669;18.00;presumido
17899583203713;18.00;presumido
17899583203737;18.00;presumido
17899583203751;18.00;presumido
17899583203782;18.00;presumido
17899583204116;18.00;presumido
17899583204819;18.00;presumido
17899583204895;18.00;presumido
17899583205564;18.00;presumido
17899583205748;18.00;presumido
17899583205755;18.00;presumido
17899583205823;18.00;presumido
17899652100103;18.00;presumido
17899652100141;18.00;presumido
17899652100219;18.00;presumido
17899652100370;18.00;presumido
17899652100394;18.00;presumido
17899652100400;18.00;presumido
17899652100424;18.00;presumido
17899652100448;18.00;presumido
17899652101063;18.00;presumido
17899652101094;18.00;presumido
17899652101100;18.00;presumido
17899652101162;18.00;presumido
17899652101209;18.00;presumido
17899652101421;18.00;presumido
17899652101773;18.00;presumido
17899652101872;18.00;presumido
17899652101889;18.00;presumido
17899652101896;18.00;presumido
17899652102008;18.00;presumido
17899652102015;18.00;presumido
17899652102022;18.00;presumido
17899652102039;18.00;presumido
17899652102046;18.00;presumido
17899652102053;18.00;presumido
17899652102114;18.00;presumido
17899652102121;18.00;presumido
17899652102138;18.00;presumido
17899652102145;18.00;presumido
17899652102152;18.00;presumido
17899652102169;18.00;presumido
17899652102251;18.00;presumido
17899652102268;18.00;presumido
17899652102275;18.00;presumido
17899652102282;18.00;presumido
17899652102312;18.00;presumido
17899652102329;18.00;presumido
17899652102343;18.00;presumido
17899652102350;18.00;presumido
17899652102367;18.00;presumido
17899652102398;18.00;presumido
17899652102404;18.00;presumido
17899652102466;18.00;presumido
17899652102473;18.00;presumido
17899652102480;18.00;presumido
17899652102497;18.00;presumido
17899652102503;18.00;presumido
17899652102510;18.00;presumido
17899652102534;18.00;presumido
17899652102541;18.00;presumido
17899652102558;18.00;presumido
17899652102565;18.00;presumido
17899652102589;18.00;presumido
17899652102596;18.00;presumido
17899652102602;18.00;presumido
17899652102619;18.00;presumido
17899652102626;18.00;presumido
17899652102633;18.00;presumido
17899652102640;18.00;presumido
17899652102657;18.00;presumido
17899652102664;18.00;presumido
17899652102671;18.00;presumido
17899652102688;18.00;presumido
17899652102695;18.00;presumido
17899808850777;18.00;real
17899808851675;18.00;real
17908215503906;18.00;real
17908228805158;18.00;real
17908228808777;18.00;real
17908228809460;18.00;real
17908324400127;18.00;monofasico
17908324400844;18.00;monofasico
17908324400868;18.00;monofasico
17908324400875;18.00;monofasico
17908324401148;18.00;monofasico
17908324401155;18.00;monofasico
17908324401162;18.00;monofasico
17908324401209;18.00;monofasico
17908324401438;18.00;monofasico
17908324401445;18.00;monofasico
17908324401452;18.00;monofasico
17908324401612;18.00;monofasico
17908324402367;18.00;monofasico
17908324402381;18.00;monofasico
17908324402404;18.00;monofasico
17908324402411;18.00;monofasico
17908324402497;25.00;monofasico
17908324402534;25.00;monofasico
17908324402541;0.00;real
17908324402558;18.00;real
17908324402893;18.00;real
17908324402916;18.00;real
17908324403807;0.00;monofasico
17908324403982;18.00;monofasico
17908324403999;18.00;monofasico
17908324404002;18.00;monofasico
17908324404019;18.00;monofasico
17908324404026;18.00;monofasico
17908324404057;25.00;monofasico
17908324404071;18.00;monofasico
17908324404088;25.00;monofasico
17908324404095;25.00;monofasico
17908324404101;25.00;monofasico
17908324404125;25.00;monofasico
17908324404132;25.00;monofasico
17908324404163;0.00;monofasico
17908324404231;25.00;monofasico
17908324404248;0.00;monofasico
17908324404279;18.00;monofasico
17908324404286;25.00;monofasico
17908324404330;18.00;monofasico
17908324404347;25.00;monofasico
17908324404354;25.00;monofasico
17908324404361;25.00;monofasico
17908324404392;18.00;monofasico
17908324404408;18.00;monofasico
17908324404415;18.00;monofasico
17908324404446;18.00;monofasico
17908324404460;18.00;monofasico
17908324404477;25.00;monofasico
17908324404484;25.00;monofasico
17908324404491;25.00;monofasico
17908324404606;25.00;monofasico
17908324404613;25.00;monofasico
17908324404620;25.00;monofasico
17908324404743;18.00;monofasico
17908324404750;18.00;monofasico
17908324404767;18.00;monofasico
17908324404781;18.00;monofasico
17908324404804;18.00;monofasico
17908324404811;18.00;monofasico
17908324404880;18.00;monofasico
17908324405092;25.00;monofasico
17908324405108;0.00;monofasico
17908324405115;25.00;monofasico
17908324405122;18.00;monofasico
17908324405139;25.00;monofasico
17908324405146;18.00;monofasico
17908324405153;25.00;monofasico
17908324405160;25.00;monofasico
17908324405474;25.00;monofasico
17908324405542;0.00;monofasico
17908324405573;18.00;monofasico
17908324405580;18.00;monofasico
17908324405597;0.00;monofasico
17908324405603;25.00;monofasico
17908324405672;18.00;monofasico
17908324406167;18.00;monofasico
17908324406181;25.00;monofasico
17908324406198;25.00;monofasico
17908324406389;25.00;monofasico
17908324406396;18.00;monofasico
17908324406723;25.00;monofasico
17908324407041;18.00;monofasico
17908324407058;0.00;monofasico
17908324407065;0.00;monofasico
17908324407072;0.00;monofasico
17908324407089;0.00;monofasico
17908324407096;25.00;monofasico
17908324407102;25.00;monofasico
17908324407119;25.00;monofasico
17908324407522;25.00;monofasico
17908324407539;0.00;monofasico
17908324407553;25.00;monofasico
17908324407638;25.00;monofasico
17908324408215;18.00;monofasico
17908324408222;18.00;monofasico
17908324408246;25.00;monofasico
17908324408253;0.00;monofasico
17908324408277;18.00;monofasico
17908324408550;25.00;monofasico
17908324408642;25.00;monofasico
17908324408659;25.00;monofasico
17908324408666;25.00;monofasico
17908324408697;25.00;monofasico
17908324408703;18.00;monofasico
17908324408727;25.00;monofasico
17908324408734;18.00;monofasico
17908324408741;0.00;monofasico
17908324408758;18.00;monofasico
17908324408765;25.00;monofasico
17908324408772;25.00;monofasico
17908324408789;25.00;monofasico
17908324409502;18.00;monofasico
17908324409526;25.00;monofasico
17908324409533;25.00;monofasico
17908324409564;25.00;monofasico
17908324409571;25.00;monofasico
17908324409748;25.00;monofasico
17908324409755;18.00;monofasico
17908324409762;25.00;monofasico
17908324409779;25.00;monofasico
17908324409786;25.00;monofasico
17908324409847;0.00;monofasico
17908324409854;0.00;monofasico
17908324409861;0.00;monofasico
17908324409878;25.00;monofasico
17908324409885;0.00;monofasico
17908324409892;0.00;monofasico
17908324409953;25.00;monofasico
17908324409960;25.00;monofasico
17908324409977;25.00;monofasico
17908324410034;0.00;monofasico
17908324410379;12.00;real
17908324410607;25.00;monofasico
17908324410614;25.00;monofasico
17908324410621;25.00;monofasico
17908324410645;18.00;real
17908507701188;18.00;monofasico
17908507701553;18.00;monofasico
17908507701591;18.00;monofasico
17908507701812;18.00;monofasico
17908507701843;18.00;monofasico
17908507701898;18.00;monofasico
17908507703137;18.00;monofasico
17908507704387;18.00;monofasico
17908507704592;18.00;monofasico
17908507705452;18.00;monofasico
17908507705469;18.00;monofasico
17908507705520;18.00;monofasico
17908507705544;18.00;monofasico
17908507705551;18.00;monofasico
17908507705698;18.00;monofasico
17908507705704;18.00;monofasico
17908507720981;18.00;monofasico
17908507724095;18.00;monofasico
17908507724170;18.00;monofasico
17908507724194;18.00;monofasico
17908507724217;18.00;monofasico
17908507724231;18.00;monofasico
17908507725719;18.00;monofasico
17908507733189;0.00;monofasico
17908507737101;18.00;monofasico
17908507737538;0.00;monofasico
17908507737545;18.00;monofasico
17908507737552;0.00;monofasico
17908507744369;18.00;monofasico
17908507746653;18.00;monofasico
17908507749395;18.00;monofasico
17908507749432;18.00;monofasico
17908507749456;18.00;monofasico
17908507749470;18.00;monofasico
17908507752142;0.00;monofasico
17908507759554;18.00;monofasico
17908542630283;0.00;monofasico
17908782500254;18.00;monofasico
17908840300291;4.00;real
17908840300307;4.00;real
17908840300314;4.00;real
17908840300321;4.00;real
17908840300574;4.00;real
17908840300598;4.00;real
17908840300604;4.00;real
17908840300611;4.00;real
17908840300628;4.00;real
17908840300642;4.00;real
17908840300659;4.00;real
17908840300666;4.00;real
17908840300703;4.00;real
17908840300710;4.00;real
17908840300727;4.00;real
17908840300734;4.00;real
17908840300741;4.00;real
17908840300772;4.00;real
17908840300789;4.00;real
17908840300796;4.00;real
17909107701233;0.00;monofasico
198155495441;12.00;real
199251460845;12.00;real
20000075058849;18.00;monofasico
20000075058856;18.00;monofasico
20000075062839;18.00;presumido
20000075062846;18.00;presumido
20000075076706;18.00;presumido
20000075076713;18.00;presumido
20000075076812;18.00;presumido
20000075076829;18.00;monofasico
20000075076874;18.00;monofasico
20000075078823;18.00;presumido
20000075078830;18.00;presumido
20000075082837;18.00;presumido
20000075082844;18.00;presumido
20000075082868;18.00;presumido
20000075082875;18.00;presumido
20000078923403;18.00;monofasico
20000078924332;18.00;monofasico
20000078924356;18.00;monofasico
20000078924462;18.00;monofasico
20000078925476;18.00;monofasico
20000078928514;18.00;monofasico
20000078929382;18.00;monofasico
20000078929399;18.00;monofasico
20000078930784;18.00;monofasico
20000078935062;18.00;monofasico
20000078944835;18.00;monofasico
20000789219932;18.00;monofasico
20012977;0.00;monofasico
2004900040379;0.00;real
2004900110430;0.00;real
2004900130452;18.00;real
2050003453950;0.00;real
2050003454155;0.00;real
2050003472647;0.00;monofasico
27500435134419;0.00;monofasico
27500435248444;0.00;real
27506306233366;18.00;monofasico
27506306241163;18.00;monofasico
27506306241170;18.00;monofasico
27506306241187;18.00;monofasico
27506306244171;18.00;monofasico
27506306244188;18.00;monofasico
27506306254453;18.00;monofasico
27702018072396;0.00;real
27702018874785;0.00;real
27791293012067;18.00;monofasico
27791293012081;18.00;monofasico
27791293022561;18.00;monofasico
27791293022585;18.00;monofasico
27791293022592;0.00;monofasico
27791293022639;18.00;monofasico
27791293022813;18.00;monofasico
27791293025531;18.00;monofasico
27791293025784;18.00;monofasico
27791293025791;18.00;monofasico
27791293028785;18.00;monofasico
27791293032430;0.00;monofasico
27791293032454;18.00;monofasico
27791293032461;0.00;monofasico
27791293032485;18.00;monofasico
27791293033239;18.00;monofasico
27791293033260;18.00;monofasico
27791293033277;18.00;monofasico
27791293035851;18.00;monofasico
27791293038159;18.00;monofasico
27791293038258;18.00;monofasico
27791293038265;18.00;monofasico
27791293040404;18.00;presumido
27791293051585;18.00;monofasico
27791293051592;18.00;monofasico
27891035116555;18.00;real
27891035116562;18.00;real
27891037002641;18.00;monofasico
27891055323513;12.00;monofasico
27891055324091;12.00;monofasico
27891055500907;12.00;real
27891098041818;18.00;real
27891134001714;18.00;monofasico
27891134001813;18.00;monofasico
27891134003619;18.00;monofasico
27891134003633;18.00;monofasico
27891134003640;18.00;monofasico
27891134003671;18.00;monofasico
27891134003794;25.00;monofasico
27891134003800;0.00;monofasico
27891134003954;0.00;monofasico
27891134004005;0.00;monofasico
27891134004036;18.00;monofasico
27891134004081;0.00;monofasico
27891134004135;0.00;monofasico
27891134004197;18.00;monofasico
27891134006429;25.00;monofasico
27891134006528;25.00;monofasico
27891134006542;0.00;monofasico
27891134006580;18.00;monofasico
27891134009239;18.00;monofasico
27891150000975;18.00;real
27891150001187;18.00;monofasico
27891150007400;18.00;monofasico
27891150008155;18.00;monofasico
27891150014101;18.00;monofasico
27891150014132;18.00;monofasico
27891150018840;18.00;monofasico
27891150028467;18.00;monofasico
27891150029303;18.00;presumido
27891150029327;25.00;monofasico
27891150036363;18.00;presumido
27891150037391;18.00;monofasico
27891150037469;25.00;presumido
27891150037513;18.00;monofasico
27891150037520;18.00;monofasico
27891150037599;18.00;monofasico
27891150039005;0.00;presumido
27891150053711;18.00;presumido
27891150054657;18.00;monofasico
27891150058969;25.00;presumido
27891150058976;25.00;presumido
27891150060146;18.00;presumido
27891150060153;18.00;presumido
27891150060160;18.00;presumido
27891150060191;18.00;presumido
27891150060214;18.00;presumido
27891150060221;18.00;presumido
27891150060238;18.00;presumido
27891150060245;18.00;presumido
27891150060962;18.00;monofasico
27891150060979;18.00;monofasico
27891150063109;18.00;presumido
27891150063741;18.00;monofasico
27891150064304;18.00;monofasico
27891150064731;18.00;monofasico
27891150064939;0.00;presumido
27891150065172;0.00;presumido
27891150066520;0.00;presumido
27891150067206;0.00;presumido
27891150067503;0.00;monofasico
27891150068784;18.00;monofasico
27891150068791;18.00;monofasico
27891150068838;18.00;monofasico
27891150070312;0.00;monofasico
27891150070329;25.00;presumido
27891150071708;0.00;presumido
27891150071807;18.00;monofasico
27891150071814;18.00;monofasico
27891150071821;18.00;monofasico
27891150072804;0.00;presumido
27891150072811;0.00;presumido
27891150075270;18.00;monofasico
27891150077618;0.00;presumido
27891150077663;0.00;monofasico
27891150077670;18.00;monofasico
27891150078417;0.00;presumido
27891150080205;0.00;presumido
27891150080960;0.00;monofasico
27891150080977;0.00;monofasico
27891150081219;18.00;monofasico
27891150081240;18.00;monofasico
27891150081257;18.00;monofasico
27891150081288;18.00;monofasico
27891150081615;18.00;monofasico
27891150083046;18.00;monofasico
27891150083091;18.00;presumido
27891150083121;18.00;presumido
27891150083541;18.00;presumido
27891150083589;18.00;monofasico
27891150083596;18.00;monofasico
27891150083626;25.00;presumido
27891150084166;18.00;monofasico
27891150086559;18.00;real
27891150087280;25.00;presumido
27891150087341;18.00;monofasico
27891150087389;18.00;monofasico
27891150091157;25.00;presumido
27891150091218;18.00;monofasico
27891150091454;18.00;monofasico
27891150091508;0.00;presumido
27891150091980;0.00;presumido
27891150093090;25.00;presumido
27891150093786;0.00;presumido
27891150093847;18.00;monofasico
27891150093892;25.00;presumido
27891150094158;0.00;presumido
27891150094493;18.00;monofasico
27891150094707;18.00;monofasico
27891150094714;25.00;presumido
27891150095261;18.00;monofasico
27891150095315;18.00;presumido
27891150095322;18.00;presumido
27891150095636;18.00;presumido
27891150095674;18.00;presumido
27891150095773;18.00;presumido
27891150095919;25.00;presumido
27891150096787;18.00;presumido
27891150097340;18.00;monofasico
27891150097371;0.00;monofasico
27891150097432;0.00;monofasico
27891150097487;0.00;monofasico
27891150097517;18.00;monofasico
27891150097951;18.00;monofasico
27891150097975;18.00;presumido
27891150098446;18.00;presumido
27891150099283;18.00;monofasico
27891150099832;25.00;presumido
27891150099849;18.00;monofasico
27891150099986;0.00;monofasico
27891150100101;25.00;presumido
27891150100316;18.00;monofasico
27891150100699;18.00;monofasico
27891150100705;18.00;monofasico
27891150101580;25.00;presumido
27891150101610;18.00;monofasico
27891150101634;18.00;monofasico
27891150101696;18.00;monofasico
27891150101719;25.00;presumido
27891150101818;18.00;presumido
27891150101825;18.00;presumido
27891150102433;18.00;monofasico
27891150102549;18.00;monofasico
27891150102594;25.00;presumido
27891150102747;25.00;presumido
27891150102815;18.00;presumido
27891150102853;18.00;presumido
27891150103805;18.00;monofasico
27891150103904;18.00;monofasico
27891150104123;0.00;presumido
27891150104284;0.00;presumido
27891150104864;18.00;monofasico
27891150105465;18.00;monofasico
27891150105663;18.00;monofasico
27891150105670;18.00;monofasico
27891150105687;18.00;monofasico
27891150105731;18.00;monofasico
27891150105830;0.00;presumido
27891150105861;0.00;presumido
27891150106028;0.00;presumido
27891176113048;25.00;monofasico
27891176117510;0.00;monofasico
27891182006785;12.00;monofasico
27891182120054;12.00;monofasico
27891182120061;12.00;monofasico
27891350011047;12.00;monofasico
27891350011627;12.00;monofasico
27894900050015;18.00;real
27894900680502;18.00;real
27894900680526;18.00;real
27896021622904;0.00;real
27896021623505;0.00;real
27896021627091;0.00;real
27896044996389;12.00;monofasico
27896044996501;12.00;monofasico
27896044996518;12.00;monofasico
27896044998048;12.00;monofasico
27896090400014;18.00;monofasico
27896090400021;18.00;monofasico
27896090400038;18.00;monofasico
27896090400045;18.00;monofasico
27896090403121;18.00;monofasico
27896090403138;18.00;monofasico
27896098900172;0.00;real
27896213300047;25.00;real
27896213300061;18.00;presumido
27896213300078;18.00;presumido
27896213300092;18.00;presumido
27896213300108;18.00;presumido
27896213300122;18.00;presumido
27896213300139;18.00;presumido
27896213301860;18.00;real
27896213303543;25.00;real
27896213306094;25.00;real
27896213309309;18.00;presumido
27896512907497;0.00;monofasico
27897013572887;4.00;real
27897042007305;12.00;monofasico
27897042007329;12.00;monofasico
27897042008760;12.00;monofasico
27897042008777;12.00;monofasico
27897042008784;12.00;monofasico
27897042009859;12.00;monofasico
27897042009866;12.00;monofasico
27897042010459;12.00;monofasico
27897042010558;12.00;monofasico
27897042012033;12.00;monofasico
27897042013061;12.00;monofasico
27897042013450;12.00;monofasico
27897042013504;12.00;monofasico
27897042013511;12.00;monofasico
27897042013535;12.00;monofasico
27897042013559;12.00;monofasico
27897042013566;12.00;monofasico
27897042013573;12.00;monofasico
27897042013597;12.00;monofasico
27897042013627;12.00;monofasico
27897042013634;12.00;monofasico
27897042013863;12.00;monofasico
27897042015409;12.00;monofasico
27897042015430;12.00;monofasico
27897042015812;12.00;monofasico
27897042015829;12.00;monofasico
27897042015836;12.00;monofasico
27897042015843;12.00;monofasico
27897042015850;12.00;monofasico
27897042015867;12.00;monofasico
27897042015898;12.00;monofasico
27897042015911;12.00;monofasico
27897042015928;12.00;monofasico
27897042015973;12.00;monofasico
27897042016246;12.00;monofasico
27897042016253;12.00;monofasico
27897042016260;12.00;real
27897042016338;12.00;monofasico
27897042016345;12.00;monofasico
27897042016352;12.00;monofasico
27897042016369;12.00;monofasico
27897042016857;12.00;monofasico
27897042016895;12.00;monofasico
27897042016918;12.00;monofasico
27897042016932;12.00;monofasico
27897042016949;12.00;monofasico
27897042017960;12.00;monofasico
27897042018196;12.00;monofasico
27897042019254;12.00;monofasico
27897042019261;12.00;monofasico
27897042019360;12.00;monofasico
27897042020717;12.00;monofasico
27897042021349;12.00;real
27897042021356;12.00;real
27897042021363;12.00;real
27897042021370;12.00;real
27897042021387;12.00;real
27897042022513;12.00;monofasico
27897042022520;12.00;monofasico
27897042022537;12.00;monofasico
27897042022544;12.00;monofasico
27897042022551;12.00;monofasico
27897042022575;12.00;monofasico
27897042022957;12.00;real
27897664120109;18.00;real
27897664169801;25.00;monofasico
27897664171545;18.00;real
27897664171705;18.00;monofasico
27897664171712;18.00;monofasico
27897664171729;18.00;monofasico
27897664171743;18.00;monofasico
27898085940130;25.00;real
27898085940529;18.00;real
27898085940536;18.00;real
27898085940543;18.00;real
27898085947542;18.00;real
27898085947566;18.00;real
27898416780022;18.00;real
27898416780107;18.00;real
27898422745305;25.00;presumido
27898422746210;18.00;monofasico
27898489511011;18.00;real
27898489511028;18.00;real
27898489511035;18.00;real
27898489511042;18.00;real
27898489514555;25.00;real
27898489514593;18.00;real
27898489514616;18.00;real
27898905356004;18.00;monofasico
27898930672445;18.00;real
27908215504498;18.00;real
27908324403101;18.00;monofasico
27908324403118;18.00;monofasico
27908324404092;25.00;monofasico
27908324404108;25.00;monofasico
27908324404122;25.00;monofasico
27908324404351;25.00;monofasico
27908324404481;25.00;monofasico
27908324405143;18.00;monofasico
27908324405167;0.00;monofasico
27908324405471;25.00;monofasico
27908324406188;25.00;monofasico
27908324406195;0.00;monofasico
27908324407048;18.00;monofasico
27908324407055;0.00;monofasico
27908324407079;25.00;monofasico
27908324407093;25.00;monofasico
27908324408250;25.00;monofasico
27908324408656;25.00;monofasico
27908324408663;25.00;monofasico
27908324408670;0.00;monofasico
27908324408755;18.00;monofasico
27908324408762;0.00;monofasico
27908324408779;25.00;monofasico
27908324408885;25.00;monofasico
27908324409509;18.00;monofasico
27908324409561;25.00;monofasico
27908324409578;25.00;monofasico
27908324409776;25.00;monofasico
27908324409783;25.00;monofasico
27908324409967;25.00;monofasico
27908324409974;25.00;monofasico
3014260019716;12.00;monofasico
3014260019723;12.00;monofasico
3014260278922;12.00;monofasico
3014260278939;12.00;monofasico
3014260802219;0.00;monofasico
3014260833176;0.00;monofasico
3014260833183;0.00;monofasico
30160606;0.00;monofasico
303028590110;0.00;monofasico
3086123263987;18.00;real
3086123264410;18.00;real
3086123264441;0.00;real
3086123549982;18.00;real
3086126625669;18.00;real
3154149535118;18.00;real
321001205;0.00;monofasico
3253581436578;12.00;monofasico
3253581448342;0.00;monofasico
3253581530955;12.00;monofasico
3253581543801;12.00;monofasico
3253581581568;12.00;monofasico
3253581581605;12.00;monofasico
3253581582442;0.00;monofasico
3253581597040;12.00;monofasico
3253581598948;12.00;monofasico
3253581600696;12.00;monofasico
3253581600726;0.00;real
3253581668467;12.00;real
3253581668498;12.00;real
3253581668597;12.00;monofasico
3253581668603;12.00;real
3253581668689;12.00;monofasico
3253581668696;12.00;monofasico
3253581671252;12.00;real
3253581672037;0.00;real
3253581704615;12.00;monofasico
3253581704653;12.00;monofasico
3253581704677;12.00;monofasico
3253581706084;12.00;monofasico
3253581706091;12.00;real
3253581706107;12.00;monofasico
3253581706169;12.00;monofasico
3253581706916;12.00;monofasico
3253581707104;12.00;monofasico
3253581707111;12.00;monofasico
3253581707128;12.00;real
3253581725603;12.00;monofasico
3253581726419;0.00;monofasico
3253581756324;0.00;monofasico
3253581756362;0.00;monofasico
3253581756430;12.00;monofasico
3253581959190;12.00;real
3253581959206;12.00;monofasico
3253581968550;12.00;monofasico
3253581970942;4.00;monofasico
3253581971079;12.00;monofasico
3253581971086;12.00;monofasico
3253581972281;0.00;monofasico
3253581994559;12.00;monofasico
3253581994566;0.00;monofasico
3253581994573;12.00;monofasico
3253581997932;12.00;monofasico
3253581998052;12.00;monofasico
3253581998076;12.00;monofasico
3253581998083;0.00;monofasico
3253582014249;12.00;monofasico
3253582014928;12.00;monofasico
3253582016014;12.00;monofasico
3253582016045;0.00;monofasico
3253582016120;0.00;monofasico
3253582018575;12.00;monofasico
3253582042754;12.00;monofasico
3253582044369;0.00;monofasico
3253582044376;12.00;monofasico
3253582044383;12.00;monofasico
3253582044482;18.00;monofasico
3253582044505;18.00;monofasico
3253582051060;12.00;monofasico
3253582051084;12.00;monofasico
3253582053835;18.00;monofasico
3253582062721;0.00;real
3253582062752;12.00;real
3253582076933;12.00;monofasico
3253582076940;12.00;real
3253582084662;12.00;monofasico
3253582084730;12.00;monofasico
3253582084792;12.00;monofasico
3253582084808;12.00;real
3253582084846;12.00;monofasico
3253582086338;12.00;real
3253582086345;12.00;monofasico
3253582086376;12.00;monofasico
3253582095705;12.00;real
3253582096252;12.00;monofasico
3253582096269;12.00;monofasico
3253582096276;12.00;monofasico
3253582096306;12.00;monofasico
3253582098218;12.00;monofasico
3253582098232;12.00;monofasico
3253582098256;12.00;monofasico
3253582120827;12.00;real
3253582120834;12.00;monofasico
3253582120841;12.00;monofasico
3253582120858;12.00;monofasico
3253582120865;12.00;monofasico
3253582121664;12.00;monofasico
3253582121688;12.00;monofasico
3253582121695;12.00;monofasico
3253582128502;12.00;monofasico
3253582129226;12.00;monofasico
3253582129240;12.00;monofasico
3253582129257;12.00;monofasico
3253582129318;12.00;monofasico
3253582140795;12.00;monofasico
3274872481336;0.00;monofasico
3274872496347;0.00;monofasico
3274872496392;0.00;monofasico
3274872497740;0.00;monofasico
3282770138894;0.00;real
3282770139228;18.00;real
3282770141511;0.00;monofasico
3282770143898;18.00;monofasico
3282770144451;18.00;monofasico
3282770144475;18.00;monofasico
3282770148800;18.00;real
3282770148817;18.00;real
3282770153477;18.00;real
3282770153484;18.00;real
3282770154801;0.00;monofasico
3282770154825;0.00;monofasico
3282770202212;0.00;monofasico
3282770206036;18.00;monofasico
3282770206951;0.00;monofasico
3282770207187;0.00;monofasico
3282770207217;0.00;monofasico
3282770207675;0.00;monofasico
3282770388596;18.00;real
3282770388664;18.00;real
3282770391428;18.00;real
3282770391435;18.00;real
3282770391459;18.00;real
3282770391466;18.00;real
3282779340298;18.00;real
3282779340847;18.00;real
3282779366038;0.00;monofasico
3349666007921;0.00;monofasico
3349668515660;0.00;monofasico
3349668612611;0.00;monofasico
3349668642496;18.00;monofasico
3349668642502;0.00;monofasico
3349668642595;0.00;monofasico
3349668642830;0.00;monofasico
3349668642878;0.00;monofasico
3349668649327;0.00;monofasico
3349668649334;0.00;monofasico
3360373063680;0.00;monofasico
3360373063703;0.00;monofasico
3386460101035;0.00;monofasico
3454090001206;0.00;monofasico
3454090001213;4.00;monofasico
3454090001497;4.00;monofasico
3454090001558;4.00;monofasico
3454090001787;4.00;monofasico
3454090002012;4.00;monofasico
3454090002210;4.00;monofasico
3454090002227;4.00;monofasico
3454090002296;4.00;monofasico
3454090002678;4.00;monofasico
3454090002685;25.00;monofasico
3454090002791;4.00;monofasico
3454090002838;25.00;monofasico
3454090002906;4.00;monofasico
3454090002913;4.00;monofasico
3454090002920;4.00;monofasico
3454090002951;4.00;monofasico
3454090002968;4.00;monofasico
3454090002975;4.00;monofasico
3454090003019;4.00;monofasico
3454090003064;4.00;monofasico
3454090003088;4.00;monofasico
3454090003095;4.00;monofasico
3454090003170;25.00;monofasico
3454090003194;25.00;monofasico
3454090003217;4.00;monofasico
3454090003224;25.00;monofasico
3454090003231;0.00;monofasico
3454090003248;4.00;monofasico
3454090003255;0.00;monofasico
3454090003286;25.00;monofasico
3454090003354;4.00;monofasico
3454090003378;4.00;monofasico
3454090003385;4.00;monofasico
3454090003392;25.00;monofasico
3454090003408;4.00;monofasico
3454090003415;4.00;monofasico
3454090003439;4.00;monofasico
3454090003453;4.00;monofasico
3454090003460;4.00;monofasico
3454090003538;25.00;monofasico
3454090003545;4.00;monofasico
3454090003552;4.00;monofasico
3454090003606;25.00;monofasico
3454090003613;25.00;monofasico
3454090003620;25.00;monofasico
3454090003637;25.00;monofasico
3474630713383;0.00;monofasico
3474636397969;0.00;monofasico
3474636612666;0.00;monofasico
3474636612918;0.00;monofasico
3474636613168;0.00;monofasico
3474636857883;0.00;monofasico
3474636857975;0.00;monofasico
3474636858033;0.00;monofasico
3474636954766;0.00;monofasico
3474636974108;18.00;monofasico
3474636975181;0.00;monofasico
3474636975310;25.00;monofasico
3474636976065;25.00;monofasico
3474636993949;25.00;monofasico
3474637059002;0.00;monofasico
3474637059019;0.00;monofasico
3474637059057;0.00;monofasico
3474637059132;0.00;monofasico
3474637059187;0.00;monofasico
3474637127930;25.00;monofasico
3474637128043;25.00;monofasico
3474637128685;25.00;monofasico
3474637129408;25.00;monofasico
3474637129453;0.00;monofasico
3474637129552;0.00;monofasico
3474637130282;0.00;monofasico
3474637130336;0.00;monofasico
3474637131142;0.00;monofasico
3474637131197;25.00;monofasico
3474637131241;25.00;monofasico
3474637131791;0.00;monofasico
3474637133313;25.00;monofasico
3474637141929;18.00;monofasico
3474637141943;18.00;monofasico
3474637141950;25.00;monofasico
3474637142025;25.00;monofasico
3474637142360;25.00;monofasico
3474637153489;25.00;monofasico
3474637153502;25.00;monofasico
3474637153526;18.00;monofasico
3474637153557;18.00;monofasico
3474637154981;0.00;monofasico
3474637155063;0.00;monofasico
3474637217884;25.00;monofasico
3474637217907;25.00;monofasico
3474637220228;25.00;monofasico
3474637242190;0.00;monofasico
3474637242206;0.00;monofasico
3474637258016;25.00;monofasico
3474637269005;0.00;monofasico
3474637273750;0.00;monofasico
3474637273781;0.00;monofasico
3600524057336;25.00;monofasico
3606480565649;0.00;real
3606480565656;0.00;real
3614274411195;0.00;monofasico
3614274459142;0.00;monofasico
3616305278302;18.00;monofasico
3616305629357;4.00;monofasico
3616305629395;4.00;monofasico
3616305629418;4.00;monofasico
3616305629425;4.00;monofasico
3616306130012;18.00;monofasico
3616306130159;18.00;monofasico
3616306727571;0.00;monofasico
3616306727588;0.00;monofasico
3616306727595;0.00;monofasico
3616307080606;0.00;monofasico
37891035209100;0.00;real
37891035209902;0.00;real
37891035210106;0.00;real
37891055431000;12.00;monofasico
37891055814711;12.00;monofasico
37891055815114;12.00;monofasico
37891150071743;18.00;presumido
37891150080189;0.00;presumido
37891150081605;18.00;presumido
37891150086525;0.00;real
37891150092205;0.00;presumido
37891176111089;25.00;monofasico
37891176113069;25.00;monofasico
37891176117258;0.00;monofasico
37891176117579;25.00;monofasico
37891176118033;18.00;monofasico
37891200190943;18.00;real
37896013500385;12.00;monofasico
37896013501344;12.00;monofasico
37896013501412;12.00;monofasico
37896013501450;12.00;monofasico
37896013501825;12.00;monofasico
37896013501849;12.00;monofasico
37896013501887;12.00;monofasico
37896013501931;12.00;monofasico
37896013502136;12.00;monofasico
37896013502167;12.00;monofasico
37896013502792;12.00;monofasico
37896013502907;12.00;monofasico
37896013502938;12.00;monofasico
37896013502945;12.00;monofasico
37896013503867;12.00;monofasico
37896013503966;12.00;monofasico
37896013504017;12.00;monofasico
37896013504383;12.00;monofasico
37896013504574;12.00;monofasico
37896013506189;12.00;monofasico
37896013507025;12.00;monofasico
37896013507056;12.00;monofasico
37896013507667;12.00;monofasico
37896013508114;12.00;monofasico
37896013508138;12.00;monofasico
37896013508541;12.00;monofasico
37896013508886;12.00;monofasico
37896013513026;12.00;monofasico
37896013513033;12.00;monofasico
37896013513040;12.00;monofasico
37896013513057;12.00;monofasico
37896013513064;12.00;monofasico
37896013513224;12.00;monofasico
37896013516232;12.00;monofasico
37896013516393;12.00;monofasico
37896013516577;12.00;monofasico
37896013544921;12.00;monofasico
37896013548400;12.00;monofasico
37896013551448;12.00;monofasico
37896013552186;12.00;monofasico
37896013553909;12.00;monofasico
37896013554364;12.00;monofasico
37896013557112;12.00;monofasico
37896013558034;12.00;monofasico
37896013558478;12.00;monofasico
37896013558492;12.00;monofasico
37896013561881;12.00;monofasico
37896013562253;12.00;monofasico
37896013562307;12.00;monofasico
37896013563526;12.00;monofasico
37896013563533;12.00;monofasico
37896013564455;12.00;monofasico
37896013565018;12.00;monofasico
37896013565919;12.00;monofasico
37896013566060;12.00;monofasico
37896013567081;12.00;monofasico
37896013567197;12.00;monofasico
37896013567401;12.00;monofasico
37896013568569;12.00;monofasico
37896013569818;12.00;monofasico
37896021623724;0.00;real
37896090400042;0.00;monofasico
37896094907851;12.00;monofasico
37896094914958;12.00;monofasico
37896213300051;18.00;presumido
37896213300082;18.00;presumido
37896213300112;18.00;presumido
37896213306077;25.00;real
37896213306756;25.00;real
37896213309290;18.00;presumido
37896213317837;25.00;real
37896213317899;25.00;real
37896213317950;25.00;real
37896916782260;18.00;monofasico
37897664168214;18.00;monofasico
37897664169693;25.00;monofasico
37897664171924;18.00;real
37898085945040;18.00;real
37898489511087;18.00;real
37898489512213;18.00;real
37898489512640;18.00;real
37898489512657;18.00;real
37898489512688;18.00;real
37908324403801;0.00;monofasico
382025455318;0.00;monofasico
4005800137655;18.00;monofasico
4005805357270;0.00;monofasico
4005808174478;25.00;monofasico
4005808189342;18.00;real
4005808189625;18.00;real
4005808257553;18.00;monofasico
4005808257584;18.00;monofasico
4005808257669;18.00;monofasico
4005808305964;0.00;monofasico
4005808309436;25.00;monofasico
4005808310999;18.00;monofasico
4005808311286;25.00;monofasico
4005808313167;18.00;real
4005808315697;18.00;monofasico
4005808335435;0.00;monofasico
4005808369621;25.00;monofasico
4005808516667;18.00;monofasico
4005808555307;18.00;monofasico
4005808555321;0.00;monofasico
4005808555345;18.00;monofasico
4005808555352;18.00;monofasico
4005808569878;0.00;monofasico
4005808571147;25.00;monofasico
4005808631322;18.00;monofasico
4005808662388;0.00;monofasico
4005808663927;0.00;monofasico
4005808692576;0.00;monofasico
4005808808243;18.00;real
4005808808281;18.00;monofasico
4005808811717;25.00;monofasico
4005808812875;25.00;monofasico
4005808812899;25.00;monofasico
4005808817009;18.00;monofasico
4005808817207;18.00;monofasico
4005808837311;18.00;monofasico
4005808838899;18.00;monofasico
4005808840625;18.00;monofasico
4005808846290;18.00;monofasico
4005808850617;25.00;monofasico
4005808850839;25.00;monofasico
4005808858217;18.00;monofasico
4005808890590;25.00;monofasico
4005808896134;18.00;real
4005808934980;25.00;monofasico
4005808956401;18.00;monofasico
4005808956487;18.00;monofasico
4005900004956;25.00;monofasico
4005900036667;18.00;monofasico
4005900036704;18.00;monofasico
4005900036728;18.00;monofasico
4005900036759;18.00;monofasico
4005900079664;25.00;monofasico
4005900095268;18.00;real
4005900105073;18.00;monofasico
4005900105080;18.00;monofasico
4005900116192;25.00;monofasico
4005900122186;18.00;monofasico
4005900130785;18.00;monofasico
4005900139849;0.00;monofasico
4005900139856;0.00;monofasico
4005900181015;18.00;monofasico
4005900181022;18.00;monofasico
4005900181039;18.00;monofasico
4005900181046;18.00;monofasico
4005900219626;18.00;real
4005900294722;18.00;monofasico
4005900308719;18.00;monofasico
4005900328472;18.00;monofasico
4005900359124;18.00;monofasico
4005900359261;18.00;real
4005900396938;18.00;monofasico
4005900398598;18.00;monofasico
4005900408891;25.00;monofasico
4005900429643;18.00;monofasico
4005900441942;18.00;monofasico
4005900442659;25.00;monofasico
4005900449559;18.00;monofasico
4005900453259;25.00;monofasico
4005900498205;25.00;monofasico
4005900521897;18.00;monofasico
4005900521910;18.00;monofasico
4005900521934;18.00;monofasico
4005900521972;18.00;monofasico
4005900522016;18.00;monofasico
4005900527073;18.00;monofasico
4005900549266;25.00;monofasico
4005900633293;18.00;monofasico
4005900633309;18.00;monofasico
4005900648327;18.00;monofasico
4005900662019;18.00;real
4005900663993;25.00;monofasico
4005900695536;18.00;monofasico
4005900695543;18.00;monofasico
4005900696823;18.00;monofasico
4005900701367;18.00;monofasico
4005900704337;18.00;monofasico
4005900705143;18.00;monofasico
4005900707536;18.00;monofasico
4005900707543;18.00;monofasico
4005900709752;18.00;monofasico
4005900713612;18.00;monofasico
4005900734075;0.00;presumido
4005900734082;18.00;real
4005900741165;0.00;monofasico
4005900779458;25.00;monofasico
4005900807854;18.00;monofasico
4005900807861;0.00;monofasico
4005900878137;0.00;monofasico
4005900889737;25.00;monofasico
4005900905871;25.00;monofasico
4005900916129;18.00;monofasico
4005900919625;18.00;monofasico
4005900919632;18.00;monofasico
4005900921567;25.00;monofasico
4005900921574;0.00;monofasico
4005900921598;25.00;monofasico
4005900929365;0.00;monofasico
4005900937391;0.00;monofasico
4005900937520;0.00;monofasico
4005900940759;18.00;real
4005900945693;25.00;monofasico
4005900945709;18.00;real
4005900950918;18.00;monofasico
4005900950925;18.00;monofasico
4005900950987;25.00;monofasico
4005900964380;18.00;real
4005900980380;18.00;monofasico
4005900980397;18.00;monofasico
4005900992840;25.00;monofasico
4005900995544;25.00;monofasico
4006000004235;25.00;monofasico
4006000005430;18.00;monofasico
4006000005447;18.00;monofasico
4006000010311;18.00;monofasico
4006000010328;18.00;monofasico
4006000015361;0.00;monofasico
4006000019338;0.00;monofasico
4006000036236;25.00;monofasico
4006000039800;18.00;monofasico
4006000045498;18.00;monofasico
4006000045504;18.00;monofasico
4006000072135;18.00;monofasico
4006000073774;25.00;monofasico
4006000085487;18.00;monofasico
4006000088112;18.00;monofasico
4006000097244;18.00;monofasico
4006000101330;25.00;monofasico
4006000101347;25.00;monofasico
4006000101354;25.00;monofasico
4006000104157;18.00;monofasico
4006000104164;0.00;monofasico
4006000104256;18.00;monofasico
4006000105413;18.00;monofasico
4006000105420;25.00;monofasico
4006000109190;18.00;monofasico
4006000118604;25.00;monofasico
4006000119427;25.00;monofasico
4006000120003;0.00;monofasico
4006000129969;18.00;monofasico
4006000136776;18.00;monofasico
4006000159171;25.00;monofasico
4006000159188;25.00;monofasico
4006000159195;25.00;monofasico
4006000170237;18.00;real
4006000171425;18.00;monofasico
4006000171432;18.00;monofasico
4006000172828;18.00;monofasico
4006000172835;18.00;monofasico
4006000172842;18.00;monofasico
4006000172859;18.00;monofasico
4006000172866;18.00;monofasico
4006000174754;25.00;monofasico
4006000175058;25.00;monofasico
4006000178851;18.00;monofasico
4006000178868;18.00;monofasico
4006000178875;18.00;monofasico
4006000178882;18.00;monofasico
4006000178899;18.00;monofasico
4006000178905;18.00;monofasico
4006000178912;18.00;monofasico
4006000178929;18.00;monofasico
4006000179261;18.00;real
4006000181905;25.00;monofasico
4006000181936;18.00;monofasico
4006000181943;18.00;monofasico
4006000181950;18.00;monofasico
4006000194950;18.00;real
4006000194967;18.00;real
4006000194974;18.00;real
4006000197036;18.00;monofasico
4006000229218;25.00;monofasico
4006000231778;18.00;monofasico
4006000240626;0.00;monofasico
4006000240633;25.00;monofasico
4006000240640;25.00;monofasico
4006000240657;0.00;monofasico
4006000254128;18.00;monofasico
4006000254135;18.00;monofasico
4006000254142;18.00;monofasico
4006000254159;18.00;monofasico
4006000254166;18.00;monofasico
4006000254173;18.00;monofasico
4006000259000;18.00;monofasico
4006000259017;18.00;monofasico
4006000279121;18.00;monofasico
4006000293912;25.00;monofasico
4006000293929;25.00;monofasico
4006000293936;25.00;monofasico
4006000305783;18.00;monofasico
4006000318677;18.00;monofasico
4006000318684;18.00;monofasico
4011558023966;0.00;monofasico
4011558024802;0.00;monofasico
4011558421809;0.00;monofasico
40141189622;18.00;monofasico
40141481504;18.00;real
40141482402;18.00;real
4019238627442;12.00;monofasico
4045787464030;0.00;monofasico
4045787814170;0.00;monofasico
4045787960099;25.00;monofasico
4045787960136;25.00;real
4045787960259;25.00;monofasico
4045787960297;0.00;monofasico
4045787960372;0.00;monofasico
4045787960457;25.00;monofasico
4045787960495;0.00;monofasico
4045787960655;0.00;monofasico
4045787960693;0.00;monofasico
4045787960730;0.00;monofasico
4045787960815;25.00;monofasico
4045787960853;25.00;monofasico
4045787961652;25.00;monofasico
4045787961812;25.00;monofasico
4045787961898;25.00;monofasico
4045787980455;25.00;monofasico
4046777305364;0.00;monofasico
4053423251531;0.00;real
4064666041650;18.00;monofasico
4064666041674;4.00;monofasico
4064666043623;4.00;monofasico
4064666102429;4.00;monofasico
4064666102436;4.00;monofasico
4064666210131;4.00;monofasico
4064666211725;4.00;monofasico
4064666212210;4.00;monofasico
4064666225326;4.00;monofasico
4064666253244;4.00;monofasico
4064666253459;4.00;monofasico
4064666253473;4.00;monofasico
4064666253503;4.00;monofasico
4064666253510;4.00;monofasico
4064666253527;4.00;monofasico
4064666253534;4.00;monofasico
4064666253572;4.00;monofasico
4064666253602;4.00;monofasico
4064666253718;4.00;monofasico
4064666253732;4.00;monofasico
4064666253763;4.00;monofasico
4064666306155;18.00;monofasico
4064666306179;18.00;monofasico
4064666316246;4.00;monofasico
4064666317380;4.00;monofasico
4064666317670;4.00;monofasico
4064666318233;4.00;monofasico
4064666318356;4.00;monofasico
4064666337012;4.00;monofasico
4064666337043;4.00;monofasico
4064666337074;4.00;monofasico
4064666337104;4.00;monofasico
4064666337111;4.00;monofasico
4064666337128;4.00;monofasico
4064666435459;4.00;monofasico
4064666593579;4.00;monofasico
4064666593609;4.00;monofasico
4064666593616;4.00;monofasico
4064666593623;4.00;monofasico
4064666843834;4.00;monofasico
4064666902425;4.00;monofasico
4064666902449;4.00;monofasico
4064666902944;4.00;monofasico
4064666939735;4.00;monofasico
4064666939766;4.00;monofasico
4064666944074;4.00;monofasico
4064666944081;4.00;monofasico
4064666944111;4.00;monofasico
4064666946610;4.00;monofasico
4064666946627;4.00;monofasico
4064666946740;4.00;monofasico
4068359033090;4.00;monofasico
4068359105179;4.00;monofasico
4068359105391;4.00;monofasico
4068359105414;4.00;monofasico
4068359105445;4.00;monofasico
4068359105803;4.00;monofasico
4068359105872;4.00;monofasico
4068359106282;4.00;monofasico
4068359110319;4.00;monofasico
4068359110326;4.00;monofasico
4068359123043;4.00;monofasico
4068359129724;4.00;monofasico
4068359129755;4.00;monofasico
4068359129779;4.00;monofasico
4068359129793;4.00;monofasico
4068359207019;4.00;monofasico
42110200;25.00;monofasico
42277217;25.00;monofasico
42360407;25.00;monofasico
42360414;25.00;monofasico
42389248;25.00;monofasico
42398004;0.00;monofasico
42495727;25.00;monofasico
42513827;25.00;monofasico
42882099765;0.00;monofasico
42882099789;0.00;real
42882099796;0.00;real
42882099888;0.00;real
42882099895;0.00;real
42882100669;0.00;monofasico
42882100676;0.00;monofasico
42882100683;0.00;monofasico
42882100690;0.00;monofasico
4550516474568;4.00;real
4550516474582;4.00;real
4550516474636;4.00;real
4550516483782;4.00;real
4550516483836;4.00;real
4550516485236;4.00;real
4550516485250;4.00;monofasico
4550516485403;4.00;real
4550516485410;4.00;monofasico
4550516485502;4.00;real
4550516485632;4.00;monofasico
4550516502728;4.00;real
4550516621184;4.00;real
4550516705778;4.00;real
4550516705808;4.00;real
4550516705839;4.00;real
4550516705846;4.00;real
4550516705884;4.00;real
4550516707666;4.00;real
4589546890758;4.00;real
4589546890765;4.00;real
4589546890796;4.00;real
4589546890925;4.00;real
4589546892226;4.00;real
4589546892233;4.00;real
4589546892264;4.00;real
4589546892271;4.00;real
4589546895715;4.00;real
4589546896019;4.00;real
4589546896026;4.00;real
4589546896064;4.00;real
4589546897122;4.00;real
4589546897139;4.00;real
4589546897160;4.00;real
4589546897177;4.00;real
4589546897184;4.00;real
4589546898402;4.00;real
4589546899164;4.00;real
47400179240;0.00;monofasico
47891051015218;18.00;real
47891150046557;18.00;presumido
47891150103274;18.00;monofasico
47891176113042;25.00;monofasico
47891176113066;0.00;monofasico
47894900010013;18.00;real
47896090400018;18.00;monofasico
47896090400025;18.00;monofasico
47896090400049;18.00;monofasico
47896090403132;18.00;monofasico
47898422744333;18.00;monofasico
47898489514146;18.00;monofasico
4893881173828;18.00;presumido
4893881175013;0.00;presumido
4893881186088;0.00;presumido
4893881186132;18.00;presumido
4893881186385;0.00;presumido
4893881187238;0.00;monofasico
4893881187320;0.00;presumido
4893881197756;18.00;presumido
4893881209039;0.00;presumido
4893881209138;18.00;presumido
4893881209152;18.00;presumido
4893881209169;18.00;presumido
4893881209190;18.00;presumido
4893881209251;18.00;presumido
4893881218086;18.00;presumido
4893881218260;0.00;monofasico
4893881218277;0.00;presumido
4893881223295;18.00;presumido
4893881238862;18.00;monofasico
4893882172110;0.00;presumido
4893882173827;18.00;presumido
4893882186087;0.00;presumido
4893882186384;0.00;presumido
4893882187237;0.00;monofasico
4893882187329;0.00;presumido
4893882197755;18.00;real
4893882197762;0.00;presumido
4893882209038;0.00;presumido
4893882209137;18.00;presumido
4893882209151;18.00;presumido
4893882209168;18.00;presumido
4893882209199;18.00;presumido
4893882209250;18.00;presumido
4893882209274;0.00;real
4893882218085;18.00;presumido
4893882218269;0.00;presumido
4893882218276;0.00;presumido
4893882218283;0.00;real
4893882223300;18.00;presumido
4893882223317;18.00;presumido
4893882228374;18.00;presumido
4893882228398;0.00;presumido
4893882228596;18.00;presumido
4893882238700;18.00;presumido
4893883175011;0.00;presumido
4893883186383;0.00;presumido
4893883197754;18.00;presumido
4893883197761;0.00;presumido
4893883209037;0.00;presumido
4893883209167;18.00;presumido
4893883218084;18.00;presumido
4893884172088;18.00;presumido
4893884172095;0.00;presumido
4893884173771;18.00;presumido
4893884186085;0.00;presumido
4893884186139;18.00;presumido
4893884187327;0.00;presumido
4893884198217;0.00;presumido
4893884209036;0.00;presumido
4893884209135;18.00;presumido
4893884209159;18.00;presumido
4893884209166;18.00;presumido
4893884209197;18.00;presumido
4893884209258;18.00;presumido
4893884228389;0.00;monofasico
4893885186084;0.00;presumido
4893885186138;18.00;presumido
4893885187326;0.00;presumido
4893886186083;0.00;presumido
4893886187325;0.00;presumido
4893886209034;0.00;monofasico
4893887186082;18.00;presumido
4893887209033;0.00;real
4893888141219;0.00;presumido
4893888141226;0.00;presumido
4893888173791;18.00;presumido
4893888175030;18.00;presumido
4893888175061;18.00;presumido
4893888175078;18.00;presumido
4893888175092;18.00;presumido
4893888175153;18.00;presumido
4893888198053;0.00;presumido
4893888209001;0.00;presumido
4893888225391;18.00;presumido
4893888225506;18.00;presumido
4893888330163;0.00;presumido
4897141060019;0.00;presumido
4897141060026;0.00;presumido
4897141060033;0.00;presumido
4897141060040;0.00;presumido
4897141060057;0.00;presumido
4897141060064;18.00;presumido
4897141060071;18.00;presumido
4897141060088;18.00;presumido
4897141060095;0.00;presumido
4897141060231;0.00;presumido
4897141060415;18.00;presumido
4897141060477;18.00;presumido
4897141060552;0.00;presumido
4897141060682;0.00;presumido
4897141060705;0.00;presumido
4897141060781;0.00;presumido
4897141060804;0.00;presumido
4897141060835;18.00;presumido
4897141060859;18.00;presumido
4897141061047;18.00;presumido
4897141061054;18.00;presumido
4897141061061;18.00;presumido
4897141061078;0.00;presumido
4897141061092;0.00;presumido
4897141061108;0.00;presumido
4897141061122;0.00;presumido
4897141061290;18.00;presumido
4897141061306;18.00;presumido
4897141061405;0.00;presumido
4897141068169;0.00;presumido
4897141068176;0.00;presumido
4897141068183;0.00;presumido
4897141068190;0.00;presumido
4897141068206;0.00;presumido
4897141068527;18.00;presumido
4897141068565;0.00;presumido
4899869259331;0.00;monofasico
4899871259336;0.00;monofasico
4899872259335;0.00;monofasico
4899873259334;0.00;monofasico
4901301210494;4.00;monofasico
4901301250162;4.00;real
4901301250261;4.00;real
4901301259660;4.00;real
4901301263049;4.00;real
4901301265678;4.00;real
4901301275080;4.00;real
4901301276254;4.00;real
4901301280459;4.00;monofasico
4901301287656;4.00;monofasico
4901301303844;4.00;monofasico
4901301406866;4.00;monofasico
4901301413246;4.00;monofasico
4901301417008;4.00;real
4901301756305;0.00;real
4901301761385;0.00;real
4901872461998;4.00;real
4901872837144;4.00;real
5011987242029;0.00;real
5011987272620;0.00;real
5055810013110;4.00;monofasico
5055810015022;0.00;monofasico
5055810015053;0.00;monofasico
5055810036966;0.00;monofasico
5055810036980;0.00;monofasico
5055810037017;0.00;monofasico
5055810042097;0.00;monofasico
5055810042103;0.00;monofasico
5055810045029;0.00;monofasico
5055810045036;0.00;monofasico
5411183155695;18.00;real
5565878432155;0.00;monofasico
57891150026020;18.00;presumido
57891150043928;18.00;presumido
57891150044611;18.00;presumido
57891150075387;18.00;presumido
57891150076056;18.00;presumido
57891150095613;18.00;presumido
57891150103660;18.00;presumido
57891150104803;18.00;monofasico
57896013504004;12.00;monofasico
57896013504738;12.00;monofasico
57896013504943;12.00;monofasico
57896013509030;12.00;monofasico
57896013521971;12.00;monofasico
57896013521988;12.00;monofasico
57896013558168;12.00;monofasico
57896013562486;12.00;monofasico
57896013562493;12.00;monofasico
57896013564817;12.00;monofasico
57896098900807;0.00;real
57896098900814;0.00;real
57898085943804;18.00;monofasico
57898085945006;18.00;monofasico
57899360228630;25.00;monofasico
57899360229071;25.00;monofasico
57899360230909;25.00;monofasico
57899360230916;0.00;monofasico
57899360234815;18.00;presumido
57899360234822;0.00;monofasico
57899360239490;25.00;monofasico
57899360239506;0.00;monofasico
57899360239513;0.00;monofasico
57899360241066;25.00;monofasico
57899360241073;0.00;monofasico
57899360241639;25.00;monofasico
57899360241646;25.00;monofasico
57899360246627;25.00;monofasico
57899360260784;18.00;presumido
57899360268483;25.00;monofasico
57899360270783;25.00;monofasico
5901832060109;4.00;monofasico
5901832060116;4.00;monofasico
5901832060147;4.00;monofasico
5901832060154;4.00;monofasico
5901832060239;4.00;monofasico
5901832061168;4.00;monofasico
5901832061182;4.00;monofasico
5901832062257;4.00;monofasico
5901832062813;4.00;monofasico
5901832062851;4.00;monofasico
5901832063223;4.00;monofasico
5901832063773;4.00;monofasico
5901832066064;4.00;monofasico
5901832066071;4.00;monofasico
5901832067092;4.00;monofasico
5901832067139;4.00;monofasico
5901832067795;4.00;monofasico
5901832068617;4.00;monofasico
5901832068624;4.00;monofasico
5901832068648;4.00;monofasico
5901832068679;4.00;monofasico
5901832068686;4.00;monofasico
5903719640053;4.00;monofasico
5903719640060;4.00;monofasico
5903719640107;4.00;monofasico
5903719640114;4.00;monofasico
5903719640121;4.00;monofasico
5903719640909;4.00;monofasico
5903719640916;4.00;monofasico
5903719641043;4.00;monofasico
5903719641074;4.00;monofasico
5903719642378;4.00;monofasico
5903719642385;4.00;monofasico
5903719642392;4.00;monofasico
5903719642484;4.00;monofasico
5903719642514;4.00;monofasico
5903719642545;4.00;monofasico
5903719642705;4.00;monofasico
5903719642965;4.00;monofasico
5903719643047;4.00;monofasico
5903719643221;4.00;monofasico
5903719643238;4.00;monofasico
5903719643276;4.00;monofasico
5903719643375;4.00;monofasico
5903719643481;4.00;monofasico
5903719643528;4.00;monofasico
5903719643689;4.00;monofasico
5903719644358;4.00;monofasico
5903719644372;4.00;monofasico
5903719644433;4.00;monofasico
5903719644730;4.00;monofasico
5903719644792;4.00;monofasico
5903719644822;4.00;monofasico
5903719644846;4.00;monofasico
5903719644860;4.00;monofasico
5903719644884;4.00;monofasico
5903719644921;4.00;monofasico
5903719644945;4.00;monofasico
5903719646345;4.00;monofasico
5903719646376;4.00;monofasico
5903719646390;4.00;monofasico
5903719646413;4.00;monofasico
5903719646888;4.00;monofasico
5903719647045;4.00;monofasico
5903719647809;4.00;monofasico
5903719647816;4.00;monofasico
5903719648387;4.00;monofasico
5903719649216;4.00;monofasico
5906735231854;4.00;monofasico
5906735232011;4.00;monofasico
5906735232028;4.00;monofasico
5906735232059;4.00;monofasico
5906735232073;4.00;monofasico
5906735232516;4.00;monofasico
5906735232592;4.00;monofasico
5906735234015;4.00;monofasico
5906735234039;4.00;monofasico
5906735234053;4.00;monofasico
5906735234084;4.00;monofasico
5906735234404;4.00;monofasico
5906735234411;4.00;monofasico
5906735234435;4.00;monofasico
5906735234442;4.00;monofasico
5906735234473;4.00;monofasico
5906735234480;4.00;monofasico
6012301604089;25.00;monofasico
6012301604164;0.00;monofasico
6012301604201;0.00;monofasico
6012301607011;0.00;presumido
6012301607028;25.00;monofasico
6012301710094;0.00;presumido
6015201619641;18.00;presumido
6015644687665;18.00;real
602883748446;0.00;monofasico
602883749153;0.00;monofasico
602883749399;0.00;monofasico
602883749405;0.00;monofasico
602883749412;0.00;monofasico
602883749429;0.00;monofasico
609963220700;0.00;real
6151010013307;0.00;monofasico
618231932092;0.00;monofasico
618341053373;18.00;presumido
618341053397;18.00;presumido
6183413015282;0.00;monofasico
6183413015664;0.00;presumido
6183413015800;25.00;monofasico
6183413017026;18.00;monofasico
6183413017194;18.00;monofasico
6183413017330;0.00;monofasico
6183413017576;0.00;monofasico
6183413017644;25.00;real
6183413017712;0.00;monofasico
6183413017880;0.00;monofasico
6183413017958;0.00;real
6183413022112;0.00;monofasico
6190699009607;25.00;real
619205194409;18.00;real
6192051944090;0.00;real
619205194416;18.00;real
619205194461;18.00;real
619205194478;18.00;real
619205700419;0.00;monofasico
619205700556;0.00;monofasico
619205881385;0.00;monofasico
619205881507;0.00;monofasico
619205881590;0.00;monofasico
619205881750;0.00;monofasico
619205881910;0.00;monofasico
6210775010805;0.00;monofasico
6220174036009;0.00;monofasico
6220174048002;18.00;real
6220287006005;18.00;monofasico
6220426003506;0.00;monofasico
6220553009808;25.00;monofasico
6220625024609;0.00;monofasico
6220649019209;0.00;monofasico
6220649027600;0.00;monofasico
6220649028805;0.00;monofasico
6220649042009;0.00;monofasico
6220670004809;25.00;monofasico
6272721906082;0.00;real
6272721906105;0.00;presumido
6272721906143;0.00;presumido
6272721906167;0.00;presumido
6278515205010;0.00;real
6290360591421;4.00;monofasico
6290360593142;4.00;monofasico
6290360594552;4.00;monofasico
6290362342373;4.00;monofasico
6290362346531;4.00;monofasico
6290362348757;4.00;monofasico
6290362348764;4.00;monofasico
6290362348801;4.00;monofasico
6290362348818;4.00;monofasico
6290362348849;4.00;monofasico
6290362348863;4.00;monofasico
6291107456058;4.00;monofasico
6291108730515;4.00;monofasico
6291108735411;4.00;monofasico
6291108737194;4.00;monofasico
6309410578586;0.00;monofasico
630941256060;0.00;monofasico
630941438855;18.00;presumido
630941653395;0.00;monofasico
630941653456;0.00;monofasico
630941653913;0.00;monofasico
630941654279;0.00;monofasico
630941654309;0.00;monofasico
630941654323;0.00;monofasico
630941654576;0.00;monofasico
630941654637;0.00;monofasico
630941655412;0.00;monofasico
630941655429;0.00;monofasico
630941655436;0.00;monofasico
630941655443;0.00;monofasico
630941655450;0.00;monofasico
630941655948;18.00;presumido
630941656594;0.00;monofasico
630941656693;0.00;monofasico
630941656754;0.00;monofasico
630941656921;0.00;monofasico
630941657171;0.00;monofasico
630941657256;0.00;monofasico
630941657263;0.00;monofasico
630941657300;0.00;monofasico
630941657690;0.00;monofasico
631430567902;18.00;monofasico
631430567919;18.00;monofasico
637609819971;0.00;monofasico
649659903500;0.00;monofasico
649674126779;25.00;monofasico
649674126786;25.00;monofasico
649674126991;25.00;monofasico
649674127004;25.00;monofasico
649674127059;25.00;monofasico
649674127066;25.00;monofasico
649674127073;25.00;monofasico
649674127080;25.00;monofasico
649674127134;25.00;monofasico
649674127141;25.00;monofasico
649674127158;25.00;monofasico
649674127165;25.00;monofasico
649674127226;25.00;monofasico
649674127233;25.00;monofasico
649674127240;25.00;monofasico
649674127257;25.00;monofasico
649674127301;25.00;monofasico
649674127318;25.00;monofasico
649674127325;25.00;monofasico
649674127332;25.00;monofasico
649674127387;25.00;monofasico
649674127394;25.00;monofasico
649674127400;25.00;monofasico
649674127417;25.00;monofasico
649674156455;25.00;monofasico
649674156462;25.00;monofasico
649674156486;25.00;monofasico
649674156493;25.00;monofasico
649674156509;25.00;monofasico
6595219250116;0.00;monofasico
662834503074;0.00;monofasico
67891150024818;18.00;presumido
67891150049873;0.00;monofasico
67891150049880;18.00;monofasico
67891150049897;18.00;monofasico
67891150059841;18.00;presumido
67891150059872;18.00;real
67891150059889;0.00;monofasico
67891150059919;0.00;monofasico
67891150066900;18.00;presumido
67891150078545;18.00;monofasico
67891150083266;18.00;presumido
67891150091001;18.00;presumido
67891150095306;0.00;monofasico
67891150103292;18.00;monofasico
6836519209016;0.00;monofasico
68410525159611;18.00;real
68410525179466;18.00;real
6859855004121;0.00;real
6900000632277;25.00;monofasico
6900011222368;0.00;monofasico
6900011222948;0.00;monofasico
6900011222955;0.00;monofasico
6900011229633;0.00;monofasico
6900011237355;0.00;monofasico
6900520240099;0.00;monofasico
6901234567892;0.00;monofasico
6901240400664;0.00;monofasico
6901240400787;0.00;monofasico
6903250242531;0.00;monofasico
6903507801016;18.00;presumido
6908153850364;0.00;real
690853850364;0.00;monofasico
6909122304567;0.00;presumido
6910345576204;18.00;real
6911031604010;0.00;presumido
6911250150268;0.00;monofasico
6912025001280;0.00;monofasico
6915281357023;0.00;monofasico
6915545416121;0.00;monofasico
6916542108415;0.00;monofasico
6916542108422;0.00;monofasico
6916542108446;0.00;monofasico
6917121710401;0.00;monofasico
6919817041011;18.00;presumido
6920221110002;0.00;monofasico
6920354822223;12.00;monofasico
6920354824395;12.00;monofasico
6921497201999;4.00;real
6921801201011;0.00;monofasico
6921932573063;0.00;presumido
6923247822485;25.00;monofasico
6923450656181;0.00;monofasico
6923611610304;18.00;presumido
6923611708070;18.00;presumido
6923611720386;18.00;presumido
6923612108299;0.00;presumido
6923617021074;18.00;presumido
6923617051002;12.00;monofasico
6923845000155;0.00;real
6924269725167;0.00;monofasico
6924269725303;0.00;monofasico
6924269725396;25.00;monofasico
6924269725419;0.00;monofasico
6924269725433;0.00;monofasico
6925707227977;0.00;presumido
6926112304093;0.00;monofasico
6927111404203;0.00;monofasico
6927194062116;0.00;presumido
6927219125031;0.00;monofasico
6927219125154;0.00;monofasico
6927219125208;0.00;monofasico
6927219125260;0.00;monofasico
6930962307104;0.00;presumido
6931692306139;0.00;monofasico
6932159606083;25.00;monofasico
6932159606298;0.00;monofasico
6932159606311;0.00;monofasico
6932159607165;0.00;monofasico
6932159607240;0.00;monofasico
6932159607257;0.00;monofasico
6932159610554;0.00;monofasico
6932159610561;25.00;monofasico
6932159610578;0.00;monofasico
6932159610585;0.00;monofasico
6932159610592;25.00;monofasico
6935364099626;0.00;monofasico
6938480700483;0.00;real
6938712111070;0.00;monofasico
6938712111087;0.00;monofasico
6941898915943;0.00;monofasico
6942070614708;25.00;real
6944348541051;0.00;monofasico
6944348541075;4.00;monofasico
6944348541082;4.00;monofasico
6944348541181;4.00;monofasico
6944348541204;4.00;monofasico
6944348541310;4.00;monofasico
6946031838738;25.00;monofasico
6946731710358;0.00;presumido
6946731710365;0.00;presumido
6946731710372;0.00;presumido
6946731710389;0.00;presumido
6947790566658;25.00;real
6947790566689;25.00;real
6947790566696;0.00;monofasico
6947790566733;25.00;real
6947790571331;25.00;real
6947790571690;25.00;real
6947991540075;25.00;monofasico
6952550000358;0.00;monofasico
6952550000389;0.00;monofasico
6952550000396;0.00;monofasico
6952550000402;0.00;monofasico
6952550000419;0.00;monofasico
6952550000426;0.00;monofasico
6952938373760;0.00;presumido
6954613312231;0.00;presumido
6954613312255;0.00;monofasico
6954613312316;0.00;monofasico
6954613312361;0.00;monofasico
6954613312378;0.00;monofasico
6954613312699;0.00;monofasico
6954613312705;0.00;monofasico
6954613312729;25.00;monofasico
6954613312743;0.00;monofasico
6954613312767;0.00;monofasico
6954613312804;0.00;monofasico
6954613312811;18.00;monofasico
6955101605323;25.00;monofasico
6956250300336;0.00;presumido
6956821010282;18.00;presumido
6956823121009;0.00;monofasico
6956823121023;0.00;monofasico
6956823121054;0.00;monofasico
6956996775856;0.00;monofasico
6957055867505;25.00;monofasico
6960650643986;25.00;monofasico
6964741810356;0.00;monofasico
6964741810363;0.00;monofasico
6964741810387;0.00;monofasico
6964741810912;0.00;monofasico
6967102304334;0.00;monofasico
6967102304341;25.00;monofasico
6967981912507;18.00;presumido
6968332304415;0.00;monofasico
6968782111076;0.00;presumido
6968971810186;18.00;presumido
6968972207350;0.00;presumido
6968972207374;0.00;presumido
6968972312689;0.00;monofasico
6968972312696;0.00;monofasico
6969092210442;0.00;presumido
6969092305056;0.00;presumido
6969092306152;0.00;presumido
6969112312569;0.00;monofasico
6969112312606;0.00;monofasico
6969286044082;0.00;monofasico
6971100612162;0.00;monofasico
6971383636213;0.00;monofasico
6971431910180;0.00;presumido
6971622250767;0.00;monofasico
6972100400759;0.00;monofasico
6972100400933;0.00;monofasico
6972196671040;0.00;monofasico
6972352304515;0.00;monofasico
6972497850090;0.00;monofasico
6972497850106;0.00;monofasico
6972497850113;0.00;presumido
6972497853305;0.00;monofasico
6972589810056;0.00;monofasico
6972683500105;0.00;monofasico
6972683500112;0.00;monofasico
6972858362002;25.00;monofasico
6972858364099;25.00;monofasico
6972858364211;25.00;monofasico
6973094271325;0.00;presumido
6973094271998;0.00;presumido
6973094272483;0.00;monofasico
6973094274227;0.00;monofasico
6973094274258;18.00;presumido
6973094274272;0.00;monofasico
6973094274289;0.00;monofasico
6974352960005;0.00;monofasico
6975047069775;0.00;monofasico
6975350111543;0.00;monofasico
6976337633713;25.00;monofasico
6976337634321;25.00;monofasico
6976337635014;25.00;monofasico
6976337636455;25.00;real
6976337636486;0.00;monofasico
6976337637636;0.00;monofasico
6976337637902;25.00;monofasico
6976337638442;25.00;monofasico
6976337638572;25.00;monofasico
6976337638602;0.00;monofasico
6976337638688;25.00;monofasico
6977440149399;0.00;monofasico
6977591790754;0.00;monofasico
6978931640319;4.00;monofasico
6978931640326;4.00;monofasico
6978931640425;4.00;monofasico
6978931640432;4.00;monofasico
6978931640456;4.00;monofasico
6978931640463;4.00;monofasico
6978931640470;4.00;monofasico
6978931640524;4.00;monofasico
6978931640531;4.00;monofasico
6978931640548;4.00;monofasico
6978931640555;4.00;monofasico
6978931640593;4.00;monofasico
6978931640609;4.00;monofasico
6978931640616;4.00;monofasico
6978931640661;4.00;monofasico
6978931640692;4.00;monofasico
6978931640708;4.00;monofasico
6978931640746;4.00;monofasico
6978931640784;4.00;monofasico
6978931640807;4.00;monofasico
6978931640814;4.00;monofasico
6978931640821;4.00;monofasico
6978931640906;4.00;monofasico
6978931640920;4.00;monofasico
6978931640937;4.00;monofasico
6978931640944;4.00;monofasico
6978931640982;4.00;monofasico
6978931640999;4.00;monofasico
6978931641002;4.00;monofasico
6978931641019;4.00;monofasico
6978931641033;4.00;monofasico
6978931641071;4.00;monofasico
6978931641101;4.00;monofasico
6978931641125;4.00;monofasico
6978931641170;4.00;monofasico
6978931641217;4.00;monofasico
6978931641262;4.00;monofasico
6978931641286;4.00;monofasico
6978931641293;4.00;monofasico
6978931641316;4.00;monofasico
6978931641323;4.00;monofasico
6978931641330;4.00;monofasico
6978931641347;4.00;monofasico
6978931641354;4.00;monofasico
6978931641378;4.00;monofasico
6978931641392;4.00;monofasico
6978931641842;4.00;monofasico
6978931642016;4.00;monofasico
6978931642023;4.00;monofasico
6978931642030;4.00;monofasico
6978931642047;4.00;monofasico
6978931642054;4.00;monofasico
6978931642085;4.00;monofasico
6978931642139;4.00;monofasico
6978931642153;4.00;monofasico
6978931642276;4.00;monofasico
6978931642283;4.00;monofasico
6978931642306;4.00;monofasico
6978931642344;4.00;monofasico
6978931642382;4.00;monofasico
6978931642399;4.00;monofasico
6978931642405;4.00;monofasico
6978931642412;4.00;monofasico
6978931642481;4.00;monofasico
6978931642504;4.00;monofasico
6978931643006;4.00;monofasico
6978931643020;4.00;monofasico
6978931643037;4.00;monofasico
6978931643044;4.00;monofasico
6978931643082;4.00;monofasico
6978931643105;4.00;monofasico
6978931643136;4.00;monofasico
6978931643150;4.00;monofasico
6978931643303;4.00;monofasico
6978931643327;4.00;monofasico
6978931643334;4.00;monofasico
6978931643341;4.00;monofasico
6978931643389;4.00;monofasico
6978931643396;4.00;monofasico
6978931643433;4.00;monofasico
6978931643457;4.00;monofasico
6978931643525;4.00;monofasico
6978931643532;4.00;monofasico
6978931644010;4.00;monofasico
6978931644065;4.00;monofasico
6978931644133;4.00;monofasico
6978931644829;4.00;monofasico
6978931644836;4.00;monofasico
6978931644843;4.00;monofasico
6978931644966;4.00;monofasico
6978931644973;4.00;monofasico
6978931645031;4.00;monofasico
6978931645055;4.00;monofasico
6978931645109;4.00;monofasico
6978931645116;4.00;monofasico
6978931645789;4.00;monofasico
6978931645918;4.00;monofasico
6978931645925;4.00;monofasico
6978931645932;4.00;monofasico
6978931645970;4.00;monofasico
6978931645987;4.00;monofasico
6978931646007;4.00;monofasico
6978931646038;4.00;monofasico
6978931646045;4.00;monofasico
6978931646069;4.00;monofasico
6978931646090;4.00;monofasico
6978931646151;4.00;monofasico
6978931646366;4.00;monofasico
6978931646380;4.00;monofasico
6978931646670;4.00;monofasico
6978931646694;4.00;monofasico
6978931646717;4.00;monofasico
6978931646755;4.00;monofasico
6978931646793;4.00;monofasico
6978931646892;4.00;monofasico
6978931646908;4.00;monofasico
6978931646946;4.00;monofasico
6978931646953;4.00;monofasico
6978931646960;4.00;monofasico
6978931647004;4.00;monofasico
6978931647028;4.00;monofasico
6978931647042;4.00;monofasico
6978931647059;4.00;monofasico
6978931647066;4.00;monofasico
6978931647073;4.00;monofasico
6978931647080;4.00;monofasico
6978931647172;4.00;monofasico
6978931647189;4.00;monofasico
6978931647196;4.00;monofasico
6978931647271;4.00;monofasico
6978931647318;4.00;monofasico
6978931647325;4.00;monofasico
6978931647370;4.00;monofasico
6978931647387;4.00;monofasico
6978931648346;4.00;monofasico
6978931648353;4.00;monofasico
6978931648575;4.00;monofasico
6978931648582;4.00;monofasico
6978931648605;4.00;monofasico
6978931649015;4.00;monofasico
6978931649039;4.00;monofasico
6978931649053;4.00;monofasico
6978931649077;4.00;monofasico
6978931649275;4.00;monofasico
6978931649305;4.00;monofasico
6978931649381;4.00;monofasico
6978931649497;4.00;monofasico
6978931649503;4.00;monofasico
6978931649558;4.00;monofasico
6978931649619;4.00;monofasico
6978931649657;4.00;monofasico
6978931649930;4.00;monofasico
6978931649954;4.00;monofasico
6978931649992;4.00;monofasico
6979237550005;4.00;monofasico
6979237550012;4.00;monofasico
6979237550036;4.00;monofasico
6979237550050;4.00;monofasico
6979237550234;4.00;monofasico
6982024000058;0.00;monofasico
6988571123387;0.00;monofasico
6989761501176;0.00;presumido
6989761502180;0.00;monofasico
6989761502197;25.00;monofasico
6989761502203;0.00;presumido
6996112210038;0.00;presumido
6998882448901;0.00;monofasico
6998882552202;0.00;monofasico
6998882553407;0.00;monofasico
6998882559515;0.00;monofasico
6998882566209;0.00;presumido
6998882566407;0.00;monofasico
700083101273;4.00;real
700083101303;4.00;real
70330714274;0.00;real
70341368244;0.00;monofasico
70341368251;0.00;monofasico
70341368282;0.00;monofasico
70341368565;0.00;monofasico
70341368572;0.00;monofasico
70341368589;0.00;monofasico
70341368596;0.00;monofasico
70341368602;0.00;monofasico
70341368626;0.00;monofasico
70341369111;0.00;real
70341369128;0.00;real
70341696354;0.00;monofasico
70341696439;0.00;monofasico
70341696699;0.00;monofasico
70341696989;0.00;monofasico
70341697191;0.00;monofasico
70341697658;0.00;monofasico
70341697733;0.00;monofasico
70341697818;0.00;monofasico
70341698273;0.00;monofasico
70341698396;0.00;monofasico
70341698587;0.00;monofasico
70341698730;0.00;monofasico
70341698761;0.00;monofasico
70341698983;0.00;monofasico
70341699065;0.00;monofasico
70341699140;0.00;monofasico
70341699195;0.00;monofasico
70341699225;0.00;monofasico
70341699287;0.00;monofasico
70341699300;0.00;monofasico
70341699522;18.00;presumido
70341699911;0.00;monofasico
70341699959;0.00;monofasico
70341700013;18.00;presumido
70341700372;0.00;monofasico
70341700662;18.00;presumido
70341700860;0.00;monofasico
70341700877;0.00;monofasico
70341700945;0.00;monofasico
70341700976;0.00;monofasico
70341701331;0.00;monofasico
70341702024;0.00;monofasico
70341702116;0.00;monofasico
70341702154;0.00;monofasico
70341702420;0.00;monofasico
70341702567;0.00;monofasico
70341702710;0.00;monofasico
70341702895;0.00;monofasico
70341703571;0.00;monofasico
70341705360;18.00;presumido
70341705384;0.00;monofasico
70341705391;18.00;presumido
70341705452;18.00;presumido
70341705483;18.00;presumido
70341705544;0.00;monofasico
70341705568;0.00;monofasico
70341705940;18.00;presumido
70341706008;0.00;monofasico
70341706022;0.00;monofasico
70341706077;0.00;monofasico
70341707043;0.00;monofasico
70341707067;0.00;monofasico
70341707104;0.00;monofasico
70341707128;0.00;monofasico
70341707135;0.00;monofasico
70341707159;0.00;monofasico
70341707197;0.00;monofasico
70341707210;0.00;monofasico
70341707371;18.00;presumido
70341707395;0.00;monofasico
70341709559;18.00;presumido
70341709580;18.00;presumido
70341709672;18.00;presumido
70341709917;18.00;presumido
70341710128;18.00;presumido
70341710333;18.00;presumido
70341710364;18.00;presumido
70341710395;18.00;presumido
70341710517;18.00;presumido
70341710548;0.00;monofasico
718910606938;0.00;monofasico
731509017205;18.00;real
731509017236;18.00;real
731509017373;18.00;real
731509535563;18.00;real
731509535709;18.00;real
731509535723;18.00;real
731509535730;18.00;real
731509535754;18.00;real
731509535860;18.00;real
731509541236;18.00;real
731509547085;18.00;real
731509547092;18.00;real
731509547108;18.00;real
731509549508;18.00;real
731509549515;18.00;real
731509549553;18.00;real
731509560732;18.00;real
731509577617;18.00;real
731509585643;18.00;real
731509585650;18.00;monofasico
731509596007;18.00;real
731509602821;18.00;real
731509602838;18.00;real
731509602883;18.00;real
731509627596;18.00;real
731509627824;18.00;real
731509627862;18.00;monofasico
731509627886;18.00;real
731509632941;18.00;real
731509636116;18.00;real
731509636352;18.00;real
731509636635;25.00;real
731509637045;18.00;real
731509637052;18.00;real
731509644234;18.00;real
731509644241;18.00;real
731509647877;18.00;real
731509660241;18.00;real
731509661309;18.00;real
731509661330;18.00;real
731509661354;18.00;real
731509662504;25.00;monofasico
731509662511;25.00;real
731509662528;25.00;real
731509667844;25.00;real
731509667851;25.00;real
731509667868;25.00;monofasico
731509667875;25.00;real
731509672664;18.00;real
731509672671;18.00;real
731509673609;18.00;real
731509673777;18.00;real
731509673814;18.00;real
731509679069;18.00;real
731509679076;18.00;real
731509679106;18.00;real
731509679113;18.00;real
731509679168;18.00;real
731509679182;18.00;real
731509685527;18.00;real
731509687071;25.00;real
731509687354;25.00;real
731509687705;25.00;real
731509687712;25.00;real
731509687729;25.00;real
731509687736;25.00;real
731509687743;25.00;real
731509687750;25.00;real
731509687767;25.00;monofasico
731509687774;25.00;real
731509687835;25.00;monofasico
731509687897;25.00;real
731509687927;25.00;monofasico
731509687965;25.00;monofasico
731509687972;25.00;monofasico
731509690927;25.00;real
731509690934;25.00;monofasico
731509719253;18.00;real
731509723755;18.00;real
731509723762;18.00;real
731509723779;18.00;real
731509723786;18.00;real
731509723793;18.00;real
731509724059;18.00;real
731509724066;18.00;real
731509765236;18.00;real
731509765557;18.00;real
731509770209;18.00;real
731509770278;18.00;real
731509770292;18.00;real
731509771534;25.00;real
731509792546;18.00;real
731509792553;18.00;real
731509811322;18.00;real
731509811339;18.00;real
731509811353;18.00;monofasico
731509817157;25.00;real
731509817164;25.00;real
7315098328916;0.00;monofasico
731509836554;18.00;real
731509837773;18.00;real
731509837858;18.00;real
731509867466;18.00;real
731509890334;18.00;real
731509893373;18.00;real
731509913750;18.00;real
731509913774;18.00;real
731509913903;18.00;real
731509914030;18.00;real
731509915495;18.00;real
731509919127;18.00;real
731509919134;18.00;real
731509933550;18.00;real
731509933567;18.00;real
731509937930;18.00;real
731509944464;18.00;real
731509947014;18.00;real
731509947311;18.00;real
731509956108;18.00;real
731509966053;25.00;real
731509966060;25.00;real
731509966497;18.00;real
731509966503;25.00;monofasico
731509966527;25.00;monofasico
731509966565;25.00;monofasico
731509970906;25.00;real
731509970920;25.00;monofasico
731509970937;25.00;real
731509970944;25.00;real
731509970951;25.00;real
731509971125;25.00;real
731509971194;25.00;real
731509971330;25.00;real
731509971354;25.00;real
731509971927;18.00;real
731509972443;25.00;monofasico
731509972467;25.00;monofasico
731509972511;25.00;monofasico
731509972719;25.00;monofasico
731509972733;25.00;real
731509972757;25.00;monofasico
731509972917;25.00;real
731509972931;25.00;real
731509973181;18.00;real
731509974522;18.00;real
731509974546;18.00;real
731509974560;18.00;real
731509974584;18.00;real
731509974645;18.00;real
731509974713;18.00;real
731509974775;18.00;real
731509974973;25.00;real
731509975000;18.00;real
731509990034;18.00;real
731509990058;18.00;real
731509990072;18.00;real
731509990119;18.00;real
731509990140;25.00;real
731509990171;18.00;real
731509990195;18.00;real
731509990232;18.00;real
731509990256;18.00;real
731509990263;18.00;real
731509990294;18.00;real
731509990331;18.00;real
731509990355;18.00;real
731509990379;25.00;real
731509990393;25.00;real
731509990416;25.00;real
731509990430;25.00;real
731509990454;25.00;real
731509990485;25.00;monofasico
731509990492;18.00;real
731509990539;25.00;monofasico
731509990553;25.00;monofasico
731509990591;25.00;monofasico
731509990607;18.00;real
731509990614;25.00;monofasico
731509990638;18.00;real
731509990652;18.00;real
731509990676;18.00;real
731509990690;18.00;real
731509990874;18.00;real
731509990898;18.00;real
731509990911;18.00;real
731509991031;25.00;real
731509991055;25.00;monofasico
731509991079;25.00;monofasico
731509991277;18.00;real
731509991291;18.00;real
731509991307;18.00;real
731509991314;18.00;real
731509991321;18.00;real
731509991338;18.00;monofasico
731509991345;18.00;real
731509991352;18.00;real
731509991369;18.00;real
731509991376;18.00;real
731509991383;18.00;real
731509991406;18.00;real
731509991413;18.00;real
731509991420;18.00;real
731509991437;18.00;real
731509991444;18.00;real
731509991451;18.00;real
731509991505;18.00;real
731509991529;18.00;real
731509991659;18.00;real
731509991666;18.00;real
731509991673;18.00;real
731509991680;18.00;real
731509991703;18.00;real
731509991710;18.00;real
731509991758;18.00;real
731509991765;18.00;real
731509991772;18.00;real
731509991789;18.00;real
731509991796;18.00;real
731509991802;18.00;real
731509991819;18.00;real
731509991826;18.00;real
731509991840;18.00;real
731509991857;18.00;real
731509991888;18.00;real
731509991895;18.00;real
731509991918;18.00;real
731509991925;18.00;real
731509991932;18.00;real
731509991949;18.00;real
731509991963;18.00;real
731509991994;18.00;real
731509992014;18.00;real
731509992021;18.00;real
731509992045;18.00;real
731509992069;18.00;real
731509992083;18.00;real
731509992090;18.00;real
731509992182;18.00;real
731509992311;18.00;real
731509992335;18.00;real
731509992502;18.00;real
731509992526;18.00;real
731509992540;18.00;real
731509992564;18.00;real
731509992663;18.00;real
731509992694;18.00;real
731509992717;18.00;real
731509992731;18.00;real
731509992755;18.00;real
731509992779;18.00;real
731509992793;18.00;real
731509992816;18.00;real
731509992830;18.00;real
731509992885;18.00;real
731509992908;18.00;real
731509992946;18.00;real
731509993097;18.00;real
731509993295;18.00;real
731509993318;18.00;real
731509993356;18.00;real
731509993387;18.00;real
731509993400;18.00;real
731509993424;18.00;real
731509993448;18.00;monofasico
731509993486;18.00;real
731509993509;18.00;real
731509993547;18.00;real
731509993561;18.00;real
731509993585;18.00;real
731509993660;18.00;real
731509993707;18.00;real
731509993721;18.00;real
731509993745;18.00;real
731509993769;18.00;real
731509993783;18.00;monofasico
731509993806;18.00;real
731509994032;18.00;real
731509994049;18.00;real
731509994087;18.00;real
7315099943224;18.00;real
731509994353;18.00;real
731509994391;18.00;monofasico
731509994469;18.00;monofasico
731509994506;18.00;monofasico
731509994544;18.00;real
731509994568;18.00;real
731509994575;18.00;real
731509994582;18.00;real
731509994599;18.00;real
731509994605;18.00;real
731509994612;18.00;real
731509994629;18.00;real
731509994667;18.00;real
731509994698;25.00;real
731509994704;25.00;real
731509994711;18.00;real
731509994728;18.00;real
731509994803;18.00;real
731509994889;18.00;real
731509994896;18.00;real
7315099948960;18.00;real
731509994902;18.00;real
7315099949028;18.00;real
731509994919;18.00;real
731509994926;18.00;real
7315099949264;18.00;real
731509994933;18.00;real
7315099949332;18.00;real
731509995046;25.00;real
731509995152;18.00;real
731509995169;18.00;real
731509995312;25.00;real
731509995541;25.00;real
731509995565;18.00;real
731509995664;25.00;real
731509995671;25.00;real
731509995688;25.00;real
731509995725;18.00;real
731509995732;25.00;real
731509995749;25.00;monofasico
731509995763;18.00;real
731509995770;18.00;real
731509995800;18.00;real
731509995831;18.00;real
731509995879;18.00;real
731509995893;18.00;real
731509995909;18.00;real
731509995930;18.00;real
731509995978;18.00;real
731509996180;18.00;monofasico
731509996197;25.00;real
731509996203;0.00;real
731509996210;18.00;real
731509996241;18.00;real
731509996258;0.00;real
731509996272;18.00;real
731509996289;18.00;real
731509996302;18.00;real
731509996333;18.00;real
731509996364;18.00;real
731509996371;18.00;real
731509996425;18.00;real
731509996432;18.00;real
731509996456;18.00;real
731509996463;18.00;real
731509996487;18.00;real
731509996517;18.00;real
731509996524;18.00;real
731509996531;18.00;real
731509996548;18.00;real
731509996555;18.00;real
731509996562;18.00;real
731509996579;18.00;real
731509996586;18.00;real
731509996593;18.00;real
731509996609;18.00;real
731509996678;18.00;real
731509996685;18.00;real
731509996692;18.00;real
731509997101;25.00;real
731509997125;25.00;real
731509997156;25.00;real
731509997163;25.00;real
731509997170;25.00;real
731509997279;25.00;monofasico
731509997286;25.00;monofasico
731509997293;25.00;monofasico
731509997309;25.00;monofasico
731509997330;25.00;monofasico
731509997347;25.00;monofasico
731509997354;25.00;monofasico
731509997378;18.00;real
731509997453;18.00;real
731509997576;25.00;real
731509997583;25.00;real
731509997590;25.00;real
731509997606;25.00;real
731509997613;25.00;real
731509997620;25.00;real
731509997637;25.00;real
731509997644;25.00;real
731509997651;25.00;monofasico
731509997668;25.00;monofasico
731509997675;25.00;monofasico
731509997682;25.00;real
731509997699;25.00;real
731509997705;25.00;monofasico
731509997798;18.00;real
731509997828;18.00;real
731509997965;18.00;real
731509998016;18.00;real
731509998207;18.00;real
731509998375;25.00;real
731509998573;18.00;real
731509998580;18.00;real
731509998634;18.00;real
731509998641;18.00;real
7315099991812;18.00;real
731509999556;18.00;real
731509999563;18.00;real
731509999570;18.00;real
731509999709;18.00;monofasico
7315099997852;18.00;real
731509999839;25.00;real
731509999846;25.00;real
731509999853;25.00;real
731509999860;25.00;real
731509999877;25.00;real
731509999884;25.00;real
731509999976;18.00;real
731509999983;18.00;real
731509999990;18.00;real
736691384470;0.00;monofasico
742832191777;18.00;real
74468634398;0.00;monofasico
7446894400824;0.00;monofasico
7448070103819;0.00;monofasico
7448070225108;0.00;monofasico
7448070225146;0.00;monofasico
7448070225245;0.00;monofasico
7448070225252;0.00;monofasico
7448070225269;0.00;monofasico
7448070225610;0.00;monofasico
7448070225634;0.00;monofasico
7448070225764;18.00;monofasico
7448070225795;0.00;monofasico
7448070225825;0.00;monofasico
7448070225856;0.00;monofasico
7448070225900;0.00;monofasico
7448070226075;0.00;monofasico
7448070226082;0.00;monofasico
7448070226693;0.00;monofasico
7448070226846;0.00;monofasico
7448070226938;0.00;monofasico
7448070226945;0.00;monofasico
7448070227034;0.00;monofasico
7448070227089;18.00;monofasico
7448070227096;18.00;monofasico
7448070227119;0.00;monofasico
7448070227485;0.00;monofasico
7448070227621;0.00;monofasico
7448070227867;0.00;monofasico
7448070227881;18.00;monofasico
7448070228901;0.00;monofasico
7448070228949;25.00;monofasico
7448070228956;25.00;monofasico
7448070229076;0.00;monofasico
7448070229113;0.00;monofasico
7448070229120;0.00;monofasico
7448070229199;25.00;monofasico
7448070229205;25.00;monofasico
7448070229212;25.00;monofasico
7448070231291;18.00;monofasico
7448070231505;25.00;monofasico
7448070231543;0.00;monofasico
7448070231567;25.00;monofasico
7448070231604;25.00;monofasico
7448070231611;0.00;monofasico
7448070231628;0.00;monofasico
7448070231635;0.00;monofasico
7448070231673;0.00;monofasico
7448070231697;25.00;monofasico
7448070231772;0.00;monofasico
7448070231789;0.00;monofasico
7448070231796;0.00;monofasico
7448070231802;0.00;monofasico
7448070232281;0.00;monofasico
7448070232496;0.00;monofasico
7448070232502;0.00;monofasico
7448070232533;0.00;monofasico
7448070232540;0.00;monofasico
7448070232564;0.00;monofasico
7448070232588;0.00;monofasico
7448070232731;18.00;monofasico
7448070303011;0.00;monofasico
7448070303028;25.00;monofasico
7448070303042;25.00;monofasico
7448070303059;0.00;monofasico
7448070303066;25.00;monofasico
7448070303493;25.00;monofasico
7448070303516;0.00;monofasico
7448070303523;0.00;monofasico
7448070303530;18.00;monofasico
7448070303547;0.00;monofasico
7448070303554;0.00;monofasico
7448070303585;0.00;monofasico
7448070303639;18.00;real
7448070303646;18.00;monofasico
7448070303691;0.00;monofasico
7448070303851;0.00;monofasico
7448070303882;0.00;monofasico
7448070303974;0.00;monofasico
7448070304094;0.00;monofasico
7448070304124;0.00;monofasico
7448070304131;0.00;monofasico
7448070304155;0.00;monofasico
7448070304278;18.00;monofasico
7448070304308;18.00;monofasico
7448070304353;0.00;monofasico
7448070304407;0.00;monofasico
7448070304414;0.00;monofasico
7448070304889;0.00;monofasico
7448070304896;0.00;monofasico
7448070304940;25.00;monofasico
7448070305503;0.00;monofasico
745125898551;0.00;monofasico
745125898896;0.00;monofasico
745125898919;0.00;monofasico
745125898940;0.00;monofasico
745125898988;0.00;monofasico
745125898995;0.00;monofasico
7500435004220;18.00;real
7500435011150;18.00;monofasico
7500435011297;18.00;real
7500435011303;18.00;real
7500435017046;0.00;monofasico
7500435020442;25.00;monofasico
7500435024594;12.00;monofasico
7500435105699;18.00;real
7500435106382;25.00;monofasico
7500435106405;25.00;monofasico
7500435107754;12.00;monofasico
7500435107761;12.00;monofasico
7500435110662;12.00;monofasico
7500435112123;18.00;monofasico
7500435112130;18.00;monofasico
7500435113465;18.00;monofasico
7500435116305;25.00;monofasico
7500435118507;25.00;monofasico
7500435118514;0.00;monofasico
7500435118583;25.00;monofasico
7500435121002;18.00;real
7500435121736;18.00;real
7500435122627;18.00;real
7500435122764;12.00;monofasico
7500435123884;18.00;real
7500435124638;12.00;monofasico
7500435125376;25.00;monofasico
7500435125383;18.00;monofasico
7500435125390;0.00;monofasico
7500435125406;0.00;monofasico
7500435125413;25.00;monofasico
7500435125420;18.00;monofasico
7500435125468;18.00;monofasico
7500435125482;12.00;monofasico
7500435125826;18.00;real
7500435125840;18.00;real
7500435126199;18.00;real
7500435127226;18.00;real
7500435127233;18.00;real
7500435127240;18.00;real
7500435127257;18.00;real
7500435127288;18.00;real
7500435128346;0.00;monofasico
7500435128353;18.00;monofasico
7500435128360;18.00;monofasico
7500435128384;0.00;monofasico
7500435128391;0.00;monofasico
7500435128957;0.00;monofasico
7500435129350;18.00;monofasico
7500435129367;18.00;monofasico
7500435129374;18.00;monofasico
7500435129947;18.00;monofasico
7500435132732;0.00;real
7500435134415;12.00;monofasico
7500435135030;18.00;monofasico
7500435135047;18.00;monofasico
7500435135061;18.00;monofasico
7500435135078;0.00;monofasico
7500435137737;12.00;monofasico
7500435141536;0.00;presumido
7500435141727;0.00;monofasico
7500435141819;18.00;monofasico
7500435141833;18.00;monofasico
7500435142229;25.00;monofasico
7500435142236;25.00;monofasico
7500435142243;25.00;monofasico
7500435143189;18.00;monofasico
7500435143196;18.00;monofasico
7500435143233;0.00;monofasico
7500435143875;18.00;monofasico
7500435145152;12.00;monofasico
7500435146135;0.00;real
7500435146142;18.00;real
7500435146159;18.00;real
7500435146166;18.00;real
7500435147736;0.00;presumido
7500435148085;0.00;real
7500435148436;0.00;monofasico
7500435150248;12.00;monofasico
7500435151498;18.00;monofasico
7500435151504;25.00;monofasico
7500435152457;0.00;monofasico
7500435152495;12.00;monofasico
7500435152624;12.00;monofasico
7500435153164;12.00;monofasico
7500435154222;18.00;monofasico
7500435154239;18.00;monofasico
7500435154260;25.00;monofasico
7500435154277;25.00;monofasico
7500435154291;25.00;monofasico
7500435154307;25.00;monofasico
7500435154383;18.00;real
7500435154420;0.00;real
7500435154437;25.00;monofasico
7500435154772;0.00;real
7500435155540;12.00;monofasico
7500435158077;18.00;monofasico
7500435158688;18.00;monofasico
7500435160285;18.00;real
7500435160650;18.00;real
7500435161411;18.00;monofasico
7500435169356;18.00;monofasico
7500435169363;18.00;monofasico
7500435169370;18.00;monofasico
7500435169387;0.00;monofasico
7500435169486;18.00;real
7500435169677;18.00;real
7500435170017;18.00;monofasico
7500435170024;18.00;monofasico
7500435171083;12.00;monofasico
7500435172561;18.00;real
7500435172714;18.00;monofasico
7500435176453;12.00;monofasico
7500435176866;0.00;monofasico
7500435177054;12.00;monofasico
7500435178594;18.00;real
7500435178600;18.00;real
7500435178631;0.00;presumido
7500435178662;0.00;presumido
7500435179829;0.00;real
7500435180283;0.00;monofasico
7500435186438;18.00;monofasico
7500435187879;18.00;monofasico
7500435187886;18.00;monofasico
7500435188227;18.00;monofasico
7500435190633;18.00;real
7500435190657;18.00;real
7500435196970;18.00;monofasico
7500435196987;18.00;monofasico
7500435196994;25.00;monofasico
7500435197007;25.00;monofasico
7500435197014;25.00;monofasico
7500435199780;0.00;monofasico
7500435200301;0.00;monofasico
7500435203999;18.00;real
7500435204002;18.00;real
7500435204026;18.00;real
7500435204040;18.00;real
7500435204415;12.00;monofasico
7500435204422;12.00;monofasico
7500435204781;12.00;monofasico
7500435205856;0.00;presumido
7500435209304;18.00;monofasico
7500435209311;12.00;monofasico
7500435209335;25.00;monofasico
7500435209342;18.00;monofasico
7500435209748;4.00;monofasico
7500435209755;4.00;monofasico
7500435211635;18.00;real
7500435212335;25.00;monofasico
7500435214650;18.00;real
7500435214667;18.00;real
7500435215565;0.00;monofasico
7500435219334;18.00;real
7500435219754;18.00;monofasico
7500435225366;18.00;real
7500435230599;18.00;real
7500435231213;12.00;monofasico
7500435231220;12.00;monofasico
7500435232777;18.00;monofasico
7500435232784;25.00;monofasico
7500435232807;25.00;monofasico
7500435232814;12.00;monofasico
7500435232821;25.00;monofasico
7500435232838;18.00;monofasico
7500435233446;18.00;real
7500435233644;18.00;monofasico
7500435234719;12.00;monofasico
7500435234818;12.00;monofasico
7500435238670;18.00;monofasico
7500435238687;18.00;monofasico
7500435238700;0.00;real
7500435238717;18.00;real
7500435240369;18.00;monofasico
7500435240376;18.00;monofasico
7500435240512;25.00;monofasico
7500435240529;18.00;monofasico
7500435241656;18.00;monofasico
7500435241724;25.00;monofasico
7500435241731;25.00;monofasico
7500435242615;18.00;monofasico
7500435242622;18.00;monofasico
7500435243117;18.00;monofasico
7500435243124;18.00;monofasico
7500435243506;25.00;monofasico
7500435243513;25.00;monofasico
7500435243841;12.00;monofasico
7500435243858;12.00;monofasico
7500435244688;18.00;real
7500435245807;18.00;real
7500435245821;18.00;real
7500435245845;18.00;real
7500435245883;18.00;real
7500435247122;18.00;real
7500435247139;18.00;real
7500435247917;25.00;monofasico
7500435248051;25.00;monofasico
7500435248068;4.00;monofasico
7500435248136;18.00;monofasico
7500435248143;18.00;monofasico
7500435248167;25.00;monofasico
7500435248174;25.00;monofasico
7500435248181;25.00;monofasico
7500435248419;18.00;real
7500435248433;18.00;real
7500435248440;0.00;presumido
7500435248808;18.00;real
7500435249478;18.00;monofasico
7500435249485;18.00;monofasico
7500435249492;18.00;monofasico
7500435249508;18.00;monofasico
7500435249515;18.00;monofasico
7500435250184;0.00;real
7500435250207;18.00;real
7500435250221;18.00;real
7500435250559;18.00;real
7500435251068;18.00;monofasico
7500435251075;18.00;monofasico
7500435251914;18.00;real
7500435251969;25.00;monofasico
7500435251976;25.00;monofasico
7500435252003;0.00;presumido
7500435253598;18.00;monofasico
7500435256353;12.00;monofasico
7500435256438;18.00;monofasico
7500435259095;25.00;monofasico
7500435259125;25.00;monofasico
7500435259132;25.00;monofasico
7500435259378;18.00;monofasico
7500435260251;18.00;monofasico
7500435260268;25.00;monofasico
7500435260282;25.00;monofasico
7500435260305;18.00;monofasico
7500435260312;18.00;monofasico
7500435260329;25.00;monofasico
7500435260336;25.00;monofasico
7500435260367;18.00;monofasico
7500435260374;25.00;monofasico
7500435261098;25.00;monofasico
7500435261128;25.00;monofasico
7500435261227;18.00;monofasico
7500435262576;18.00;real
7500435265317;18.00;real
7500435265324;18.00;real
7500435265331;18.00;real
7500435266147;25.00;monofasico
7500435268844;18.00;real
7501001100285;12.00;monofasico
7501001104191;12.00;monofasico
7501001109653;18.00;real
7501001109660;18.00;real
7501001133627;18.00;monofasico
7501001133634;18.00;monofasico
7501001164645;18.00;monofasico
7501001165246;18.00;monofasico
7501001165253;25.00;monofasico
7501001165321;12.00;monofasico
7501001170318;0.00;monofasico
7501006707687;18.00;monofasico
7501006721133;18.00;monofasico
7501006721157;18.00;monofasico
7501006721317;25.00;monofasico
7501006721331;0.00;monofasico
7501007413105;25.00;monofasico
7501007413112;0.00;monofasico
7501007413921;18.00;monofasico
7501007413938;0.00;monofasico
7501007457789;0.00;monofasico
7501007457796;18.00;monofasico
7501007457826;0.00;monofasico
7501014501390;18.00;real
7501033207426;12.00;monofasico
7501086495122;12.00;monofasico
7501843502919;18.00;real
7501843502926;18.00;real
7501843503183;0.00;monofasico
7501843503350;18.00;real
7501843503367;18.00;real
7501843503381;0.00;presumido
7501843503923;18.00;real
7501843507129;18.00;real
7501843507365;18.00;real
7501843581273;18.00;real
7501843581280;18.00;real
75058845;18.00;monofasico
75058852;12.00;monofasico
7506195129104;18.00;monofasico
7506195129838;0.00;real
7506195137161;18.00;monofasico
7506195142035;18.00;monofasico
7506195142042;18.00;monofasico
7506195167281;25.00;monofasico
7506195183373;12.00;monofasico
75062835;18.00;monofasico
7506295338901;18.00;real
7506295388487;12.00;monofasico
7506306214972;18.00;monofasico
7506306214989;18.00;monofasico
7506306233362;12.00;monofasico
7506306241169;18.00;monofasico
7506306241176;18.00;monofasico
7506306241183;18.00;monofasico
7506306244177;18.00;monofasico
7506306244184;18.00;monofasico
7506306254459;18.00;monofasico
7506306255654;18.00;real
7506306255661;18.00;real
7506306255678;18.00;real
7506309805498;0.00;real
7506309840024;0.00;monofasico
7506309840581;0.00;monofasico
7506309841816;0.00;monofasico
7506309841823;25.00;monofasico
7506309865393;18.00;monofasico
7506309865409;18.00;monofasico
7506309889368;25.00;monofasico
7506309889375;25.00;monofasico
7506309889399;25.00;monofasico
7506339325249;18.00;real
7506339325263;18.00;real
7506339326031;18.00;real
7506339326048;18.00;real
7506339326055;18.00;real
7506339337525;18.00;real
7506339337532;0.00;presumido
7506339363883;12.00;monofasico
7506339390216;18.00;monofasico
7506339394535;18.00;real
7506339394603;18.00;real
7506339398236;12.00;monofasico
7506339399523;18.00;real
7506460101064;25.00;monofasico
7506460101088;25.00;monofasico
7506460101279;25.00;monofasico
75076702;18.00;monofasico
75076719;18.00;monofasico
75076818;18.00;monofasico
75076825;0.00;monofasico
75076870;0.00;monofasico
75078829;18.00;monofasico
75078836;18.00;monofasico
75082833;18.00;monofasico
75082840;18.00;monofasico
75082864;18.00;monofasico
75082871;18.00;monofasico
75083595;18.00;monofasico
7509546055169;12.00;monofasico
7509546061689;4.00;monofasico
7509546065465;4.00;monofasico
7509546068558;4.00;monofasico
7509546069593;4.00;monofasico
7509546069609;4.00;monofasico
7509546079400;4.00;monofasico
7509546080864;4.00;monofasico
7509546651040;12.00;monofasico
7509546653143;12.00;monofasico
7509546653396;12.00;monofasico
7509546653587;12.00;real
7509546655017;12.00;monofasico
7509546656588;12.00;monofasico
7509546656670;12.00;real
7509546657066;12.00;monofasico
7509546657240;4.00;monofasico
7509546657738;12.00;monofasico
7509546660073;12.00;monofasico
7509546662022;12.00;real
7509546665115;18.00;real
7509546665306;12.00;monofasico
7509546665801;12.00;real
7509546665818;12.00;real
7509546666785;18.00;real
7509546666792;12.00;real
7509546666808;18.00;real
7509546666815;18.00;real
7509546666983;18.00;monofasico
7509546666990;12.00;monofasico
7509546667638;12.00;monofasico
7509546668055;12.00;monofasico
7509546668062;12.00;monofasico
7509546668277;18.00;monofasico
7509546671550;12.00;monofasico
7509546671574;12.00;monofasico
7509546672021;12.00;monofasico
7509546673042;4.00;monofasico
7509546673189;12.00;real
7509546673196;12.00;real
7509546673202;18.00;real
7509546673226;12.00;monofasico
7509546673844;18.00;monofasico
7509546675138;12.00;monofasico
7509546676258;12.00;monofasico
7509546677941;18.00;real
7509546677958;18.00;real
7509546678382;18.00;real
7509546679273;4.00;monofasico
7509546679525;12.00;monofasico
7509546679532;12.00;monofasico
7509546680590;18.00;monofasico
7509546681054;25.00;monofasico
7509546681139;18.00;monofasico
7509546681146;25.00;monofasico
7509546681153;18.00;monofasico
7509546686028;12.00;monofasico
7509546686042;12.00;monofasico
7509546686196;12.00;monofasico
7509546686202;18.00;monofasico
7509546687476;18.00;monofasico
7509546687865;12.00;real
7509546687896;12.00;real
7509546687902;12.00;real
7509546687926;0.00;monofasico
7509546688008;18.00;monofasico
7509546688015;18.00;monofasico
7509546688022;12.00;monofasico
7509546688176;0.00;monofasico
7509546689340;18.00;monofasico
7509546689913;18.00;monofasico
7509546689944;18.00;monofasico
7509546692050;12.00;real
7509546693729;4.00;monofasico
7509546693736;4.00;monofasico
7509546694580;12.00;monofasico
7509546695082;4.00;monofasico
7509546695945;12.00;real
7509546696034;12.00;monofasico
7509546696300;18.00;monofasico
7509546696393;18.00;presumido
7509546697246;12.00;monofasico
7509546699448;12.00;real
7509546699912;25.00;monofasico
7509546700397;4.00;monofasico
7509546700465;12.00;real
7509546700472;12.00;real
7509546700557;18.00;real
7509546701059;12.00;monofasico
7509546702001;4.00;monofasico
7509546702018;4.00;monofasico
7509546702025;4.00;monofasico
7509546702452;4.00;monofasico
7509546702469;4.00;monofasico
7509546702506;12.00;monofasico
7509546703404;18.00;monofasico
7509546703428;12.00;monofasico
7509546703848;12.00;real
7509546703916;12.00;real
7509546703930;12.00;real
7509546703947;12.00;real
7509546703961;18.00;real
7509546703978;18.00;real
7509546703985;18.00;real
7509546704067;12.00;monofasico
7509546704333;25.00;monofasico
7509546704340;18.00;monofasico
7509546704395;12.00;real
7509546706207;12.00;monofasico
7509546707235;18.00;monofasico
7509546707273;18.00;monofasico
7509546707457;18.00;monofasico
7509546707594;18.00;monofasico
7509546707754;18.00;monofasico
7509546707785;18.00;monofasico
7509546707938;18.00;monofasico
7509552917390;25.00;monofasico
7509552917406;25.00;monofasico
7509552917413;25.00;monofasico
7509552917420;25.00;monofasico
7509552917437;25.00;monofasico
751320421739;18.00;presumido
751320421746;18.00;real
7591083011081;4.00;monofasico
7612412156003;12.00;real
7612412396003;12.00;real
7612412423037;12.00;real
7612412424614;12.00;monofasico
7612412424959;12.00;monofasico
7612412426007;12.00;real
7612412428964;12.00;real
7612412429039;12.00;real
7612412429268;12.00;real
7612412431063;12.00;real
7612412546002;12.00;real
761736265001;18.00;presumido
761736265018;18.00;presumido
761736265025;18.00;presumido
7622210531773;0.00;real
7622210570079;0.00;real
7622210570086;0.00;real
7622210570109;0.00;real
7622210573254;18.00;real
7622210575975;0.00;monofasico
7622210812636;18.00;real
7622210857255;18.00;real
7622210858245;18.00;real
7622210878946;18.00;real
7622300988470;0.00;real
768738251261;0.00;monofasico
769295497086;0.00;monofasico
7700010004205;0.00;monofasico
7702010130755;4.00;monofasico
7702010631207;12.00;monofasico
7702018001071;18.00;real
7702018013326;18.00;monofasico
7702018037803;18.00;real
7702018037865;18.00;real
7702018072217;18.00;real
7702018072392;18.00;real
7702018314515;0.00;monofasico
7702018382323;0.00;real
7702018382330;18.00;real
7702018874729;18.00;real
7702018874750;0.00;presumido
7702018874781;18.00;real
7702018880409;25.00;monofasico
7702018913664;18.00;monofasico
7702018951185;18.00;monofasico
7702018983872;18.00;real
7702029639447;0.00;real
7702029947313;0.00;real
7702031097945;0.00;presumido
7702031244462;18.00;monofasico
7702031244646;25.00;monofasico
7702031244653;25.00;monofasico
7702031310914;18.00;monofasico
7702031399858;18.00;monofasico
7702031598145;18.00;monofasico
7702035833792;0.00;monofasico
7702035833808;18.00;monofasico
7702045198652;0.00;monofasico
7702045286298;0.00;real
7702045533736;25.00;monofasico
7702045533743;25.00;monofasico
7702045533750;25.00;monofasico
7702045533767;25.00;monofasico
7702045533811;25.00;monofasico
7702045534764;25.00;monofasico
7702045534788;25.00;monofasico
7702045538366;25.00;real
7702045538373;25.00;real
7702045538403;25.00;monofasico
7702045538410;25.00;real
7702045538427;25.00;monofasico
7702045538434;25.00;real
7702045538502;25.00;real
7702045538519;25.00;monofasico
7702045538526;25.00;real
7702045538533;25.00;monofasico
7702045538540;25.00;real
7702045538557;25.00;real
7702045538564;25.00;real
7702045538571;25.00;monofasico
7702045538588;25.00;real
7702045538595;25.00;real
7702045538601;25.00;real
7702045538618;25.00;monofasico
7702045538625;25.00;monofasico
7702045538632;25.00;real
7702045538649;25.00;real
7702045538656;25.00;real
7702045538663;25.00;real
7702045538670;25.00;real
7702045538687;25.00;monofasico
7702045538694;25.00;real
7702045538700;25.00;monofasico
7702045538717;25.00;real
7702045538724;0.00;monofasico
7702045538731;0.00;monofasico
7702045538748;0.00;monofasico
7702045538755;25.00;real
7702045538762;25.00;real
7702045538779;25.00;real
7702045538786;25.00;monofasico
7702045538793;25.00;monofasico
7702045538809;25.00;real
7702045538823;25.00;monofasico
7702045538847;0.00;monofasico
7702045538854;25.00;monofasico
7702045538861;25.00;monofasico
7702045538885;25.00;real
7702045538892;25.00;real
7702045538984;25.00;real
7702045539011;25.00;real
7702045539110;25.00;real
7702045539127;25.00;real
7702045539158;25.00;real
7702045539165;25.00;monofasico
7702045539219;25.00;real
7702045539233;25.00;real
7702045552386;0.00;monofasico
7702045564990;25.00;monofasico
7702045565003;25.00;monofasico
7702045565010;25.00;monofasico
7702045565027;25.00;monofasico
7702425809338;18.00;presumido
7770001000981;18.00;real
7770001000998;18.00;real
7775073436454;0.00;monofasico
77891150101639;18.00;monofasico
7790250000358;18.00;real
7790250054962;18.00;real
7791130102551;18.00;real
7791293004976;25.00;monofasico
7791293005010;0.00;monofasico
7791293012087;18.00;monofasico
7791293018874;0.00;monofasico
7791293022567;18.00;monofasico
7791293022581;18.00;monofasico
7791293022598;18.00;monofasico
7791293022635;18.00;monofasico
7791293022819;18.00;monofasico
7791293025537;18.00;monofasico
7791293025780;12.00;monofasico
7791293025797;18.00;monofasico
7791293028781;12.00;monofasico
7791293032368;18.00;monofasico
7791293032436;18.00;monofasico
7791293032443;18.00;monofasico
7791293032467;18.00;monofasico
7791293032481;18.00;monofasico
7791293032498;18.00;monofasico
7791293033235;18.00;monofasico
7791293033242;0.00;monofasico
7791293033266;18.00;monofasico
7791293033273;18.00;monofasico
7791293033471;0.00;monofasico
7791293038155;18.00;monofasico
7791293038261;0.00;monofasico
7791293040431;18.00;monofasico
7791293051543;18.00;monofasico
7791293051550;18.00;monofasico
7791293051574;18.00;monofasico
7791293051581;18.00;monofasico
7791293051635;18.00;monofasico
7791293051659;18.00;monofasico
7791293051666;18.00;monofasico
7791908754265;18.00;real
7791969016012;18.00;monofasico
7791969016029;18.00;monofasico
7791969016036;18.00;monofasico
7791969029807;18.00;monofasico
7793100151224;4.00;monofasico
7794153598424;0.00;monofasico
7794728001120;12.00;real
7794728001229;25.00;monofasico
7794728001328;12.00;monofasico
7794728001458;0.00;monofasico
7794728001472;25.00;monofasico
7794728001588;12.00;real
7794728001595;12.00;real
7794728001618;0.00;monofasico
7794728001632;12.00;real
7794728001861;12.00;real
7794728001878;12.00;real
7794728001915;12.00;real
7794728001946;12.00;real
7794728001953;12.00;real
7794728001960;12.00;real
7794728001977;12.00;real
7794728002349;12.00;real
7794728004633;12.00;real
7794728011341;12.00;real
7794728011396;25.00;monofasico
7794728011419;0.00;monofasico
7794728011433;12.00;real
7794728011440;12.00;real
7794728011457;12.00;real
7794728011464;0.00;monofasico
7794728011594;0.00;monofasico
7794728011655;0.00;monofasico
7794728012430;12.00;real
7794728012447;0.00;monofasico
7794728012454;12.00;real
7794728012492;12.00;real
7794728012539;12.00;real
7794728012546;12.00;real
7794728012553;12.00;real
7794728012560;12.00;real
7794728012645;25.00;monofasico
7794728012867;0.00;monofasico
7794728013345;12.00;real
7794728013444;12.00;real
7794728013451;12.00;real
7794728013543;12.00;real
7794728013550;12.00;real
7794728013727;12.00;real
7794728013741;12.00;real
7794728013758;0.00;monofasico
7794728013833;12.00;real
7794728013857;12.00;real
7794728013864;0.00;monofasico
7794728013871;0.00;monofasico
7794728014311;12.00;real
7794728014328;12.00;real
7794728014496;12.00;real
7794728015110;12.00;real
7794728041553;12.00;real
7798140251958;25.00;monofasico
7798140253358;18.00;real
7798140253365;25.00;monofasico
7798957582757;25.00;monofasico
7798957582924;25.00;monofasico
7798957591964;25.00;monofasico
7798957612072;0.00;monofasico
7798957612249;0.00;monofasico
7798957612317;25.00;monofasico
7798957651972;25.00;monofasico
7798957652283;18.00;monofasico
7798957662565;18.00;monofasico
7798957692265;18.00;monofasico
7799195910579;0.00;monofasico
7804502401012;18.00;presumido
7805017052904;0.00;monofasico
7807998070410;0.00;real
7807998120122;0.00;monofasico
7807998155056;0.00;real
7807999685910;18.00;real
7807999930447;18.00;real
7810001100332;18.00;presumido
7810004501013;18.00;presumido
7811653001138;18.00;real
7811653002135;0.00;monofasico
7811664761556;0.00;monofasico
7817170400010;0.00;monofasico
7819353143594;18.00;presumido
7820161001202;0.00;monofasico
7820161051108;0.00;monofasico
7820201105020;18.00;presumido
7820263340001;18.00;presumido
7821501010120;18.00;presumido
782658957119;0.00;monofasico
7842201035008;0.00;monofasico
7855500011529;0.00;monofasico
7860880412055;18.00;presumido
7864560069378;18.00;presumido
7890000068420;18.00;presumido
7890000086806;18.00;presumido
7890000253604;25.00;monofasico
7890000253611;25.00;monofasico
7890000255530;18.00;presumido
7890004503736;0.00;monofasico
7890009590816;18.00;monofasico
7890009590823;0.00;monofasico
7890009590892;18.00;monofasico
7890011480518;0.00;monofasico
7890228669591;0.00;monofasico
7890310111489;12.00;monofasico
7890310161682;18.00;monofasico
7890428119438;0.00;presumido
7890428126832;0.00;presumido
7890428126863;0.00;presumido
7890428127099;0.00;presumido
7890428127112;0.00;real
7890428136268;0.00;real
7890428142658;0.00;real
7890428142870;18.00;real
7890428142887;18.00;presumido
7890428143129;0.00;real
7890428144072;0.00;presumido
7890428152978;0.00;real
7890428186584;0.00;presumido
78906617;25.00;monofasico
7890704808131;18.00;real
7890704810516;18.00;real
7890704810738;18.00;real
7890704851335;18.00;monofasico
7890865080315;4.00;real
7890950010265;0.00;monofasico
7890950010449;0.00;monofasico
7891000092606;18.00;real
7891000107843;0.00;real
7891000248768;0.00;real
7891000248775;0.00;real
7891000325148;0.00;monofasico
7891000435748;0.00;real
7891000455296;0.00;real
7891000455722;0.00;real
7891000457467;0.00;monofasico
7891000460207;18.00;real
7891000462300;18.00;real
7891000464908;18.00;real
7891000477274;18.00;real
7891000477410;18.00;real
7891008197020;0.00;real
7891008198027;0.00;real
7891008200423;18.00;real
7891008209020;0.00;real
7891008273502;0.00;real
7891010005757;18.00;real
7891010008147;18.00;monofasico
7891010009250;18.00;real
7891010009618;18.00;real
7891010010577;18.00;real
7891010015268;18.00;real
7891010020279;18.00;monofasico
7891010026264;18.00;monofasico
7891010027858;18.00;monofasico
7891010030094;18.00;monofasico
7891010030391;18.00;monofasico
7891010030452;25.00;monofasico
7891010030476;25.00;monofasico
7891010030889;18.00;monofasico
7891010031350;25.00;monofasico
7891010031633;18.00;real
7891010032906;18.00;monofasico
7891010032937;18.00;real
7891010033521;18.00;monofasico
7891010035631;18.00;real
7891010035976;18.00;monofasico
7891010038892;18.00;monofasico
7891010038908;18.00;monofasico
7891010038915;18.00;monofasico
7891010038953;18.00;monofasico
7891010039783;18.00;real
7891010040017;0.00;monofasico
7891010040024;12.00;monofasico
7891010040031;0.00;monofasico
7891010041366;12.00;monofasico
7891010041427;12.00;monofasico
7891010041434;12.00;monofasico
7891010041441;12.00;monofasico
7891010042950;18.00;real
7891010043469;12.00;monofasico
7891010043476;12.00;monofasico
7891010044985;12.00;monofasico
7891010044992;12.00;monofasico
7891010047184;25.00;monofasico
7891010047764;18.00;real
7891010087722;18.00;real
7891010087807;18.00;real
7891010096496;18.00;monofasico
7891010099725;18.00;monofasico
7891010244361;18.00;monofasico
7891010245085;18.00;real
7891010245092;18.00;real
7891010245160;18.00;real
7891010245191;18.00;real
7891010245214;18.00;real
7891010245238;18.00;monofasico
7891010245245;18.00;monofasico
7891010245450;25.00;monofasico
7891010245597;18.00;real
7891010245603;18.00;real
7891010245610;18.00;real
7891010247263;18.00;real
7891010247324;18.00;monofasico
7891010247386;25.00;monofasico
7891010247393;25.00;monofasico
7891010247409;0.00;monofasico
7891010247423;0.00;monofasico
7891010247454;25.00;monofasico
7891010249106;18.00;monofasico
7891010249878;25.00;monofasico
7891010249939;25.00;monofasico
7891010249953;25.00;monofasico
7891010250935;0.00;real
7891010250959;0.00;monofasico
7891010250966;0.00;monofasico
7891010250980;18.00;monofasico
7891010250997;18.00;monofasico
7891010251031;18.00;real
7891010251048;18.00;real
7891010251055;18.00;real
7891010253066;18.00;real
7891010253189;18.00;monofasico
7891010253196;18.00;monofasico
7891010253202;18.00;monofasico
7891010253219;18.00;monofasico
7891010253226;18.00;monofasico
7891010253257;18.00;monofasico
7891010253288;25.00;monofasico
7891010253523;18.00;monofasico
7891010253561;18.00;monofasico
7891010253707;18.00;real
7891010253752;18.00;monofasico
7891010253769;18.00;monofasico
7891010253790;25.00;monofasico
7891010253806;25.00;monofasico
7891010253813;25.00;monofasico
7891010253899;18.00;monofasico
7891010253905;18.00;monofasico
7891010253929;18.00;monofasico
7891010253936;18.00;monofasico
7891010254155;18.00;real
7891010254865;18.00;real
7891010254872;18.00;real
7891010254933;25.00;monofasico
7891010254957;25.00;monofasico
7891010254995;25.00;monofasico
7891010255022;25.00;monofasico
7891010255039;18.00;monofasico
7891010255046;25.00;monofasico
7891010255138;18.00;monofasico
7891010255183;18.00;monofasico
7891010255725;25.00;monofasico
7891010255763;25.00;monofasico
7891010256043;18.00;monofasico
7891010256050;18.00;monofasico
7891010256098;18.00;monofasico
7891010256111;18.00;monofasico
7891010256135;18.00;monofasico
7891010256142;18.00;monofasico
7891010256487;18.00;monofasico
7891010256494;18.00;monofasico
7891010256500;18.00;monofasico
7891010256517;18.00;monofasico
7891010256678;18.00;real
7891010256746;18.00;monofasico
7891010256753;18.00;monofasico
7891010256760;18.00;monofasico
7891010256777;18.00;monofasico
7891010256784;18.00;monofasico
7891010256807;18.00;real
7891010256814;18.00;real
7891010256821;18.00;monofasico
7891010256838;18.00;real
7891010256845;0.00;presumido
7891010256852;18.00;real
7891010256999;18.00;monofasico
7891010257101;18.00;monofasico
7891010257118;18.00;monofasico
7891010257514;18.00;monofasico
7891010257590;18.00;monofasico
7891010257637;18.00;real
7891010257644;18.00;real
7891010258139;18.00;monofasico
7891010258146;18.00;monofasico
7891010258221;18.00;real
7891010258238;18.00;real
7891010258245;18.00;real
7891010258252;18.00;real
7891010258429;18.00;real
7891010258436;18.00;real
7891010258535;18.00;monofasico
7891010258542;18.00;monofasico
7891010258580;18.00;monofasico
7891010258887;25.00;monofasico
7891010258894;25.00;monofasico
7891010258900;25.00;monofasico
7891010258917;25.00;monofasico
7891010258924;25.00;monofasico
7891010259402;18.00;monofasico
7891010259419;18.00;monofasico
7891010500115;12.00;monofasico
7891010501105;18.00;monofasico
7891010503024;18.00;real
7891010503031;18.00;real
7891010503505;25.00;monofasico
7891010504755;18.00;real
7891010504779;18.00;real
7891010506513;25.00;monofasico
7891010510985;0.00;monofasico
7891010514846;18.00;monofasico
7891010518752;18.00;monofasico
7891010518844;18.00;real
7891010521448;18.00;monofasico
7891010560737;18.00;real
7891010560812;18.00;real
7891010566722;18.00;monofasico
7891010576509;18.00;real
7891010579265;25.00;monofasico
7891010579289;18.00;real
7891010579616;18.00;real
7891010589639;18.00;monofasico
7891010591007;18.00;monofasico
7891010591014;18.00;monofasico
7891010591038;18.00;monofasico
7891010601171;18.00;monofasico
7891010601188;25.00;monofasico
7891010604349;18.00;real
7891010607135;18.00;real
7891010618766;18.00;real
7891010618773;18.00;real
7891010618780;18.00;real
7891010668631;0.00;real
7891010694593;18.00;real
7891010695415;18.00;real
7891010697518;18.00;real
7891010704490;18.00;real
7891010704780;18.00;real
7891010781668;18.00;monofasico
7891010793463;18.00;real
7891010795542;25.00;monofasico
7891010800048;18.00;monofasico
7891010870713;18.00;real
7891010870744;18.00;real
7891010871024;18.00;real
7891010871031;18.00;real
7891010875596;18.00;real
7891010875640;18.00;monofasico
7891010875657;18.00;monofasico
7891010877507;25.00;monofasico
7891010877613;25.00;monofasico
7891010877620;25.00;monofasico
7891010878016;25.00;monofasico
7891010880859;18.00;monofasico
7891010882983;25.00;monofasico
7891010886547;18.00;real
7891010913908;18.00;real
7891010939199;18.00;real
7891010972226;18.00;real
7891010973483;0.00;presumido
7891010973902;18.00;monofasico
7891010974312;18.00;monofasico
7891010974886;25.00;monofasico
7891010976262;25.00;monofasico
7891010980061;18.00;monofasico
7891010980085;25.00;monofasico
7891010987770;18.00;monofasico
7891010987787;18.00;monofasico
7891022638004;0.00;real
7891024008799;4.00;monofasico
7891024013540;4.00;monofasico
7891024021668;4.00;monofasico
7891024024386;12.00;monofasico
7891024026472;18.00;real
7891024027028;12.00;monofasico
7891024027226;12.00;real
7891024027325;0.00;real
7891024027622;18.00;monofasico
7891024027998;18.00;monofasico
7891024028018;4.00;monofasico
7891024028353;12.00;monofasico
7891024028834;12.00;monofasico
7891024028995;18.00;real
7891024029831;12.00;real
7891024030806;12.00;monofasico
7891024030813;12.00;monofasico
7891024030820;12.00;monofasico
7891024032886;12.00;real
7891024034064;18.00;monofasico
7891024034200;12.00;monofasico
7891024034910;12.00;monofasico
7891024034941;12.00;monofasico
7891024034996;12.00;monofasico
7891024035047;12.00;monofasico
7891024035078;12.00;monofasico
7891024035139;12.00;monofasico
7891024035207;12.00;monofasico
7891024035214;12.00;monofasico
7891024035313;12.00;monofasico
7891024035504;12.00;monofasico
7891024035559;12.00;monofasico
7891024035634;0.00;monofasico
7891024036839;12.00;monofasico
7891024037485;12.00;monofasico
7891024037706;18.00;real
7891024038819;12.00;monofasico
7891024040690;12.00;monofasico
7891024041611;0.00;monofasico
7891024042311;0.00;monofasico
7891024042328;0.00;monofasico
7891024042908;18.00;monofasico
7891024042915;25.00;monofasico
7891024068120;4.00;monofasico
7891024112861;18.00;real
7891024114216;12.00;real
7891024114674;12.00;real
7891024114865;12.00;real
7891024115107;12.00;real
7891024115800;12.00;real
7891024115848;0.00;real
7891024116128;12.00;monofasico
7891024116319;4.00;monofasico
7891024122556;12.00;monofasico
7891024127605;0.00;monofasico
7891024130728;12.00;monofasico
7891024131183;12.00;monofasico
7891024131459;12.00;monofasico
7891024132005;12.00;monofasico
7891024132371;12.00;monofasico
7891024132906;12.00;monofasico
7891024134702;12.00;monofasico
7891024135020;12.00;monofasico
7891024135310;12.00;monofasico
7891024136201;18.00;monofasico
7891024136300;12.00;monofasico
7891024158609;18.00;monofasico
7891024158708;25.00;monofasico
7891024160718;18.00;monofasico
7891024161913;18.00;monofasico
7891024170335;25.00;monofasico
7891024171233;18.00;monofasico
7891024171639;18.00;monofasico
7891024172230;18.00;monofasico
7891024172339;25.00;monofasico
7891024172537;25.00;monofasico
7891024174036;18.00;monofasico
7891024174135;18.00;monofasico
7891024174180;18.00;monofasico
7891024174210;18.00;monofasico
7891024174432;25.00;monofasico
7891024174630;25.00;monofasico
7891024174685;25.00;monofasico
7891024174715;25.00;monofasico
7891024179420;12.00;monofasico
7891024180877;18.00;monofasico
7891024181072;18.00;monofasico
7891024182475;18.00;monofasico
7891024182970;25.00;monofasico
7891024183007;12.00;monofasico
7891024183021;12.00;monofasico
7891024184271;25.00;monofasico
7891024184509;12.00;monofasico
7891024184608;12.00;monofasico
7891024186244;12.00;monofasico
7891025120940;18.00;real
7891031409404;0.00;monofasico
7891033016419;18.00;monofasico
7891033016440;25.00;monofasico
7891033070664;25.00;monofasico
7891033072347;25.00;monofasico
7891033198160;18.00;monofasico
7891033301997;18.00;monofasico
7891033302031;25.00;monofasico
7891033302079;25.00;monofasico
7891033303021;25.00;monofasico
7891033471676;18.00;monofasico
7891033471683;25.00;monofasico
7891033471690;25.00;monofasico
7891033471713;0.00;monofasico
7891033471751;18.00;monofasico
7891033471768;25.00;monofasico
7891033471775;25.00;monofasico
7891033471782;25.00;monofasico
7891033473649;18.00;monofasico
7891033474004;0.00;monofasico
7891033481842;18.00;monofasico
7891033501120;0.00;monofasico
7891033502677;0.00;monofasico
7891033502714;0.00;monofasico
7891033504275;18.00;monofasico
7891033504374;18.00;monofasico
7891033510740;0.00;monofasico
7891033517459;25.00;monofasico
7891033517466;18.00;monofasico
7891033517497;25.00;monofasico
7891033517503;25.00;monofasico
7891033522040;18.00;monofasico
7891033522125;18.00;monofasico
7891033522132;0.00;monofasico
7891033530946;18.00;monofasico
7891033530953;25.00;monofasico
7891033530960;25.00;monofasico
7891033533558;18.00;monofasico
7891033534289;18.00;monofasico
7891033534302;18.00;monofasico
7891033534333;25.00;monofasico
7891033534340;25.00;monofasico
7891033534357;18.00;monofasico
7891033534364;25.00;monofasico
7891033534371;25.00;monofasico
7891033534395;18.00;monofasico
7891033534401;18.00;monofasico
7891033534418;25.00;monofasico
7891033534623;18.00;monofasico
7891033534654;18.00;monofasico
7891033534685;25.00;monofasico
7891033534708;25.00;monofasico
7891033534715;0.00;monofasico
7891033534999;25.00;monofasico
7891033535002;18.00;monofasico
7891033535019;25.00;monofasico
7891033535026;18.00;monofasico
7891033535033;25.00;monofasico
7891033535040;18.00;monofasico
7891033535057;25.00;monofasico
7891033535064;25.00;monofasico
7891033535194;18.00;monofasico
7891033535200;18.00;monofasico
7891033535217;25.00;monofasico
7891033535224;18.00;monofasico
7891033543601;18.00;monofasico
7891033545957;18.00;monofasico
7891033545964;18.00;monofasico
7891033545988;18.00;monofasico
7891033545995;18.00;monofasico
7891033546442;25.00;monofasico
7891033551538;25.00;monofasico
7891033554881;18.00;monofasico
7891033557646;18.00;monofasico
7891033558025;18.00;monofasico
7891033558032;25.00;monofasico
7891033558049;18.00;monofasico
7891033558056;18.00;monofasico
7891033560721;18.00;monofasico
7891033564583;25.00;monofasico
7891033570768;18.00;monofasico
7891033574766;25.00;monofasico
7891033581191;18.00;monofasico
7891033581207;25.00;monofasico
7891033581214;25.00;monofasico
7891033581221;18.00;monofasico
7891033583072;18.00;monofasico
7891033583089;25.00;monofasico
7891033583102;25.00;monofasico
7891033583119;18.00;monofasico
7891033583126;25.00;monofasico
7891033586332;25.00;monofasico
7891033586394;25.00;monofasico
7891033586400;25.00;monofasico
7891033586417;0.00;monofasico
7891033586677;0.00;monofasico
7891033586721;18.00;monofasico
7891033586752;18.00;monofasico
7891033718641;0.00;monofasico
7891033761104;18.00;monofasico
7891033777327;25.00;monofasico
7891033868933;25.00;monofasico
7891033875573;18.00;monofasico
7891033875580;25.00;monofasico
7891033875597;25.00;monofasico
7891033886425;25.00;monofasico
7891033896783;18.00;monofasico
7891033896790;25.00;monofasico
7891033896806;25.00;monofasico
7891033896813;25.00;monofasico
7891033930470;25.00;monofasico
7891033931033;18.00;monofasico
7891033931040;25.00;monofasico
7891033931057;18.00;monofasico
7891033931064;0.00;monofasico
7891033931316;0.00;monofasico
7891033934508;0.00;monofasico
7891033940578;0.00;monofasico
7891033940912;0.00;monofasico
7891035002786;18.00;real
7891035002816;18.00;real
7891035024221;18.00;real
7891035026126;18.00;monofasico
7891035209000;0.00;real
7891035210006;0.00;real
7891035285219;0.00;real
7891035528569;0.00;monofasico
7891035620003;18.00;real
7891035621109;18.00;presumido
7891035911729;25.00;monofasico
7891035990496;0.00;real
7891035990861;0.00;monofasico
7891037000322;25.00;monofasico
7891037002647;12.00;monofasico
7891037010048;25.00;monofasico
7891037144705;25.00;monofasico
7891037169159;18.00;monofasico
7891037169258;18.00;monofasico
7891037169555;18.00;monofasico
7891037169654;18.00;monofasico
7891037645653;25.00;monofasico
7891037744356;12.00;monofasico
7891037744509;12.00;monofasico
7891040004416;0.00;real
7891040090921;0.00;real
7891040091027;18.00;real
7891040118328;0.00;monofasico
7891040191031;18.00;real
7891040191093;18.00;real
7891040216093;0.00;real
7891040216123;0.00;real
7891040216154;18.00;real
7891048038017;0.00;monofasico
7891048038031;0.00;monofasico
7891048050606;0.00;monofasico
7891048050668;0.00;monofasico
7891051015210;18.00;real
7891051028791;18.00;real
7891051028807;0.00;real
7891051029828;18.00;monofasico
7891051037618;12.00;monofasico
7891051037878;0.00;monofasico
7891051037939;0.00;monofasico
7891051040403;18.00;real
7891055319802;0.00;presumido
7891055323519;0.00;monofasico
7891055324059;0.00;monofasico
7891055324080;12.00;real
7891055324097;12.00;monofasico
7891055324318;12.00;monofasico
7891055394236;0.00;presumido
7891055430439;0.00;presumido
7891055431009;0.00;presumido
7891055437407;0.00;presumido
7891055500903;0.00;presumido
7891055538111;0.00;presumido
7891055539415;0.00;presumido
7891055639320;0.00;presumido
7891055653401;0.00;presumido
7891055653500;0.00;presumido
7891055655924;0.00;presumido
7891055656129;0.00;presumido
7891055658017;0.00;real
7891055673683;0.00;presumido
7891055673782;0.00;presumido
7891055678220;0.00;presumido
7891055813706;12.00;monofasico
7891055816080;12.00;real
7891055816097;0.00;presumido
7891058003661;0.00;real
7891058018191;0.00;real
7891058018221;0.00;real
7891058018245;0.00;real
7891060025439;18.00;real
7891060679724;18.00;real
7891060679731;18.00;real
7891060680737;0.00;real
7891060758054;18.00;real
7891060758061;18.00;real
7891060773071;18.00;real
7891060773200;18.00;real
7891060800401;18.00;real
7891060804003;0.00;real
7891060804010;0.00;real
7891060804027;0.00;real
7891060804904;0.00;presumido
7891060806984;18.00;real
7891060815719;18.00;real
7891060857702;18.00;real
7891060894486;0.00;real
7891060894493;0.00;real
7891060894516;0.00;presumido
7891060902426;0.00;presumido
7891060902440;18.00;real
7891060930337;18.00;real
7891060930498;18.00;real
7891060945485;0.00;real
7891060945607;25.00;monofasico
7891060969504;18.00;real
7891060969771;18.00;real
7891065000288;18.00;real
7891095031115;0.00;monofasico
7891095154272;0.00;monofasico
7891095154319;0.00;monofasico
7891095911349;0.00;monofasico
7891095911448;0.00;monofasico
7891095911486;0.00;monofasico
7891098000163;0.00;monofasico
7891098000170;0.00;monofasico
7891098000187;0.00;monofasico
7891098001504;0.00;monofasico
7891098038333;0.00;monofasico
7891098038456;0.00;monofasico
7891098040749;0.00;monofasico
7891098040893;0.00;monofasico
7891098041814;18.00;monofasico
7891104393104;18.00;real
7891107101621;0.00;monofasico
7891114051803;0.00;real
7891114091670;0.00;real
7891117048671;0.00;monofasico
7891117054788;18.00;real
7891123456781;12.00;monofasico
7891127074387;0.00;monofasico
7891129539198;0.00;monofasico
7891134001703;18.00;monofasico
7891134001710;18.00;monofasico
7891134001802;18.00;monofasico
7891134001819;18.00;monofasico
7891134001949;18.00;monofasico
7891134003615;0.00;monofasico
7891134003639;18.00;monofasico
7891134003646;18.00;monofasico
7891134003677;18.00;monofasico
7891134003790;0.00;monofasico
7891134003806;18.00;monofasico
7891134003950;18.00;monofasico
7891134004001;0.00;monofasico
7891134004018;18.00;monofasico
7891134004131;18.00;monofasico
7891134004186;18.00;monofasico
7891134004544;18.00;monofasico
7891134004636;25.00;monofasico
7891134006425;25.00;monofasico
7891134006524;25.00;monofasico
7891134006586;18.00;monofasico
7891134006920;18.00;monofasico
7891134007293;18.00;monofasico
7891134009235;18.00;monofasico
7891137003889;18.00;real
7891137006651;18.00;real
7891150001183;18.00;monofasico
7891150001268;18.00;monofasico
7891150007406;18.00;monofasico
7891150008137;18.00;monofasico
7891150008151;18.00;monofasico
7891150008953;0.00;monofasico
7891150014107;18.00;monofasico
7891150014121;18.00;monofasico
7891150017351;0.00;monofasico
7891150017368;0.00;monofasico
7891150018754;25.00;monofasico
7891150018761;25.00;monofasico
7891150018785;25.00;monofasico
7891150018846;18.00;monofasico
7891150018853;18.00;monofasico
7891150018877;18.00;monofasico
7891150019416;18.00;monofasico
7891150019508;18.00;monofasico
7891150019560;18.00;monofasico
7891150021679;25.00;monofasico
7891150021693;0.00;monofasico
7891150021709;18.00;monofasico
7891150023321;25.00;monofasico
7891150023338;25.00;monofasico
7891150024793;18.00;monofasico
7891150024816;18.00;monofasico
7891150025929;18.00;monofasico
7891150025981;18.00;real
7891150026001;25.00;monofasico
7891150026025;18.00;monofasico
7891150028418;18.00;monofasico
7891150028425;18.00;monofasico
7891150028449;0.00;monofasico
7891150028463;18.00;monofasico
7891150028470;18.00;monofasico
7891150029309;0.00;presumido
7891150029323;25.00;monofasico
7891150029538;25.00;monofasico
7891150029583;25.00;monofasico
7891150029606;18.00;monofasico
7891150034075;18.00;monofasico
7891150034952;18.00;monofasico
7891150035874;18.00;real
7891150036369;25.00;monofasico
7891150036390;25.00;monofasico
7891150037250;25.00;monofasico
7891150037328;25.00;monofasico
7891150037342;25.00;monofasico
7891150037397;18.00;monofasico
7891150037427;0.00;monofasico
7891150037458;18.00;monofasico
7891150037465;25.00;monofasico
7891150037519;18.00;monofasico
7891150037526;18.00;monofasico
7891150037564;18.00;monofasico
7891150037595;18.00;monofasico
7891150041646;25.00;monofasico
7891150041714;18.00;monofasico
7891150043923;18.00;monofasico
7891150044555;25.00;monofasico
7891150044562;25.00;monofasico
7891150044616;18.00;monofasico
7891150044654;18.00;monofasico
7891150045316;18.00;monofasico
7891150045347;25.00;monofasico
7891150046559;18.00;monofasico
7891150049871;12.00;monofasico
7891150049888;12.00;monofasico
7891150049895;12.00;monofasico
7891150050075;0.00;monofasico
7891150050082;0.00;monofasico
7891150050112;0.00;monofasico
7891150050129;0.00;monofasico
7891150053229;18.00;real
7891150054448;0.00;monofasico
7891150054455;0.00;monofasico
7891150054462;0.00;monofasico
7891150054646;18.00;monofasico
7891150054653;18.00;monofasico
7891150055186;0.00;monofasico
7891150055698;18.00;monofasico
7891150055704;18.00;monofasico
7891150055872;18.00;monofasico
7891150057470;18.00;monofasico
7891150057487;18.00;real
7891150058965;25.00;monofasico
7891150059801;25.00;monofasico
7891150059849;18.00;real
7891150059856;18.00;monofasico
7891150059870;18.00;monofasico
7891150059887;18.00;monofasico
7891150059900;18.00;monofasico
7891150059917;18.00;monofasico
7891150059924;18.00;monofasico
7891150060142;18.00;real
7891150060159;25.00;monofasico
7891150060166;18.00;real
7891150060197;18.00;real
7891150060210;18.00;real
7891150060227;18.00;real
7891150060234;18.00;real
7891150060241;18.00;real
7891150060333;18.00;real
7891150060685;25.00;monofasico
7891150060883;25.00;monofasico
7891150060968;18.00;monofasico
7891150060975;18.00;monofasico
7891150062528;18.00;monofasico
7891150063075;12.00;monofasico
7891150063105;18.00;real
7891150063457;0.00;monofasico
7891150063747;18.00;monofasico
7891150064300;18.00;monofasico
7891150064331;0.00;real
7891150064737;18.00;monofasico
7891150064928;0.00;real
7891150065291;0.00;monofasico
7891150065314;25.00;monofasico
7891150065321;18.00;monofasico
7891150065338;18.00;real
7891150065390;18.00;real
7891150066519;0.00;real
7891150066908;18.00;monofasico
7891150067486;25.00;monofasico
7891150067509;18.00;monofasico
7891150067516;0.00;monofasico
7891150068728;18.00;monofasico
7891150068735;18.00;monofasico
7891150068926;18.00;monofasico
7891150069138;0.00;real
7891150070318;25.00;monofasico
7891150070325;25.00;monofasico
7891150070356;18.00;monofasico
7891150070363;0.00;monofasico
7891150070370;18.00;monofasico
7891150070394;18.00;monofasico
7891150071797;18.00;monofasico
7891150071803;18.00;monofasico
7891150071810;18.00;monofasico
7891150071827;18.00;monofasico
7891150073081;18.00;monofasico
7891150073098;18.00;monofasico
7891150074484;25.00;monofasico
7891150074491;18.00;real
7891150074668;0.00;monofasico
7891150075238;18.00;monofasico
7891150075276;18.00;monofasico
7891150075375;18.00;real
7891150075382;18.00;monofasico
7891150075405;25.00;monofasico
7891150075962;18.00;monofasico
7891150077645;0.00;monofasico
7891150077676;18.00;monofasico
7891150077683;0.00;monofasico
7891150078543;12.00;monofasico
7891150079229;18.00;real
7891150079236;18.00;real
7891150079755;18.00;monofasico
7891150080102;25.00;monofasico
7891150080744;25.00;monofasico
7891150080966;12.00;monofasico
7891150080973;12.00;monofasico
7891150081215;18.00;monofasico
7891150081239;18.00;monofasico
7891150081246;18.00;monofasico
7891150081253;18.00;monofasico
7891150081260;18.00;monofasico
7891150081277;18.00;monofasico
7891150081284;18.00;monofasico
7891150081291;18.00;monofasico
7891150081307;18.00;monofasico
7891150081314;18.00;monofasico
7891150081321;18.00;monofasico
7891150081628;18.00;monofasico
7891150082779;18.00;real
7891150082786;0.00;real
7891150083042;18.00;real
7891150083080;18.00;real
7891150083097;18.00;real
7891150083127;18.00;real
7891150083141;18.00;real
7891150083264;18.00;monofasico
7891150083271;18.00;monofasico
7891150083288;18.00;monofasico
7891150083486;18.00;real
7891150083561;18.00;monofasico
7891150083585;18.00;monofasico
7891150083592;18.00;monofasico
7891150083608;25.00;monofasico
7891150083615;25.00;monofasico
7891150083622;25.00;monofasico
7891150083639;25.00;monofasico
7891150083646;25.00;monofasico
7891150083653;25.00;monofasico
7891150084148;0.00;monofasico
7891150084155;18.00;monofasico
7891150084490;0.00;monofasico
7891150084506;0.00;monofasico
7891150086210;12.00;monofasico
7891150086760;25.00;monofasico
7891150086975;18.00;monofasico
7891150087286;0.00;monofasico
7891150087293;25.00;monofasico
7891150087309;0.00;monofasico
7891150087347;18.00;monofasico
7891150088368;25.00;monofasico
7891150088375;25.00;monofasico
7891150088399;25.00;monofasico
7891150091115;25.00;monofasico
7891150091122;18.00;monofasico
7891150091153;25.00;monofasico
7891150091160;25.00;monofasico
7891150091184;18.00;monofasico
7891150091191;18.00;monofasico
7891150091207;18.00;monofasico
7891150091214;18.00;monofasico
7891150091221;25.00;monofasico
7891150091238;25.00;monofasico
7891150091245;25.00;monofasico
7891150091252;25.00;monofasico
7891150091276;25.00;monofasico
7891150091429;0.00;monofasico
7891150091474;0.00;monofasico
7891150091788;25.00;monofasico
7891150093096;25.00;monofasico
7891150093843;18.00;monofasico
7891150093898;25.00;monofasico
7891150094109;12.00;monofasico
7891150094345;25.00;monofasico
7891150094406;25.00;monofasico
7891150094499;18.00;monofasico
7891150094505;18.00;monofasico
7891150094512;18.00;monofasico
7891150094529;18.00;monofasico
7891150094703;18.00;monofasico
7891150094710;18.00;monofasico
7891150094741;18.00;monofasico
7891150094895;0.00;monofasico
7891150094918;25.00;monofasico
7891150094932;0.00;monofasico
7891150094949;0.00;monofasico
7891150095236;25.00;monofasico
7891150095243;25.00;monofasico
7891150095267;18.00;monofasico
7891150095304;18.00;monofasico
7891150095311;18.00;real
7891150095328;18.00;real
7891150095540;25.00;monofasico
7891150095557;25.00;monofasico
7891150095564;25.00;monofasico
7891150095571;18.00;monofasico
7891150095588;18.00;monofasico
7891150095595;25.00;monofasico
7891150095601;25.00;monofasico
7891150095618;18.00;monofasico
7891150095632;18.00;monofasico
7891150095670;18.00;real
7891150095694;18.00;real
7891150095786;18.00;monofasico
7891150095793;18.00;monofasico
7891150095809;18.00;monofasico
7891150095816;18.00;monofasico
7891150095823;18.00;monofasico
7891150095830;18.00;monofasico
7891150095847;18.00;monofasico
7891150095854;18.00;monofasico
7891150095861;18.00;monofasico
7891150095878;18.00;monofasico
7891150095885;25.00;monofasico
7891150095892;25.00;monofasico
7891150095908;25.00;monofasico
7891150095915;25.00;monofasico
7891150095922;25.00;monofasico
7891150095939;25.00;monofasico
7891150096219;25.00;monofasico
7891150096226;25.00;monofasico
7891150096233;25.00;monofasico
7891150096240;25.00;monofasico
7891150096257;25.00;monofasico
7891150096271;25.00;monofasico
7891150096288;18.00;monofasico
7891150096295;25.00;monofasico
7891150096301;25.00;monofasico
7891150096318;18.00;monofasico
7891150096387;25.00;monofasico
7891150096738;25.00;monofasico
7891150096752;25.00;monofasico
7891150096783;18.00;monofasico
7891150096790;18.00;monofasico
7891150097353;18.00;monofasico
7891150097360;18.00;monofasico
7891150097377;18.00;monofasico
7891150097384;18.00;monofasico
7891150097438;18.00;monofasico
7891150097483;18.00;monofasico
7891150097643;18.00;monofasico
7891150097674;18.00;monofasico
7891150097957;25.00;monofasico
7891150098442;18.00;real
7891150099272;18.00;monofasico
7891150099289;18.00;monofasico
7891150099777;4.00;monofasico
7891150099821;25.00;monofasico
7891150099838;25.00;monofasico
7891150099845;18.00;monofasico
7891150099852;25.00;monofasico
7891150099883;25.00;monofasico
7891150099944;18.00;monofasico
7891150099951;18.00;monofasico
7891150099982;18.00;monofasico
7891150100046;25.00;monofasico
7891150100107;25.00;monofasico
7891150100312;18.00;monofasico
7891150100329;25.00;monofasico
7891150100336;18.00;monofasico
7891150100343;25.00;monofasico
7891150100350;25.00;monofasico
7891150100367;25.00;monofasico
7891150100503;18.00;monofasico
7891150100510;18.00;monofasico
7891150100695;18.00;monofasico
7891150100701;18.00;monofasico
7891150101579;25.00;monofasico
7891150101586;25.00;monofasico
7891150101593;25.00;monofasico
7891150101616;18.00;monofasico
7891150101630;18.00;monofasico
7891150101661;25.00;monofasico
7891150101678;25.00;monofasico
7891150101685;25.00;monofasico
7891150101692;0.00;monofasico
7891150101715;25.00;monofasico
7891150101753;25.00;monofasico
7891150101760;25.00;monofasico
7891150101807;18.00;monofasico
7891150101821;18.00;real
7891150102378;25.00;monofasico
7891150102385;25.00;monofasico
7891150102439;18.00;monofasico
7891150102545;18.00;monofasico
7891150102576;25.00;monofasico
7891150102583;25.00;monofasico
7891150102590;25.00;monofasico
7891150102606;18.00;monofasico
7891150102613;18.00;monofasico
7891150102620;18.00;monofasico
7891150102637;18.00;monofasico
7891150102644;18.00;monofasico
7891150102651;18.00;monofasico
7891150102675;25.00;monofasico
7891150102699;25.00;monofasico
7891150102705;25.00;monofasico
7891150102729;18.00;monofasico
7891150102736;18.00;monofasico
7891150102743;25.00;monofasico
7891150102750;25.00;monofasico
7891150102767;25.00;monofasico
7891150102774;25.00;monofasico
7891150102798;25.00;monofasico
7891150102811;0.00;monofasico
7891150102828;18.00;monofasico
7891150102835;18.00;monofasico
7891150102859;18.00;monofasico
7891150103276;12.00;monofasico
7891150103283;12.00;monofasico
7891150103290;12.00;monofasico
7891150103665;18.00;monofasico
7891150103702;25.00;monofasico
7891150103764;0.00;monofasico
7891150103771;18.00;monofasico
7891150103788;18.00;monofasico
7891150103801;18.00;monofasico
7891150103818;18.00;monofasico
7891150103900;18.00;monofasico
7891150103917;25.00;monofasico
7891150103924;25.00;monofasico
7891150103931;25.00;monofasico
7891150104808;18.00;monofasico
7891150104846;18.00;monofasico
7891150104853;18.00;monofasico
7891150104860;18.00;monofasico
7891150105287;18.00;monofasico
7891150105294;18.00;monofasico
7891150105614;25.00;monofasico
7891150105621;25.00;monofasico
7891150105645;25.00;monofasico
7891150106093;18.00;monofasico
7891150106109;18.00;monofasico
7891150106352;18.00;monofasico
7891150106376;25.00;monofasico
7891150106383;25.00;monofasico
7891150106420;18.00;monofasico
7891150106710;25.00;monofasico
7891150106727;25.00;monofasico
7891150106734;25.00;monofasico
7891150107052;18.00;monofasico
7891150107649;25.00;monofasico
7891150107656;25.00;monofasico
7891150107687;25.00;monofasico
7891150107694;25.00;monofasico
7891150197800;25.00;monofasico
7891150197831;18.00;monofasico
7891150197848;25.00;monofasico
7891150197862;25.00;monofasico
7891150197886;25.00;monofasico
7891150198746;18.00;monofasico
7891150198753;18.00;monofasico
7891150198760;18.00;monofasico
7891154189016;0.00;real
7891154189054;0.00;real
7891154189139;0.00;real
7891165334016;0.00;monofasico
7891165363443;18.00;presumido
7891165363542;18.00;presumido
7891165365041;18.00;presumido
7891165365355;18.00;presumido
7891172171666;18.00;real
7891172172106;0.00;presumido
7891172433399;0.00;presumido
7891172433597;18.00;presumido
7891172446504;18.00;presumido
7891172523311;18.00;real
7891172523328;18.00;real
7891172523366;18.00;real
7891172523397;18.00;real
7891172523434;18.00;monofasico
7891176111088;25.00;monofasico
7891176113044;0.00;monofasico
7891176113068;0.00;monofasico
7891176117257;0.00;monofasico
7891176117264;12.00;monofasico
7891176117288;18.00;monofasico
7891176117301;18.00;monofasico
7891176117325;12.00;monofasico
7891176117332;12.00;monofasico
7891176117349;18.00;monofasico
7891176117455;0.00;monofasico
7891176117479;18.00;monofasico
7891176117486;25.00;monofasico
7891176117493;0.00;monofasico
7891176117516;18.00;monofasico
7891176117561;0.00;monofasico
7891176117578;0.00;monofasico
7891176117608;25.00;monofasico
7891176117646;25.00;monofasico
7891176117714;12.00;monofasico
7891176117721;12.00;monofasico
7891176117790;0.00;monofasico
7891176117936;25.00;monofasico
7891176117943;25.00;monofasico
7891176118032;18.00;monofasico
7891176118087;0.00;monofasico
7891177000848;0.00;monofasico
7891177001920;0.00;monofasico
7891177006017;0.00;monofasico
7891177006994;0.00;monofasico
7891177010847;18.00;monofasico
7891177011127;18.00;monofasico
7891177012261;25.00;monofasico
7891177012285;0.00;monofasico
7891177012292;25.00;monofasico
7891177019123;18.00;monofasico
7891177022123;0.00;monofasico
7891177023120;0.00;monofasico
7891177024127;18.00;monofasico
7891177025124;0.00;monofasico
7891177026121;0.00;monofasico
7891177029122;0.00;monofasico
7891177033129;0.00;monofasico
7891177036120;0.00;monofasico
7891177036311;18.00;monofasico
7891177037127;18.00;monofasico
7891177038124;0.00;monofasico
7891177046129;18.00;monofasico
7891177047126;0.00;monofasico
7891177049120;0.00;monofasico
7891177051123;18.00;monofasico
7891177053127;18.00;monofasico
7891177055121;0.00;monofasico
7891177056128;18.00;monofasico
7891177063928;0.00;monofasico
7891177068886;0.00;monofasico
7891177073132;0.00;monofasico
7891177078885;18.00;monofasico
7891177081014;0.00;monofasico
7891177081137;0.00;presumido
7891177081168;0.00;monofasico
7891177081281;18.00;monofasico
7891177081298;0.00;monofasico
7891177099040;0.00;monofasico
7891177099057;0.00;monofasico
7891177099064;0.00;monofasico
7891177099088;0.00;monofasico
7891177099118;0.00;monofasico
7891177104010;0.00;monofasico
7891177104119;18.00;monofasico
7891177111124;18.00;monofasico
7891177112275;18.00;monofasico
7891177112282;18.00;monofasico
7891177119120;18.00;monofasico
7891177120799;0.00;monofasico
7891177122120;18.00;monofasico
7891177122793;25.00;monofasico
7891177123097;25.00;monofasico
7891177123127;18.00;monofasico
7891177124124;18.00;monofasico
7891177125121;18.00;monofasico
7891177126128;18.00;monofasico
7891177127125;18.00;monofasico
7891177129129;18.00;monofasico
7891177137124;18.00;monofasico
7891177138121;18.00;monofasico
7891177146126;18.00;monofasico
7891177147123;18.00;monofasico
7891177151120;18.00;monofasico
7891177153124;18.00;monofasico
7891177155128;18.00;monofasico
7891177156125;18.00;monofasico
7891177157122;18.00;monofasico
7891177168883;18.00;monofasico
7891177178882;18.00;monofasico
7891177181134;0.00;monofasico
7891177181165;0.00;monofasico
7891177581293;25.00;monofasico
7891177602004;0.00;presumido
7891177603001;0.00;presumido
7891177604008;0.00;presumido
7891177605005;0.00;presumido
7891177639888;0.00;monofasico
7891177783598;25.00;monofasico
7891177801308;25.00;monofasico
7891177881287;0.00;monofasico
7891177911076;25.00;monofasico
7891177911229;0.00;monofasico
7891177919836;0.00;monofasico
7891177927121;18.00;monofasico
7891177942940;25.00;monofasico
7891177981017;0.00;monofasico
7891177981291;0.00;monofasico
7891182001892;12.00;monofasico
7891182006781;18.00;monofasico
7891182006873;12.00;monofasico
7891182014601;12.00;monofasico
7891182014755;12.00;monofasico
7891182014816;12.00;monofasico
7891182014823;12.00;monofasico
7891182014854;12.00;monofasico
7891182014878;12.00;monofasico
7891182015127;12.00;monofasico
7891182015752;0.00;monofasico
7891182016148;12.00;monofasico
7891182016155;12.00;monofasico
7891182016223;25.00;monofasico
7891182016230;25.00;monofasico
7891182016247;25.00;monofasico
7891182016254;25.00;monofasico
7891182016261;25.00;monofasico
7891182016278;25.00;monofasico
7891182016285;25.00;monofasico
7891182016292;25.00;monofasico
7891182016308;25.00;monofasico
7891182016315;25.00;monofasico
7891182016322;25.00;monofasico
7891182016339;25.00;monofasico
7891182016346;25.00;monofasico
7891182016353;25.00;monofasico
7891182016360;25.00;monofasico
7891182016377;25.00;monofasico
7891182016384;25.00;monofasico
7891182016391;25.00;monofasico
7891182016407;25.00;monofasico
7891182016421;25.00;monofasico
7891182016438;25.00;monofasico
7891182016445;25.00;monofasico
7891182016469;25.00;monofasico
7891182016476;25.00;monofasico
7891182016483;0.00;monofasico
7891182016490;25.00;monofasico
7891182016513;0.00;monofasico
7891182016520;25.00;monofasico
7891182016605;12.00;monofasico
7891182016612;25.00;monofasico
7891182016711;25.00;monofasico
7891182016728;25.00;monofasico
7891182016735;25.00;monofasico
7891182016742;25.00;monofasico
7891182016759;25.00;monofasico
7891182016773;25.00;monofasico
7891182016780;25.00;monofasico
7891182016810;25.00;monofasico
7891182016841;25.00;monofasico
7891182016858;25.00;monofasico
7891182016865;25.00;monofasico
7891182016889;25.00;monofasico
7891182016902;25.00;monofasico
7891182017022;25.00;monofasico
7891182017138;4.00;monofasico
7891182017220;12.00;monofasico
7891182017237;12.00;monofasico
7891182017251;12.00;monofasico
7891182017275;12.00;monofasico
7891182017305;12.00;monofasico
7891182017312;12.00;monofasico
7891182017374;12.00;monofasico
7891182017381;12.00;monofasico
7891182017398;12.00;monofasico
7891182017404;12.00;monofasico
7891182017411;12.00;monofasico
7891182017442;12.00;monofasico
7891182017466;12.00;monofasico
7891182017503;12.00;monofasico
7891182017527;12.00;monofasico
7891182017534;12.00;monofasico
7891182017985;12.00;monofasico
7891182018012;12.00;monofasico
7891182018029;12.00;monofasico
7891182018036;0.00;monofasico
7891182018050;12.00;monofasico
7891182018098;12.00;monofasico
7891182018104;12.00;monofasico
7891182018111;12.00;monofasico
7891182018128;12.00;monofasico
7891182018135;12.00;monofasico
7891182018159;12.00;monofasico
7891182018166;12.00;monofasico
7891182018173;12.00;monofasico
7891182018180;12.00;monofasico
7891182018210;12.00;monofasico
7891182018227;12.00;monofasico
7891182018241;12.00;monofasico
7891182018258;12.00;monofasico
7891182018289;12.00;monofasico
7891182018326;12.00;monofasico
7891182018357;12.00;monofasico
7891182018364;12.00;monofasico
7891182018623;12.00;monofasico
7891182018630;12.00;monofasico
7891182018678;12.00;monofasico
7891182018685;12.00;monofasico
7891182018715;12.00;monofasico
7891182018760;12.00;monofasico
7891182018791;12.00;monofasico
7891182018807;12.00;monofasico
7891182018838;12.00;monofasico
7891182018852;12.00;monofasico
7891182018869;12.00;monofasico
7891182018913;12.00;monofasico
7891182018920;12.00;monofasico
7891182018944;12.00;monofasico
7891182018951;12.00;monofasico
7891182019026;12.00;monofasico
7891182019057;12.00;monofasico
7891182019064;12.00;monofasico
7891182019071;12.00;monofasico
7891182019095;12.00;monofasico
7891182019101;12.00;monofasico
7891182019255;12.00;monofasico
7891182019279;12.00;monofasico
7891182019286;12.00;monofasico
7891182019309;12.00;monofasico
7891182019323;12.00;monofasico
7891182019330;12.00;monofasico
7891182019347;12.00;monofasico
7891182019354;12.00;monofasico
7891182019378;12.00;monofasico
7891182019385;12.00;monofasico
7891182019774;12.00;monofasico
7891182019798;18.00;presumido
7891182019842;12.00;monofasico
7891182019859;12.00;monofasico
7891182019996;12.00;monofasico
7891182020077;25.00;monofasico
7891182020084;25.00;monofasico
7891182020091;25.00;monofasico
7891182020107;25.00;monofasico
7891182020312;12.00;monofasico
7891182020343;12.00;monofasico
7891182020916;0.00;monofasico
7891182020954;12.00;monofasico
7891182021012;0.00;monofasico
7891182023115;12.00;monofasico
7891182025515;12.00;monofasico
7891182026918;12.00;monofasico
7891182030915;12.00;monofasico
7891182030953;0.00;monofasico
7891182031363;12.00;monofasico
7891182032353;12.00;monofasico
7891182032377;12.00;monofasico
7891182032827;0.00;monofasico
7891182032841;12.00;monofasico
7891182032889;0.00;monofasico
7891182033541;12.00;monofasico
7891182035941;12.00;monofasico
7891182036795;12.00;monofasico
7891182040020;12.00;monofasico
7891182050142;12.00;monofasico
7891182070645;12.00;monofasico
7891182070652;12.00;monofasico
7891182120050;25.00;monofasico
7891182120067;0.00;monofasico
7891182810012;12.00;monofasico
7891182810098;12.00;monofasico
7891182810142;12.00;monofasico
7891182810203;12.00;monofasico
7891182820011;12.00;monofasico
7891182820028;12.00;monofasico
7891182820080;12.00;monofasico
7891182820110;12.00;monofasico
7891182830010;12.00;monofasico
7891182830027;12.00;monofasico
7891182830119;12.00;monofasico
7891182830126;12.00;monofasico
7891182850025;12.00;monofasico
7891182991872;12.00;monofasico
7891182991971;12.00;monofasico
7891182994088;12.00;monofasico
7891182996303;12.00;monofasico
7891182996310;12.00;monofasico
7891182996341;12.00;monofasico
7891182996488;12.00;monofasico
7891182996495;12.00;monofasico
7891182996501;12.00;monofasico
7891186066743;18.00;real
7891186066767;18.00;real
7891186066781;18.00;real
7891186098072;12.00;real
7891186109556;18.00;presumido
7891186109587;12.00;real
7891186109631;18.00;presumido
7891186109655;18.00;presumido
7891186109686;18.00;real
7891186109716;12.00;real
7891186110903;18.00;presumido
7891186110958;12.00;real
7891186110972;12.00;real
7891186111023;18.00;presumido
7891186111078;12.00;real
7891186111092;18.00;real
7891186111146;18.00;presumido
7891186111191;18.00;presumido
7891186111214;12.00;real
7891186123224;12.00;real
7891186123231;18.00;presumido
7891186150510;18.00;presumido
7891186161745;12.00;real
7891186178675;18.00;real
7891186181453;18.00;real
7891186181507;18.00;real
7891186181644;12.00;real
7891186181781;12.00;real
7891186181859;18.00;presumido
7891186181927;12.00;real
7891186183228;18.00;real
7891186192282;18.00;real
7891186194309;18.00;presumido
7891186229087;18.00;presumido
7891186229919;12.00;real
7891186229957;12.00;real
7891186230489;18.00;presumido
7891186230496;18.00;presumido
7891186230519;18.00;real
7891186230526;18.00;presumido
7891186230533;18.00;presumido
7891186230540;18.00;presumido
7891186230564;18.00;presumido
7891186241805;12.00;real
7891186241867;12.00;real
7891186241928;12.00;real
7891186267232;12.00;real
7891186277552;12.00;real
7891186277576;12.00;real
7891186277644;12.00;real
7891186277699;12.00;real
7891186279501;12.00;real
7891186279525;12.00;real
7891186279532;12.00;real
7891186334170;12.00;real
7891186334781;12.00;real
7891186357209;18.00;presumido
7891186409458;18.00;real
7891186409465;18.00;real
7891186409519;12.00;real
7891186409526;12.00;real
7891186409533;12.00;real
7891186409540;18.00;real
7891186409557;12.00;real
7891186409564;18.00;real
7891186460152;12.00;real
7891186515975;18.00;presumido
7891186515982;18.00;presumido
7891186515999;18.00;presumido
7891186516002;18.00;presumido
7891186596745;18.00;real
7891186596820;18.00;real
7891186596905;18.00;real
7891186596974;18.00;real
7891186775140;18.00;real
7891186781837;18.00;real
7891186784890;18.00;real
7891186785484;18.00;real
7891186819066;12.00;real
7891186819103;12.00;real
7891186819127;12.00;real
7891186823070;18.00;real
7891186823131;18.00;real
7891186824015;18.00;real
7891186836261;18.00;real
7891186918516;18.00;real
7891186918530;18.00;real
7891186918622;18.00;real
7891191004129;18.00;real
7891193020394;0.00;monofasico
7891200000227;18.00;real
7891200006052;0.00;monofasico
7891200012572;18.00;presumido
7891200015573;18.00;real
7891200017584;18.00;presumido
7891200190942;18.00;real
7891200294466;18.00;real
7891200990115;25.00;real
7891200990122;25.00;real
7891200990139;25.00;real
7891200990146;25.00;real
7891200990160;25.00;monofasico
7891200990177;25.00;monofasico
7891201050450;0.00;monofasico
7891203021250;0.00;monofasico
7891203059314;0.00;monofasico
7891203059338;0.00;monofasico
7891203059352;0.00;monofasico
7891203063342;0.00;monofasico
7891203067821;0.00;monofasico
7891213002744;12.00;real
7891213006414;12.00;real
7891213008791;12.00;real
7891213011227;18.00;real
7891213011333;18.00;real
7891213024982;12.00;real
7891213025026;12.00;real
7891213025033;12.00;real
7891213025170;12.00;real
7891213025200;12.00;real
7891213025217;12.00;real
7891213025316;12.00;real
7891213025347;12.00;real
7891213025378;12.00;real
7891213025613;12.00;real
7891213027037;12.00;real
7891213027112;12.00;real
7891213027143;12.00;real
7891213027310;12.00;real
7891213027327;12.00;real
7891213027334;12.00;real
7891213027341;12.00;real
7891213027358;12.00;real
7891213027365;12.00;real
7891213027389;12.00;real
7891213027396;12.00;real
7891213027570;12.00;real
7891213027587;12.00;real
7891213027594;12.00;real
7891213027631;12.00;real
7891213027648;12.00;real
7891213027723;12.00;real
7891213027730;12.00;real
7891213027747;12.00;real
7891213027754;12.00;real
7891213027761;12.00;real
7891213028027;12.00;real
7891213028089;12.00;real
7891213028096;12.00;real
7891213028126;12.00;real
7891213028164;12.00;real
7891213028232;12.00;real
7891213028249;12.00;real
7891213028256;12.00;real
7891213028263;12.00;real
7891213028270;12.00;real
7891213028317;12.00;real
7891213028935;12.00;real
7891213028942;12.00;real
7891213028959;12.00;real
7891213028966;12.00;real
7891213028973;12.00;real
7891213028980;12.00;real
7891213028997;12.00;real
7891213029000;12.00;real
7891213029017;12.00;real
7891213029024;12.00;real
7891213029031;12.00;real
7891213029048;12.00;real
7891213029055;12.00;real
7891213029062;12.00;real
7891213029581;12.00;real
7891213032758;12.00;real
7891213032765;12.00;real
7891213032802;12.00;real
7891213032819;12.00;real
7891213032826;12.00;real
7891213032833;12.00;real
7891213032840;12.00;real
7891213032857;12.00;real
7891213033533;12.00;real
7891213033540;12.00;real
7891213033557;12.00;real
7891213033564;12.00;real
7891213033571;12.00;real
7891213033588;12.00;real
7891213033595;12.00;real
7891213033601;12.00;real
7891213033618;12.00;real
7891213033748;12.00;real
7891213033755;12.00;real
7891213033762;12.00;real
7891213033816;12.00;real
7891213033823;12.00;real
7891213033830;12.00;real
7891213033847;12.00;real
7891213033854;18.00;real
7891213033861;18.00;real
7891213033915;18.00;real
7891213033922;18.00;real
7891213033939;12.00;real
7891213035742;12.00;real
7891213035759;12.00;real
7891213035766;12.00;real
7891213035773;12.00;real
7891213035780;12.00;real
7891213035810;12.00;real
7891213035827;12.00;real
7891213035834;12.00;real
7891213035841;12.00;real
7891213035858;12.00;real
7891213036855;12.00;real
7891213036862;12.00;real
7891213036909;12.00;real
7891213036916;12.00;real
7891213036923;12.00;real
7891213036947;12.00;real
7891213036954;12.00;real
7891213039269;12.00;real
7891213039290;12.00;real
7891213039320;12.00;real
7891213205176;12.00;real
7891213205220;12.00;real
7891213205237;12.00;real
7891213205770;12.00;real
7891213205794;12.00;real
7891213205817;12.00;real
7891213207026;12.00;real
7891213207088;12.00;real
7891213207118;12.00;real
7891213207194;12.00;real
7891213207262;12.00;real
7891213207293;12.00;real
7891213211023;12.00;real
7891213211092;12.00;real
7891213211153;12.00;real
7891213211221;12.00;real
7891213213652;12.00;real
7891213213706;12.00;real
7891213213713;12.00;real
7891213213812;12.00;real
7891213213867;12.00;real
7891213213874;12.00;real
7891213213980;12.00;real
7891213214031;12.00;real
7891213244946;12.00;real
7891213244977;12.00;real
7891213245202;12.00;real
7891213245219;12.00;real
7891213251159;12.00;real
7891213291629;12.00;real
7891213291636;12.00;real
7891213305531;12.00;real
7891213305548;12.00;real
7891213305579;12.00;real
7891213305586;12.00;real
7891213305616;12.00;real
7891213305623;12.00;real
7891213329094;12.00;real
7891213329100;12.00;real
7891213329124;12.00;real
7891213329131;12.00;real
7891213329148;12.00;real
7891213363579;12.00;real
7891213363616;12.00;real
7891213363654;12.00;real
7891213390926;12.00;real
7891213480535;12.00;real
7891213486834;12.00;real
7891213492552;12.00;real
7891213505955;12.00;real
7891213506037;12.00;real
7891213512571;12.00;real
7891213512601;12.00;real
7891213512618;12.00;real
7891213512632;12.00;real
7891213512922;12.00;real
7891213512953;12.00;real
7891213512960;12.00;real
7891213512984;12.00;real
7891213518030;12.00;real
7891213518115;12.00;real
7891213663143;12.00;real
7891213663150;12.00;real
7891213667608;12.00;real
7891213667646;12.00;real
7891213667660;12.00;real
7891213667974;12.00;real
7891213667981;12.00;real
7891213668001;12.00;real
7891213668018;12.00;real
7891213668032;12.00;real
7891213677799;12.00;real
7891213677805;12.00;real
7891213677812;12.00;real
7891213677829;12.00;real
7891213677836;12.00;real
7891213677843;12.00;real
7891213677850;12.00;real
7891213677867;12.00;real
7891213677874;12.00;real
7891213677881;12.00;real
7891213677898;12.00;real
7891213677904;12.00;real
7891213686753;12.00;real
7891213687521;12.00;real
7891213687552;12.00;real
7891213687569;12.00;real
7891213708998;12.00;real
7891213788648;12.00;real
7891213788662;12.00;real
7891213788679;12.00;real
7891213807158;12.00;real
7891213807202;12.00;real
7891213807257;12.00;real
7891213807301;12.00;real
7891213813302;12.00;real
7891213856705;12.00;real
7891213856729;12.00;real
7891213856743;12.00;real
7891213856767;12.00;real
7891213861396;12.00;real
7891213861419;12.00;real
7891213861426;12.00;real
7891213861433;12.00;real
7891213861457;12.00;real
7891213861471;12.00;real
7891213861501;12.00;real
7891213866087;12.00;real
7891213866100;12.00;real
7891213868074;12.00;real
7891213868098;12.00;real
7891213868104;12.00;real
7891213868128;12.00;real
7891213868142;12.00;real
7891213868159;12.00;real
7891213868173;12.00;real
7891213868197;12.00;real
7891213868203;12.00;real
7891213868227;12.00;real
7891213868241;12.00;real
7891213868258;12.00;real
7891213936919;12.00;real
7891213994124;12.00;real
7891213994131;12.00;real
7891213994216;12.00;real
7891213998092;12.00;real
7891213998146;12.00;real
7891213998207;12.00;real
7891213998214;12.00;real
7891213998269;12.00;real
7891213998276;12.00;real
7891213998320;12.00;real
7891213998344;12.00;real
7891213998399;12.00;real
7891213998405;12.00;real
7891213998450;12.00;real
7891213998511;12.00;real
7891213998528;12.00;real
7891213998573;12.00;real
7891222019153;0.00;real
7891222045879;0.00;real
7891222116722;0.00;real
7891222206669;0.00;real
7891222388457;0.00;monofasico
7891239002889;25.00;real
7891239003343;25.00;real
7891239003350;0.00;monofasico
7891239003503;25.00;real
7891239003510;25.00;real
7891239003527;25.00;real
7891239003534;25.00;real
7891239006924;0.00;monofasico
7891239009109;0.00;monofasico
7891239017098;25.00;real
7891239021095;0.00;monofasico
7891239021101;0.00;monofasico
7891239021699;25.00;monofasico
7891239022986;25.00;real
7891239023549;0.00;monofasico
7891239023556;25.00;real
7891239024706;25.00;real
7891239024713;25.00;real
7891239025314;25.00;real
7891239025420;0.00;monofasico
7891239025437;25.00;real
7891239026373;25.00;real
7891239026380;25.00;real
7891239027592;0.00;monofasico
7891239029770;25.00;real
7891239030561;25.00;real
7891239030578;25.00;real
7891239031100;25.00;real
7891239031117;25.00;real
7891260028575;0.00;real
7891265001146;0.00;real
7891265010445;0.00;real
7891265121844;0.00;real
7891280051980;0.00;monofasico
7891280051997;0.00;monofasico
7891284057438;0.00;presumido
7891317044800;18.00;real
7891317046576;18.00;monofasico
7891331008178;0.00;monofasico
7891331008369;18.00;real
7891331010485;0.00;monofasico
7891331010492;18.00;real
7891331010508;0.00;monofasico
7891331010515;18.00;real
7891331014469;18.00;real
7891331014513;0.00;monofasico
7891331851088;18.00;real
7891331851095;18.00;real
7891350000092;0.00;monofasico
7891350000115;18.00;monofasico
7891350011043;18.00;monofasico
7891350011623;18.00;monofasico
7891350026627;18.00;monofasico
7891350032406;18.00;monofasico
7891350032697;18.00;monofasico
7891350032741;25.00;monofasico
7891350032857;18.00;monofasico
7891350032970;18.00;monofasico
7891350033410;25.00;monofasico
7891350033427;25.00;monofasico
7891350033434;0.00;monofasico
7891350033441;12.00;monofasico
7891350033465;0.00;monofasico
7891350033472;25.00;monofasico
7891350033496;25.00;monofasico
7891350033502;25.00;monofasico
7891350033526;25.00;monofasico
7891350033533;25.00;monofasico
7891350033557;12.00;monofasico
7891350033571;25.00;monofasico
7891350033656;0.00;monofasico
7891350033663;25.00;monofasico
7891350033670;18.00;monofasico
7891350033694;18.00;monofasico
7891350033717;18.00;monofasico
7891350033724;18.00;monofasico
7891350033892;18.00;monofasico
7891350033908;18.00;monofasico
7891350033915;18.00;monofasico
7891350034042;12.00;monofasico
7891350034059;12.00;monofasico
7891350034066;12.00;monofasico
7891350034073;12.00;monofasico
7891350034097;12.00;monofasico
7891350034295;12.00;monofasico
7891350034318;12.00;monofasico
7891350034325;0.00;monofasico
7891350034486;25.00;monofasico
7891350034493;12.00;monofasico
7891350034516;25.00;monofasico
7891350034547;12.00;monofasico
7891350034554;25.00;monofasico
7891350034622;18.00;monofasico
7891350034639;0.00;monofasico
7891350034646;18.00;monofasico
7891350034844;25.00;monofasico
7891350034851;25.00;monofasico
7891350034868;25.00;monofasico
7891350034875;25.00;monofasico
7891350034929;25.00;monofasico
7891350034943;25.00;monofasico
7891350034950;25.00;monofasico
7891350035872;12.00;monofasico
7891350036459;12.00;monofasico
7891350036695;18.00;monofasico
7891350036701;0.00;monofasico
7891350036718;0.00;monofasico
7891350037005;12.00;monofasico
7891350037012;12.00;monofasico
7891350037029;12.00;monofasico
7891350037036;12.00;monofasico
7891350037050;12.00;monofasico
7891350037067;12.00;monofasico
7891350037081;0.00;monofasico
7891350037098;12.00;monofasico
7891350037104;12.00;monofasico
7891350037128;12.00;monofasico
7891350037135;12.00;monofasico
7891350037142;12.00;monofasico
7891350037159;12.00;monofasico
7891350037173;12.00;monofasico
7891350037197;12.00;monofasico
7891350037449;25.00;monofasico
7891350037487;12.00;monofasico
7891350037517;25.00;monofasico
7891350037531;25.00;monofasico
7891350037548;0.00;monofasico
7891350037791;18.00;monofasico
7891350037807;18.00;monofasico
7891350038101;0.00;monofasico
7891350038293;12.00;monofasico
7891350038309;12.00;monofasico
7891350038316;12.00;monofasico
7891350038323;12.00;monofasico
7891350038330;12.00;monofasico
7891350038347;12.00;monofasico
7891350038613;0.00;monofasico
7891350038620;0.00;monofasico
7891350038873;0.00;monofasico
7891350038880;25.00;monofasico
7891350038897;25.00;monofasico
7891350038903;0.00;monofasico
7891350038910;25.00;monofasico
7891350038927;25.00;monofasico
7891350038934;25.00;monofasico
7891350038941;25.00;monofasico
7891350038958;25.00;monofasico
7891350038965;0.00;monofasico
7891350039337;12.00;monofasico
7891350039726;12.00;monofasico
7891350039955;0.00;monofasico
7891350039979;18.00;monofasico
7891350039986;18.00;monofasico
7891350039993;0.00;monofasico
7891350040005;0.00;monofasico
7891350040012;18.00;monofasico
7891350040029;0.00;monofasico
7891350040050;12.00;monofasico
7891350040357;12.00;monofasico
7891350040364;12.00;monofasico
7891350040371;12.00;monofasico
7891350040388;12.00;monofasico
7891350040395;12.00;monofasico
7891350040401;12.00;monofasico
7891350040487;12.00;monofasico
7891350040494;12.00;monofasico
7891350040500;12.00;monofasico
7891350040517;12.00;monofasico
7891350040524;12.00;monofasico
7891350040531;12.00;monofasico
7891350040784;0.00;monofasico
7891350040791;0.00;monofasico
7891350040807;18.00;monofasico
7891350040814;18.00;monofasico
7891350041057;25.00;monofasico
7891350041088;12.00;monofasico
7891350041095;12.00;monofasico
7891350041101;12.00;monofasico
7891350041149;18.00;monofasico
7891350041156;18.00;monofasico
7891350041163;18.00;monofasico
7891350041170;18.00;monofasico
7891350041200;12.00;monofasico
7891350041217;12.00;monofasico
7891350041408;25.00;monofasico
7891350041415;25.00;monofasico
7891350041873;12.00;monofasico
7891350041903;12.00;monofasico
7891350042184;12.00;monofasico
7891350042221;25.00;monofasico
7891350042344;25.00;monofasico
7891350042719;0.00;monofasico
7891350042726;0.00;monofasico
7891350042733;0.00;monofasico
7891350042740;0.00;monofasico
7891350042818;12.00;monofasico
7891350042832;12.00;monofasico
7891350042931;12.00;monofasico
7891350042948;12.00;monofasico
7891350043013;12.00;monofasico
7891350043075;12.00;monofasico
7891350043785;12.00;monofasico
7891350043792;12.00;monofasico
7891350043808;12.00;monofasico
7891350043822;0.00;monofasico
7891350043839;0.00;monofasico
7891350043846;0.00;monofasico
7891350043853;0.00;monofasico
7891350043860;0.00;monofasico
7891350043877;0.00;monofasico
7891350044881;12.00;monofasico
7891350044898;12.00;monofasico
7891350044911;12.00;monofasico
7891350045246;0.00;monofasico
7891350045253;0.00;monofasico
7891350045260;0.00;monofasico
7891350045277;0.00;monofasico
7891350045659;0.00;monofasico
7891350045666;0.00;monofasico
7891350045673;18.00;monofasico
7891350045680;18.00;monofasico
7891350045710;18.00;monofasico
7891350045727;18.00;monofasico
7891350046083;0.00;monofasico
7891350046090;12.00;monofasico
7891350046106;0.00;monofasico
7891350046113;0.00;monofasico
7891350046120;0.00;monofasico
7891350046137;0.00;monofasico
7891350046144;0.00;monofasico
7891350046151;0.00;monofasico
7891350046168;0.00;monofasico
7891350047240;0.00;monofasico
7891350047332;12.00;monofasico
7891350047769;12.00;monofasico
7891350047776;12.00;monofasico
7891350047783;12.00;monofasico
7891350047790;12.00;monofasico
7891350047806;12.00;monofasico
7891350047813;12.00;monofasico
7891350047882;25.00;monofasico
7891350047899;25.00;monofasico
7891350047905;25.00;monofasico
7891350047981;12.00;monofasico
7891350047998;0.00;monofasico
7891350048001;12.00;monofasico
7891350048018;0.00;monofasico
7891350048025;0.00;monofasico
7891350048032;12.00;monofasico
7891350048049;12.00;monofasico
7891350048056;12.00;monofasico
7891350048148;25.00;monofasico
7891350048155;12.00;monofasico
7891350048162;12.00;monofasico
7891350048179;12.00;monofasico
7891350048186;12.00;monofasico
7891350048193;12.00;monofasico
7891350048209;25.00;monofasico
7891350048216;12.00;monofasico
7891350048223;12.00;monofasico
7891350048230;12.00;monofasico
7891350048575;25.00;monofasico
7891350048582;25.00;monofasico
7891350048599;25.00;monofasico
7891350048605;25.00;monofasico
7891350048612;12.00;monofasico
7891350048629;12.00;monofasico
7891350048636;12.00;monofasico
7891350048643;25.00;monofasico
7891350048940;12.00;monofasico
7891350048957;12.00;monofasico
7891350048964;12.00;monofasico
7891350048971;12.00;monofasico
7891350048988;12.00;monofasico
7891350048995;12.00;monofasico
7891350049633;12.00;monofasico
7891350049640;12.00;monofasico
7891350049657;12.00;monofasico
7891350049664;12.00;monofasico
7891350049671;12.00;monofasico
7891350049688;12.00;monofasico
7891350049695;12.00;monofasico
7891350049701;12.00;monofasico
7891350049718;12.00;monofasico
7891360559269;18.00;real
7891360653929;18.00;real
7891386100018;0.00;monofasico
7891435924633;0.00;real
7891435924640;0.00;real
7891452032250;0.00;real
7891528012582;12.00;monofasico
7891528016504;12.00;monofasico
7891528016511;0.00;monofasico
7891528029498;12.00;monofasico
7891528030142;12.00;monofasico
7891528038001;12.00;monofasico
7891528038308;12.00;monofasico
7891528038568;12.00;monofasico
7891528038612;12.00;monofasico
7891528038810;12.00;monofasico
7891528038827;12.00;monofasico
7891528038834;12.00;monofasico
7891528116501;12.00;monofasico
7891530384349;12.00;real
7891530742286;4.00;monofasico
7891530772467;12.00;real
7891530822636;12.00;real
7891530825057;12.00;real
7891530827112;12.00;real
7891530827204;12.00;real
7891530847677;12.00;real
7891530852213;12.00;real
7891530868894;12.00;real
7891530872037;12.00;real
7891530889561;12.00;real
7891530889851;12.00;real
7891530908781;12.00;real
7891530912467;12.00;real
7891530912535;12.00;real
7891530914362;12.00;real
7891530914485;12.00;real
7891530916519;12.00;real
7891530917783;12.00;real
7891530923364;12.00;real
7891530923395;12.00;real
7891546124649;0.00;real
7891567936740;18.00;real
7891634250274;18.00;real
7891653010118;25.00;monofasico
7891653010507;25.00;monofasico
7891653011115;25.00;monofasico
7891653011122;25.00;monofasico
7891653011139;25.00;monofasico
7891653011146;25.00;monofasico
7891653011160;25.00;monofasico
7891653014024;18.00;monofasico
7891653014031;0.00;monofasico
7891653014062;0.00;monofasico
7891653014215;0.00;monofasico
7891653040078;18.00;monofasico
7891738006470;0.00;monofasico
7891738006500;0.00;monofasico
7891800197518;0.00;monofasico
7891800203707;0.00;real
7891800341935;0.00;real
7891800364798;0.00;real
7891800364804;0.00;real
7891800375282;18.00;real
7891800645781;0.00;monofasico
7891800652260;18.00;real
7891800652987;18.00;monofasico
7891800662146;0.00;real
7891800662153;0.00;real
7891800665017;0.00;real
7891800665512;0.00;real
7891800665529;0.00;real
7891800668131;0.00;presumido
7891910030347;18.00;monofasico
7891962053189;0.00;monofasico
7891962077383;0.00;monofasico
7891991001342;0.00;monofasico
7891991001373;0.00;monofasico
7891991008785;0.00;monofasico
7891999970053;0.00;monofasico
7892001010026;0.00;monofasico
7892001011108;0.00;monofasico
7892001011153;0.00;monofasico
7892001011238;0.00;monofasico
7892019040039;0.00;monofasico
7892019040213;0.00;monofasico
7892019042002;0.00;monofasico
7892019060013;0.00;monofasico
7892019060204;0.00;monofasico
7892019060303;0.00;monofasico
7892025110061;0.00;monofasico
7892242313320;0.00;monofasico
7892305053293;0.00;monofasico
78923409;18.00;monofasico
78923454;12.00;monofasico
7892379023123;0.00;real
78924338;12.00;monofasico
78924345;12.00;monofasico
78924352;18.00;monofasico
78924383;12.00;monofasico
78924468;12.00;monofasico
78924529;12.00;monofasico
7892503201649;0.00;monofasico
7892505454692;0.00;monofasico
7892509132343;12.00;real
7892509143196;0.00;real
7892509146609;12.00;real
7892532900025;0.00;monofasico
7892536777227;0.00;monofasico
7892536933227;0.00;monofasico
78925472;18.00;monofasico
7892597355969;12.00;real
78926523;18.00;monofasico
78927254;12.00;monofasico
7892840813505;0.00;monofasico
7892840820664;0.00;monofasico
7892847001011;0.00;monofasico
7892861600535;0.00;monofasico
7892904211803;0.00;real
78929340;0.00;real
78929395;18.00;monofasico
7892940000010;18.00;monofasico
7893000041448;18.00;real
78930780;18.00;monofasico
7893095102758;18.00;monofasico
7893095102772;18.00;monofasico
7893095102789;18.00;monofasico
7893095103298;25.00;monofasico
7893095103328;25.00;monofasico
7893095103335;25.00;monofasico
7893095103342;25.00;monofasico
7893095103359;25.00;monofasico
7893095411331;0.00;real
7893095850482;18.00;real
7893095850499;18.00;real
7893299922619;12.00;real
7893300521022;25.00;monofasico
7893300521084;25.00;monofasico
7893300521145;25.00;monofasico
7893300521169;25.00;monofasico
78933354;18.00;monofasico
7893401194576;0.00;real
7893401194583;0.00;real
7893401194590;0.00;real
7893401194699;0.00;real
7893401194712;0.00;real
7893401194729;0.00;real
7893401194736;0.00;real
7893401194828;0.00;real
7893401198277;0.00;real
7893401226550;0.00;real
7893401247456;0.00;real
7893401247999;0.00;real
7893401252511;0.00;real
7893401252658;0.00;real
78935068;18.00;monofasico
7893537000765;0.00;monofasico
78938625;18.00;monofasico
78938830;18.00;real
78938854;18.00;real
78939158;25.00;monofasico
78939165;25.00;monofasico
78939172;25.00;monofasico
78939189;25.00;monofasico
7893946001056;0.00;monofasico
7893989137019;0.00;monofasico
7894000050034;0.00;monofasico
7894023056891;0.00;monofasico
7894030010077;0.00;monofasico
7894030010404;0.00;monofasico
7894030040203;0.00;monofasico
7894030040210;0.00;monofasico
7894035300128;0.00;monofasico
7894121585897;0.00;real
7894200053385;0.00;monofasico
7894222003290;0.00;presumido
7894222009872;25.00;monofasico
7894222009896;25.00;monofasico
7894222009957;25.00;monofasico
7894222009988;25.00;monofasico
7894222009995;25.00;monofasico
7894222010007;25.00;monofasico
7894222010014;25.00;monofasico
7894222010021;25.00;monofasico
7894222010137;25.00;monofasico
7894222010151;25.00;monofasico
7894222010175;25.00;monofasico
7894222010205;25.00;monofasico
7894222010212;25.00;monofasico
7894222010236;25.00;monofasico
7894222010250;25.00;monofasico
7894222010274;25.00;monofasico
7894222010298;25.00;monofasico
7894222010359;25.00;monofasico
7894222010373;25.00;monofasico
7894222010717;25.00;monofasico
7894222010731;25.00;monofasico
7894222010809;25.00;monofasico
7894222010816;25.00;monofasico
7894222010830;25.00;monofasico
7894222010847;25.00;monofasico
7894222010854;25.00;monofasico
7894222010861;25.00;monofasico
7894222010878;25.00;monofasico
7894222010892;25.00;monofasico
7894222019789;25.00;monofasico
7894222019819;25.00;monofasico
7894222019888;25.00;monofasico
7894222019932;25.00;monofasico
7894222020068;25.00;monofasico
7894222020075;25.00;monofasico
7894222020082;25.00;monofasico
7894222020099;0.00;monofasico
7894222020457;25.00;monofasico
7894222020488;25.00;monofasico
7894222020501;25.00;monofasico
7894222020648;25.00;monofasico
7894222021171;25.00;monofasico
7894222021195;25.00;monofasico
7894222021201;25.00;monofasico
7894222021225;25.00;monofasico
7894222021652;25.00;monofasico
7894222021669;25.00;monofasico
7894222021676;25.00;monofasico
7894222021799;25.00;monofasico
7894222021805;25.00;monofasico
7894222021812;25.00;monofasico
7894222021829;25.00;monofasico
7894222021836;25.00;monofasico
7894222021843;25.00;monofasico
7894222021850;0.00;monofasico
7894222021867;0.00;monofasico
7894222021874;25.00;monofasico
7894222021881;25.00;monofasico
7894222021997;25.00;monofasico
7894222022000;25.00;monofasico
7894222022017;25.00;monofasico
7894222022024;25.00;monofasico
7894222022031;25.00;monofasico
7894222022048;25.00;monofasico
7894222022055;25.00;monofasico
7894222022062;25.00;monofasico
7894222022079;25.00;monofasico
7894222022086;25.00;monofasico
7894222022093;25.00;monofasico
7894222022215;25.00;monofasico
7894222022239;25.00;monofasico
7894222022246;25.00;monofasico
7894222026404;25.00;monofasico
7894222027449;25.00;monofasico
7894222027456;25.00;monofasico
7894222027463;25.00;monofasico
7894222027470;25.00;monofasico
7894222027494;25.00;monofasico
7894222027517;25.00;monofasico
7894222027524;25.00;monofasico
7894222027531;25.00;monofasico
7894222027616;25.00;monofasico
7894222027760;25.00;monofasico
7894222027791;25.00;monofasico
7894222027807;25.00;monofasico
7894222027821;25.00;monofasico
7894222027838;25.00;monofasico
7894222027845;25.00;monofasico
7894222027951;25.00;monofasico
7894222028767;25.00;monofasico
7894222028781;25.00;monofasico
7894222028842;25.00;monofasico
7894222028866;25.00;monofasico
7894222028880;0.00;monofasico
7894222028897;25.00;monofasico
7894222028903;25.00;monofasico
7894222029023;25.00;monofasico
7894222029054;25.00;monofasico
7894222029061;25.00;monofasico
7894222029252;25.00;monofasico
7894222029269;0.00;monofasico
7894222029306;25.00;monofasico
7894222029313;25.00;monofasico
7894222029320;25.00;monofasico
7894222029641;25.00;monofasico
7894222029658;25.00;monofasico
7894222029665;25.00;monofasico
7894222029672;25.00;monofasico
7894222029689;25.00;monofasico
7894222029696;25.00;monofasico
7894222029702;25.00;monofasico
7894222029719;25.00;monofasico
7894222029726;25.00;monofasico
7894222029733;0.00;monofasico
7894222029740;0.00;monofasico
7894222029771;25.00;monofasico
7894222029788;25.00;monofasico
7894222029795;25.00;monofasico
7894222029801;25.00;monofasico
7894222030036;25.00;monofasico
7894222030050;25.00;monofasico
7894222030135;25.00;monofasico
7894222030388;25.00;monofasico
7894222030845;25.00;monofasico
7894222030968;25.00;monofasico
7894222031026;0.00;monofasico
7894222031132;0.00;monofasico
7894222031149;25.00;monofasico
7894222031156;25.00;monofasico
7894222031163;0.00;monofasico
7894222031187;0.00;monofasico
7894222031828;25.00;monofasico
7894222031835;25.00;monofasico
7894222032061;25.00;monofasico
7894222032078;25.00;monofasico
7894222033242;25.00;monofasico
7894222033259;25.00;monofasico
7894222033266;25.00;monofasico
7894222033273;25.00;monofasico
7894222033280;25.00;monofasico
7894222033297;25.00;monofasico
7894222033303;25.00;monofasico
7894222033310;25.00;monofasico
7894222033327;0.00;monofasico
7894222033334;25.00;monofasico
7894222033341;25.00;monofasico
7894222033358;25.00;monofasico
7894222033877;25.00;monofasico
7894222033884;25.00;monofasico
7894222036168;25.00;monofasico
7894222036175;25.00;monofasico
7894222036182;25.00;monofasico
7894222036663;25.00;monofasico
7894222036670;25.00;monofasico
7894222037738;0.00;monofasico
7894222037745;25.00;monofasico
7894222037752;25.00;monofasico
7894222037769;0.00;monofasico
7894222037776;0.00;monofasico
7894222037943;0.00;monofasico
7894222038773;25.00;monofasico
7894222038780;0.00;monofasico
7894222038797;25.00;monofasico
7894222038803;25.00;monofasico
7894222038810;25.00;monofasico
7894222039220;25.00;monofasico
7894222039237;25.00;monofasico
7894222039244;0.00;monofasico
7894222039534;25.00;monofasico
7894222039541;25.00;monofasico
7894222039558;25.00;monofasico
7894222039565;0.00;monofasico
7894222039572;25.00;monofasico
7894222039596;25.00;monofasico
7894222039657;25.00;monofasico
7894222039664;25.00;monofasico
7894222039671;25.00;monofasico
7894222039688;25.00;monofasico
7894222039695;25.00;monofasico
7894222039879;25.00;monofasico
7894222040073;0.00;monofasico
7894222040127;25.00;monofasico
7894222040226;25.00;monofasico
7894222040240;25.00;monofasico
7894222040448;0.00;monofasico
7894222040455;0.00;monofasico
7894222040608;0.00;monofasico
7894222040677;25.00;monofasico
7894222040684;25.00;monofasico
7894222040691;25.00;monofasico
7894222040714;25.00;monofasico
7894222040721;25.00;monofasico
7894222040738;25.00;monofasico
7894222040745;25.00;monofasico
7894222040752;25.00;monofasico
7894222040769;25.00;monofasico
7894222040776;25.00;monofasico
7894222040783;25.00;monofasico
7894222040790;25.00;monofasico
7894222040806;25.00;monofasico
7894222040813;25.00;monofasico
7894222040943;25.00;monofasico
7894222040950;25.00;monofasico
7894222040967;25.00;monofasico
7894222040974;25.00;monofasico
7894222040981;25.00;monofasico
7894222041056;25.00;monofasico
7894222041063;25.00;monofasico
7894222041070;0.00;monofasico
7894222041094;25.00;monofasico
7894222041100;0.00;monofasico
7894222041117;25.00;monofasico
7894222041155;25.00;monofasico
7894222041179;25.00;monofasico
7894222041193;25.00;monofasico
7894222041209;25.00;monofasico
7894222041223;25.00;monofasico
7894222041230;25.00;monofasico
7894222041254;25.00;monofasico
7894222041261;25.00;monofasico
7894222041278;25.00;monofasico
7894222041285;25.00;monofasico
7894222041292;25.00;monofasico
7894222041391;25.00;monofasico
7894222041438;25.00;monofasico
7894222041452;25.00;monofasico
7894222041469;25.00;monofasico
7894222041476;25.00;monofasico
7894222041483;25.00;monofasico
7894222041490;0.00;monofasico
7894222041711;25.00;monofasico
7894222041810;25.00;monofasico
7894222042091;0.00;monofasico
7894222042114;25.00;monofasico
7894222042138;25.00;monofasico
7894222042145;25.00;monofasico
7894222042176;0.00;monofasico
7894222042183;0.00;monofasico
7894222042190;0.00;monofasico
7894222042206;25.00;monofasico
7894222042213;25.00;monofasico
7894222042336;25.00;monofasico
7894222042343;25.00;monofasico
7894222042350;25.00;monofasico
7894222042367;25.00;monofasico
7894222042374;25.00;monofasico
7894222042381;25.00;monofasico
7894222042398;0.00;monofasico
7894222042428;25.00;monofasico
7894222042541;25.00;monofasico
7894222042558;25.00;monofasico
7894222042565;25.00;monofasico
7894222042572;25.00;monofasico
7894222042596;25.00;monofasico
7894222042602;25.00;monofasico
7894222042619;25.00;monofasico
7894222042657;18.00;presumido
7894222042664;0.00;monofasico
7894222042671;25.00;monofasico
7894222042688;18.00;monofasico
7894222042695;18.00;monofasico
7894222042701;18.00;monofasico
7894222042718;25.00;monofasico
7894222042732;25.00;monofasico
7894222042749;18.00;monofasico
7894222042756;18.00;monofasico
7894222042763;18.00;monofasico
7894222042824;25.00;monofasico
7894222042848;25.00;monofasico
7894222042879;25.00;monofasico
7894222042886;25.00;monofasico
7894222042893;25.00;monofasico
7894222042909;25.00;monofasico
7894222042916;25.00;monofasico
7894222042930;25.00;monofasico
7894222042947;25.00;monofasico
7894222042954;25.00;monofasico
7894222042961;25.00;monofasico
7894222042978;25.00;monofasico
7894222042985;25.00;monofasico
7894222042992;25.00;monofasico
7894222043005;25.00;monofasico
7894222043012;25.00;monofasico
7894222043029;25.00;monofasico
7894222043043;25.00;monofasico
7894222043050;25.00;monofasico
7894222043067;25.00;monofasico
7894222043074;25.00;monofasico
7894222043081;25.00;monofasico
7894222043098;25.00;monofasico
7894222043104;25.00;monofasico
7894222043111;25.00;monofasico
7894222043128;25.00;monofasico
7894222043159;25.00;monofasico
7894222043166;25.00;monofasico
7894222043173;25.00;monofasico
7894222043180;25.00;monofasico
7894222043258;25.00;monofasico
7894222043265;25.00;monofasico
7894222043272;25.00;monofasico
7894222043289;25.00;monofasico
7894222043494;25.00;monofasico
7894222043517;18.00;monofasico
7894222043531;25.00;monofasico
7894222043548;25.00;monofasico
7894222043555;25.00;monofasico
7894222043562;18.00;monofasico
7894222043579;18.00;monofasico
7894222043586;18.00;monofasico
7894222043593;25.00;monofasico
7894222043609;25.00;monofasico
7894222043616;25.00;monofasico
7894222043623;25.00;monofasico
7894222043630;25.00;monofasico
7894222043647;25.00;monofasico
7894222043654;25.00;monofasico
7894222043661;25.00;monofasico
7894222043678;25.00;monofasico
7894222043685;25.00;monofasico
7894222043692;25.00;monofasico
7894222043708;25.00;monofasico
7894222043746;25.00;monofasico
7894222043753;25.00;monofasico
7894222043760;25.00;monofasico
7894222043821;25.00;monofasico
7894222043838;25.00;monofasico
7894222043845;25.00;monofasico
7894222043852;25.00;monofasico
7894222043869;25.00;monofasico
7894222043876;25.00;monofasico
7894222043883;18.00;monofasico
7894222043890;18.00;presumido
7894222043906;18.00;presumido
7894222043913;18.00;monofasico
7894222043920;18.00;monofasico
7894222043937;18.00;monofasico
7894222043944;18.00;monofasico
7894222043951;18.00;monofasico
7894222043968;18.00;monofasico
7894222043999;25.00;monofasico
7894222044002;25.00;monofasico
7894222044019;25.00;monofasico
7894222044026;25.00;monofasico
7894222044033;25.00;monofasico
7894222044040;25.00;monofasico
7894222044057;25.00;monofasico
7894222044170;25.00;monofasico
7894375056198;18.00;real
7894375056204;18.00;real
78944831;12.00;monofasico
78945449;18.00;real
78945456;18.00;real
78945470;18.00;real
7894650005712;12.00;monofasico
7894650006115;12.00;real
7894650009567;0.00;presumido
7894650009598;0.00;presumido
7894650010747;18.00;presumido
7894650013380;0.00;presumido
7894650130117;0.00;presumido
7894650937563;18.00;monofasico
7894650937679;18.00;real
7894650937723;18.00;real
7894650938942;18.00;monofasico
7894650940006;12.00;real
7894862511001;18.00;presumido
7894862511025;18.00;presumido
7894862511049;18.00;presumido
7894862511056;18.00;presumido
7894862511063;18.00;presumido
7894862511087;18.00;presumido
7894876003738;18.00;real
7894900010398;18.00;monofasico
7894900011302;18.00;real
7894900012217;18.00;real
7894900027013;0.00;monofasico
7894900031300;18.00;real
7894900051308;18.00;real
7894900051513;0.00;monofasico
7894900500035;0.00;monofasico
7894900501001;0.00;monofasico
7894900503029;0.00;monofasico
7894900504002;0.00;monofasico
7894900508024;0.00;real
7894900530001;0.00;monofasico
7894900530032;0.00;monofasico
7894900531008;18.00;monofasico
7894900550054;0.00;monofasico
7894900556056;18.00;monofasico
7894900666502;0.00;monofasico
7894900680508;18.00;monofasico
7894900681031;18.00;real
7894900681178;0.00;monofasico
7894900681222;18.00;real
7894900700398;0.00;monofasico
7894900701302;18.00;real
7894900701517;0.00;monofasico
7894900702217;18.00;real
7894904571956;0.00;monofasico
7894941800309;0.00;monofasico
7895031401550;0.00;real
7895097903388;0.00;monofasico
7895097903449;0.00;monofasico
7895144080116;18.00;real
7895144080123;18.00;real
7895144207360;18.00;real
7895144207414;18.00;real
7895144207421;18.00;real
7895144207582;18.00;real
7895144228518;18.00;real
7895144693088;18.00;real
7895144693149;18.00;real
7895144693224;18.00;real
7895194278297;0.00;real
7895194282522;0.00;real
7895237000229;0.00;real
7895237004678;0.00;real
7895454816504;12.00;monofasico
7895454816511;12.00;monofasico
7895454816900;18.00;monofasico
7895454817471;0.00;monofasico
7895454818584;18.00;monofasico
7895454818591;18.00;monofasico
7895460876493;25.00;monofasico
7895460876509;25.00;monofasico
7895510060780;12.00;real
7895510061428;12.00;real
7895510480823;12.00;real
7895510480847;12.00;real
7895510529676;12.00;real
7895510529683;12.00;real
7895510529690;12.00;real
7895510529706;12.00;real
7895510550397;12.00;real
7895510550403;12.00;real
7895510550410;12.00;real
7895510550427;12.00;real
7895510557846;12.00;real
7895510557853;12.00;real
7895510557860;12.00;real
7895510557877;12.00;real
7895510557884;12.00;real
7895510557891;12.00;real
7895510557907;12.00;real
7895510557914;12.00;real
7895510908310;12.00;real
7895510928356;12.00;real
7895510930083;12.00;real
7895510933664;12.00;real
7895510933695;12.00;real
7895510988565;12.00;real
7895510999011;12.00;real
7895510999028;12.00;real
7895685825450;0.00;monofasico
7895698818913;0.00;monofasico
7895800201503;18.00;real
7895800304211;18.00;real
7895800304228;18.00;real
7895800304235;18.00;real
7895800309780;18.00;real
7895800400142;18.00;real
7895800400159;18.00;real
7895800400166;18.00;real
7895800400173;18.00;real
7895800400180;18.00;real
7895800400227;18.00;real
7895800430002;18.00;real
7895800660317;0.00;monofasico
7895874183989;0.00;monofasico
7896000705891;25.00;monofasico
7896000705907;25.00;monofasico
7896000705921;25.00;monofasico
7896000705945;25.00;monofasico
7896000705952;25.00;monofasico
7896000705969;25.00;monofasico
7896000705976;25.00;monofasico
7896000705983;25.00;monofasico
7896000705990;25.00;monofasico
7896000706010;25.00;monofasico
7896000706027;25.00;monofasico
7896000706034;25.00;monofasico
7896000706041;25.00;monofasico
7896000706065;25.00;monofasico
7896000706072;25.00;monofasico
7896000706133;25.00;monofasico
7896000706164;25.00;monofasico
7896000706171;25.00;monofasico
7896000711601;0.00;monofasico
7896000712738;25.00;monofasico
7896000712837;25.00;monofasico
7896000712981;25.00;monofasico
7896000713186;0.00;monofasico
7896000716675;25.00;monofasico
7896000716781;0.00;monofasico
7896000716804;0.00;monofasico
7896000716866;25.00;monofasico
7896000717658;0.00;monofasico
7896000722522;25.00;monofasico
7896000722553;0.00;monofasico
7896000722577;0.00;monofasico
7896000722805;0.00;monofasico
7896000724724;25.00;monofasico
7896000724731;25.00;monofasico
7896000724748;25.00;monofasico
7896000724755;0.00;monofasico
7896000724762;0.00;monofasico
7896000724779;25.00;monofasico
7896000724953;25.00;monofasico
7896000726407;0.00;monofasico
7896000727466;0.00;monofasico
7896000727473;0.00;monofasico
7896000727497;18.00;monofasico
7896000727527;0.00;monofasico
7896000727534;25.00;monofasico
7896001020863;18.00;monofasico
7896001021884;18.00;real
7896001021907;18.00;real
7896001021921;18.00;real
7896001021952;18.00;monofasico
7896001022232;18.00;monofasico
7896001022249;18.00;real
7896001022928;18.00;real
7896001022959;18.00;real
7896001024007;18.00;real
7896001024069;18.00;real
7896001024281;18.00;monofasico
7896001024298;18.00;real
7896001025004;18.00;real
7896001025011;18.00;real
7896001025028;18.00;real
7896001025035;18.00;real
7896001025042;18.00;real
7896001025066;18.00;real
7896001025073;18.00;real
7896001025080;18.00;real
7896001025097;18.00;real
7896001025103;18.00;monofasico
7896001025110;18.00;real
7896001025127;18.00;real
7896001025134;18.00;real
7896001025172;18.00;real
7896001025189;18.00;monofasico
7896001025356;18.00;real
7896001025424;18.00;real
7896001025455;18.00;real
7896001025479;18.00;real
7896001025493;18.00;real
7896001025547;18.00;real
7896001025561;18.00;real
7896001025691;18.00;real
7896001025707;18.00;real
7896001025738;18.00;real
7896001025783;18.00;real
7896001025806;18.00;real
7896001025820;18.00;real
7896001025837;18.00;real
7896001025899;18.00;real
7896001025974;18.00;real
7896001025998;18.00;real
7896001026025;18.00;real
7896001026193;18.00;real
7896001026285;18.00;real
7896001026353;18.00;real
7896001026537;18.00;real
7896001026544;18.00;real
7896001026728;18.00;real
7896001026742;18.00;real
7896001026766;18.00;real
7896001026773;18.00;real
7896001026797;18.00;real
7896001027350;18.00;real
7896001027374;18.00;monofasico
7896001027459;18.00;monofasico
7896001028524;18.00;real
7896001028548;18.00;monofasico
7896001041127;18.00;real
7896001041134;18.00;real
7896001041165;18.00;real
7896001041226;18.00;real
7896001041233;18.00;monofasico
7896001041240;18.00;real
7896001041264;18.00;real
7896001041912;18.00;real
7896001041936;18.00;monofasico
7896001041943;18.00;real
7896001041950;18.00;real
7896001041998;18.00;real
7896001096486;18.00;monofasico
7896001096622;18.00;real
7896001096653;18.00;real
7896001096660;18.00;real
7896001250628;0.00;monofasico
7896001282421;0.00;monofasico
7896002360982;0.00;monofasico
7896002361033;0.00;monofasico
7896004790596;18.00;presumido
7896004790619;0.00;monofasico
7896004790633;0.00;presumido
7896004790657;25.00;monofasico
7896004790664;18.00;presumido
7896004790671;18.00;presumido
7896004790688;18.00;presumido
7896004790695;18.00;presumido
7896004814162;0.00;monofasico
7896004816562;0.00;monofasico
7896004822730;18.00;presumido
7896004822785;18.00;presumido
7896005202074;0.00;monofasico
7896005404072;0.00;monofasico
7896006902669;0.00;monofasico
7896007540259;18.00;real
7896007540600;18.00;real
7896007540617;18.00;real
7896007540624;18.00;real
7896007540631;18.00;real
7896007541850;0.00;presumido
7896007541867;18.00;real
7896007541874;18.00;real
7896007541898;18.00;real
7896007542437;18.00;real
7896007542482;18.00;real
7896007542857;18.00;real
7896007542864;18.00;real
7896007542871;18.00;real
7896007544042;18.00;real
7896007544059;18.00;monofasico
7896007545094;18.00;real
7896007545100;18.00;real
7896007546022;12.00;real
7896007546039;18.00;real
7896007547913;18.00;monofasico
7896007548101;18.00;real
7896007548118;18.00;real
7896007549382;0.00;real
7896007550456;18.00;real
7896007550463;18.00;real
7896007550548;18.00;real
7896007550807;18.00;real
7896007550814;18.00;real
7896007550883;18.00;real
7896007550890;18.00;real
7896007551019;18.00;real
7896007551026;18.00;real
7896007552924;18.00;real
7896007552948;18.00;real
7896007554324;18.00;real
7896007554331;18.00;real
7896009400049;12.00;monofasico
7896009419324;12.00;real
7896009498343;0.00;monofasico
7896009498749;25.00;real
7896009498879;0.00;monofasico
7896010126082;0.00;presumido
7896010172362;25.00;monofasico
7896010175585;25.00;monofasico
7896010175592;25.00;monofasico
7896010175608;25.00;monofasico
7896010175615;25.00;monofasico
7896010175622;25.00;monofasico
7896010175639;18.00;monofasico
7896010175646;25.00;monofasico
7896010175653;25.00;monofasico
7896010175660;25.00;monofasico
7896010175813;18.00;monofasico
7896010175950;25.00;monofasico
7896010175998;25.00;monofasico
7896010176698;25.00;monofasico
7896010176711;25.00;monofasico
7896010176728;25.00;monofasico
7896010176742;25.00;monofasico
7896010176766;18.00;monofasico
7896010176797;25.00;monofasico
7896010177107;25.00;monofasico
7896010177114;25.00;monofasico
7896010177138;25.00;monofasico
7896010177145;25.00;monofasico
7896010177305;0.00;monofasico
7896010177527;25.00;monofasico
7896010177541;25.00;monofasico
7896010177558;25.00;monofasico
7896012800669;12.00;monofasico
7896012800706;25.00;monofasico
7896012800713;0.00;monofasico
7896012800867;12.00;monofasico
7896012800874;25.00;monofasico
7896012877715;25.00;monofasico
7896012877722;12.00;monofasico
7896012879962;18.00;real
7896012879986;18.00;real
7896012879993;18.00;real
7896012880005;18.00;real
7896012880432;0.00;presumido
7896012880449;0.00;presumido
7896012880456;0.00;presumido
7896012880463;18.00;presumido
7896012880470;18.00;real
7896012881842;18.00;real
7896012881859;18.00;real
7896012881866;18.00;real
7896012881873;18.00;real
7896013500384;25.00;monofasico
7896013500568;0.00;monofasico
7896013500643;12.00;monofasico
7896013500735;25.00;monofasico
7896013500865;12.00;monofasico
7896013500896;12.00;monofasico
7896013501022;12.00;monofasico
7896013501039;12.00;monofasico
7896013501343;25.00;monofasico
7896013501411;25.00;monofasico
7896013501459;12.00;monofasico
7896013501824;25.00;real
7896013501848;25.00;real
7896013501886;25.00;monofasico
7896013501930;12.00;monofasico
7896013502111;12.00;monofasico
7896013502135;12.00;monofasico
7896013502166;25.00;monofasico
7896013502272;25.00;monofasico
7896013502302;25.00;monofasico
7896013502319;25.00;real
7896013502449;0.00;monofasico
7896013502630;25.00;monofasico
7896013502647;0.00;monofasico
7896013502791;25.00;monofasico
7896013502906;25.00;monofasico
7896013502937;25.00;monofasico
7896013502944;25.00;monofasico
7896013503712;25.00;monofasico
7896013503859;12.00;monofasico
7896013503866;12.00;monofasico
7896013503903;18.00;monofasico
7896013503958;25.00;monofasico
7896013503965;25.00;real
7896013504009;25.00;real
7896013504016;25.00;monofasico
7896013504382;25.00;monofasico
7896013504399;25.00;monofasico
7896013504511;25.00;real
7896013504573;25.00;monofasico
7896013504733;25.00;monofasico
7896013504856;12.00;monofasico
7896013504948;0.00;monofasico
7896013505044;0.00;monofasico
7896013505402;0.00;monofasico
7896013505518;25.00;monofasico
7896013505587;25.00;monofasico
7896013505594;25.00;monofasico
7896013506188;18.00;monofasico
7896013506287;25.00;real
7896013506294;25.00;monofasico
7896013506300;25.00;monofasico
7896013506317;25.00;real
7896013506324;25.00;monofasico
7896013506508;0.00;real
7896013506683;0.00;monofasico
7896013506690;25.00;monofasico
7896013507024;12.00;monofasico
7896013507055;0.00;monofasico
7896013507062;25.00;monofasico
7896013507086;25.00;monofasico
7896013507093;25.00;monofasico
7896013507109;25.00;monofasico
7896013507116;25.00;monofasico
7896013507123;25.00;monofasico
7896013507444;25.00;real
7896013507451;25.00;real
7896013507482;25.00;real
7896013507550;25.00;monofasico
7896013507567;25.00;real
7896013507659;0.00;monofasico
7896013507666;12.00;monofasico
7896013507673;25.00;monofasico
7896013508113;12.00;monofasico
7896013508137;12.00;monofasico
7896013508373;0.00;monofasico
7896013508410;25.00;monofasico
7896013508427;25.00;monofasico
7896013508465;0.00;monofasico
7896013508533;25.00;monofasico
7896013508540;12.00;monofasico
7896013508878;25.00;monofasico
7896013508885;25.00;real
7896013509035;12.00;monofasico
7896013509608;25.00;monofasico
7896013510079;25.00;real
7896013510567;25.00;real
7896013511090;0.00;real
7896013511410;25.00;monofasico
7896013511656;25.00;real
7896013512035;25.00;monofasico
7896013512776;25.00;monofasico
7896013513025;25.00;monofasico
7896013513032;25.00;monofasico
7896013513049;25.00;monofasico
7896013513056;25.00;monofasico
7896013513063;25.00;monofasico
7896013513223;12.00;monofasico
7896013513926;25.00;monofasico
7896013514459;25.00;monofasico
7896013514466;12.00;monofasico
7896013514817;25.00;real
7896013515012;25.00;monofasico
7896013516231;12.00;monofasico
7896013516392;18.00;monofasico
7896013516576;12.00;monofasico
7896013517504;12.00;monofasico
7896013521976;25.00;monofasico
7896013521983;25.00;monofasico
7896013529378;12.00;monofasico
7896013536994;25.00;real
7896013539148;25.00;real
7896013539155;25.00;real
7896013540717;25.00;real
7896013543657;25.00;real
7896013544098;25.00;monofasico
7896013544104;25.00;monofasico
7896013544128;25.00;monofasico
7896013544142;25.00;monofasico
7896013544159;25.00;monofasico
7896013544173;25.00;real
7896013544197;25.00;monofasico
7896013544203;25.00;monofasico
7896013544210;25.00;monofasico
7896013544241;25.00;monofasico
7896013544289;25.00;monofasico
7896013544296;25.00;monofasico
7896013544319;25.00;monofasico
7896013544395;25.00;real
7896013544517;0.00;monofasico
7896013544920;25.00;real
7896013545002;25.00;real
7896013547624;25.00;real
7896013547631;25.00;monofasico
7896013547808;25.00;monofasico
7896013548409;25.00;monofasico
7896013548454;25.00;real
7896013548485;25.00;real
7896013549000;25.00;monofasico
7896013549550;25.00;real
7896013549604;12.00;monofasico
7896013550747;25.00;real
7896013551447;25.00;monofasico
7896013552185;12.00;monofasico
7896013552208;12.00;monofasico
7896013552499;0.00;monofasico
7896013553021;25.00;monofasico
7896013553038;25.00;monofasico
7896013553908;12.00;monofasico
7896013554363;0.00;monofasico
7896013555681;25.00;real
7896013556466;25.00;monofasico
7896013557111;0.00;monofasico
7896013557135;25.00;monofasico
7896013557159;25.00;monofasico
7896013557456;25.00;monofasico
7896013558033;12.00;monofasico
7896013558064;25.00;monofasico
7896013558088;25.00;monofasico
7896013558163;25.00;real
7896013558477;25.00;monofasico
7896013558484;25.00;monofasico
7896013558491;25.00;real
7896013562252;18.00;monofasico
7896013562290;12.00;monofasico
7896013562306;12.00;monofasico
7896013562481;25.00;monofasico
7896013562498;25.00;real
7896013562566;25.00;monofasico
7896013562634;25.00;real
7896013562689;25.00;monofasico
7896013562924;25.00;real
7896013562948;25.00;monofasico
7896013563525;12.00;monofasico
7896013563532;12.00;monofasico
7896013563815;25.00;real
7896013563822;25.00;monofasico
7896013563839;25.00;monofasico
7896013564454;12.00;monofasico
7896013564805;25.00;monofasico
7896013564812;25.00;monofasico
7896013565017;12.00;monofasico
7896013565918;12.00;monofasico
7896013565994;0.00;monofasico
7896013566014;25.00;monofasico
7896013566021;25.00;monofasico
7896013566069;12.00;monofasico
7896013566182;25.00;real
7896013566250;25.00;monofasico
7896013566700;0.00;monofasico
7896013567080;12.00;monofasico
7896013567097;25.00;real
7896013567141;25.00;real
7896013567196;12.00;monofasico
7896013567400;12.00;monofasico
7896013567431;25.00;monofasico
7896013568520;25.00;monofasico
7896013568537;25.00;real
7896013568568;12.00;monofasico
7896013569756;25.00;monofasico
7896013569794;25.00;real
7896013569817;12.00;monofasico
7896014123902;25.00;monofasico
7896014125241;25.00;monofasico
7896014125265;25.00;monofasico
7896014125289;25.00;monofasico
7896014125319;25.00;monofasico
7896014125340;25.00;monofasico
7896014125371;25.00;monofasico
7896014125401;25.00;monofasico
7896014125425;25.00;monofasico
7896014140435;25.00;monofasico
7896014140442;25.00;monofasico
7896014140459;25.00;monofasico
7896014140480;25.00;monofasico
7896014140497;25.00;monofasico
7896014140503;25.00;monofasico
7896014140527;25.00;monofasico
7896014140534;25.00;monofasico
7896014140558;25.00;monofasico
7896014140572;25.00;monofasico
7896014140589;25.00;monofasico
7896014140596;25.00;monofasico
7896014140602;25.00;monofasico
7896014140633;25.00;monofasico
7896014140640;25.00;monofasico
7896014140671;25.00;monofasico
7896014140695;25.00;monofasico
7896014140701;25.00;monofasico
7896014143368;25.00;monofasico
7896014146437;25.00;monofasico
7896014149216;25.00;monofasico
7896014162192;25.00;monofasico
7896014164479;25.00;monofasico
7896014168132;25.00;monofasico
7896014168309;25.00;monofasico
7896014168576;0.00;monofasico
7896014168590;0.00;monofasico
7896014168743;0.00;monofasico
7896014168774;0.00;monofasico
7896014168811;0.00;monofasico
7896014168859;0.00;monofasico
7896014169177;0.00;monofasico
7896014179541;0.00;monofasico
7896014182107;25.00;monofasico
7896014182480;25.00;monofasico
7896014183043;25.00;monofasico
7896014183050;25.00;monofasico
7896014183067;25.00;monofasico
7896014183074;25.00;monofasico
7896014183081;25.00;monofasico
7896014183098;25.00;monofasico
7896014183104;25.00;monofasico
7896014183111;25.00;monofasico
7896014183135;25.00;monofasico
7896014183166;25.00;monofasico
7896014183210;25.00;monofasico
7896014183241;25.00;monofasico
7896014195565;0.00;monofasico
7896014618255;18.00;presumido
7896014620203;18.00;presumido
7896014626304;18.00;presumido
7896015519223;25.00;monofasico
7896015520045;25.00;real
7896015521462;0.00;monofasico
7896015525583;12.00;monofasico
7896015527457;12.00;monofasico
7896015528294;25.00;real
7896015528577;12.00;monofasico
7896015529109;0.00;monofasico
7896015591779;25.00;monofasico
7896015591786;12.00;monofasico
7896015592042;0.00;monofasico
7896015592776;0.00;monofasico
7896016000799;18.00;real
7896016000843;18.00;real
7896016000904;18.00;real
7896016001079;18.00;real
7896016001123;18.00;real
7896016001284;18.00;real
7896016004216;18.00;real
7896016004322;18.00;real
7896016005022;18.00;real
7896017202307;0.00;real
7896017202314;0.00;real
7896017202345;18.00;monofasico
7896017202352;18.00;monofasico
7896017202406;0.00;real
7896017202413;0.00;real
7896017202420;0.00;real
7896017202444;0.00;real
7896017202451;0.00;real
7896018600010;18.00;presumido
7896018600041;18.00;presumido
7896018672505;18.00;presumido
7896018675001;18.00;presumido
7896018690110;18.00;presumido
7896018690158;18.00;presumido
7896018691001;18.00;presumido
7896018692008;18.00;presumido
7896018696006;18.00;presumido
7896018696013;18.00;presumido
7896018697003;18.00;presumido
7896018700369;0.00;monofasico
7896018700536;0.00;presumido
7896018700543;18.00;monofasico
7896018700604;18.00;monofasico
7896018700659;18.00;monofasico
7896018700710;18.00;monofasico
7896018700741;0.00;real
7896018702981;18.00;monofasico
7896018703070;18.00;monofasico
7896018703629;0.00;monofasico
7896018703636;0.00;monofasico
7896018704152;25.00;monofasico
7896018704169;0.00;monofasico
7896018750807;18.00;monofasico
7896018750814;12.00;monofasico
7896018750821;25.00;monofasico
7896018750869;18.00;monofasico
7896018750876;25.00;monofasico
7896018750968;18.00;monofasico
7896020160052;18.00;monofasico
7896020160069;18.00;monofasico
7896020160076;18.00;monofasico
7896020160083;18.00;monofasico
7896020160120;18.00;monofasico
7896020160151;18.00;monofasico
7896020160168;18.00;monofasico
7896020160175;18.00;monofasico
7896020160182;18.00;monofasico
7896020161721;18.00;monofasico
7896020161738;18.00;monofasico
7896020162452;18.00;monofasico
7896020162674;18.00;monofasico
7896020162681;18.00;monofasico
7896020162728;18.00;monofasico
7896020162735;18.00;monofasico
7896020162919;18.00;monofasico
7896020163152;18.00;monofasico
7896020163701;0.00;monofasico
7896020163732;18.00;monofasico
7896020163763;0.00;monofasico
7896020164043;25.00;monofasico
7896020164357;18.00;monofasico
7896020651031;18.00;monofasico
7896021622597;0.00;real
7896021623914;0.00;real
7896021626533;0.00;presumido
7896021626960;18.00;real
7896021626977;18.00;real
7896021627004;18.00;real
7896021627011;18.00;real
7896021628001;0.00;presumido
7896025500129;18.00;real
7896025500242;18.00;real
7896025500259;0.00;presumido
7896025500273;0.00;monofasico
7896025500372;18.00;monofasico
7896025500402;18.00;real
7896025500419;18.00;monofasico
7896025500426;18.00;real
7896025500563;18.00;real
7896025500938;18.00;real
7896025500945;18.00;real
7896025501041;18.00;real
7896025501058;0.00;presumido
7896025501065;0.00;presumido
7896025501768;18.00;real
7896025502741;18.00;real
7896025502758;18.00;real
7896025502765;0.00;presumido
7896025502789;18.00;real
7896025502796;18.00;real
7896025502826;18.00;real
7896025502895;18.00;real
7896025502970;18.00;real
7896025502987;18.00;real
7896025502994;18.00;real
7896025503045;18.00;real
7896025503090;18.00;real
7896025503472;18.00;real
7896025503489;18.00;real
7896025503526;18.00;real
7896025503557;18.00;real
7896025503670;18.00;real
7896025503830;0.00;presumido
7896025504103;18.00;real
7896025504196;18.00;real
7896025504264;25.00;monofasico
7896025504356;18.00;real
7896025504394;18.00;real
7896025504561;18.00;real
7896025504578;18.00;real
7896025504752;18.00;monofasico
7896025504929;25.00;monofasico
7896025505087;18.00;real
7896025505223;18.00;real
7896025505230;18.00;real
7896025505247;18.00;real
7896025505384;18.00;monofasico
7896025505575;18.00;real
7896025505629;18.00;real
7896025505636;18.00;real
7896025506473;18.00;real
7896025506572;18.00;real
7896025507135;18.00;real
7896025507449;18.00;monofasico
7896025507999;25.00;monofasico
7896025508620;18.00;real
7896025509207;25.00;monofasico
7896025509566;18.00;monofasico
7896025509849;18.00;real
7896025509856;18.00;real
7896025510852;18.00;monofasico
7896025511149;18.00;monofasico
7896025511262;0.00;presumido
7896025511422;18.00;real
7896025511620;18.00;monofasico
7896025511705;18.00;presumido
7896025511804;18.00;monofasico
7896025511965;25.00;monofasico
7896025512078;18.00;real
7896025512115;18.00;real
7896025512122;18.00;real
7896025512184;18.00;real
7896025512207;0.00;presumido
7896025512221;18.00;real
7896025512269;18.00;real
7896025512290;0.00;monofasico
7896025512306;18.00;real
7896025512320;18.00;real
7896025512467;0.00;presumido
7896025512603;18.00;real
7896025512689;18.00;real
7896025512702;0.00;monofasico
7896025512771;0.00;presumido
7896025513426;18.00;real
7896025513525;18.00;real
7896025513884;0.00;presumido
7896025513891;18.00;real
7896025513907;0.00;presumido
7896025514454;18.00;monofasico
7896025514508;18.00;real
7896025514744;18.00;real
7896025514805;18.00;presumido
7896025514867;18.00;real
7896025514911;18.00;real
7896025514959;18.00;real
7896025515086;0.00;real
7896025515093;18.00;real
7896025515109;18.00;real
7896025515222;0.00;presumido
7896025515789;0.00;presumido
7896025516076;18.00;real
7896025516083;18.00;real
7896025516281;18.00;real
7896025516304;18.00;real
7896025516335;18.00;real
7896025516373;18.00;real
7896025516410;18.00;presumido
7896025516748;18.00;real
7896025516755;18.00;real
7896025518780;0.00;presumido
7896025519060;0.00;presumido
7896025519091;18.00;real
7896025519121;0.00;presumido
7896025519640;18.00;real
7896025520042;18.00;real
7896025520059;18.00;presumido
7896025520097;18.00;real
7896025520110;0.00;presumido
7896025520134;18.00;real
7896025520165;18.00;monofasico
7896025520868;18.00;monofasico
7896025521186;25.00;monofasico
7896025521353;18.00;real
7896025521360;18.00;real
7896025521377;18.00;real
7896025521384;25.00;monofasico
7896025521926;18.00;real
7896025522060;18.00;real
7896025522251;25.00;monofasico
7896025522367;18.00;real
7896025522374;18.00;real
7896025522381;18.00;real
7896025522633;18.00;presumido
7896025522794;12.00;real
7896025523432;18.00;real
7896025523494;18.00;real
7896025523616;18.00;real
7896025523630;18.00;real
7896025523654;18.00;real
7896025523685;18.00;real
7896025523692;18.00;real
7896025523722;25.00;monofasico
7896025523739;25.00;monofasico
7896025523821;0.00;real
7896025523845;18.00;real
7896025524026;18.00;real
7896025524316;0.00;monofasico
7896025524460;18.00;real
7896025524484;18.00;real
7896025524552;18.00;real
7896025524736;18.00;monofasico
7896025525207;18.00;real
7896025525214;18.00;real
7896025525221;18.00;real
7896025525375;0.00;presumido
7896025525481;0.00;presumido
7896025525498;18.00;real
7896025525634;0.00;presumido
7896025525887;0.00;monofasico
7896025526099;18.00;real
7896025526105;18.00;monofasico
7896025526129;18.00;real
7896025526150;18.00;monofasico
7896025526167;18.00;monofasico
7896025526181;0.00;real
7896025526228;18.00;real
7896025526235;18.00;real
7896025526242;18.00;monofasico
7896025526273;18.00;presumido
7896025526389;18.00;real
7896025526440;0.00;presumido
7896025526464;18.00;presumido
7896025526570;18.00;real
7896025526587;0.00;presumido
7896025526662;18.00;real
7896025527171;18.00;real
7896025527263;18.00;real
7896025527751;18.00;real
7896025528062;0.00;monofasico
7896025528116;18.00;monofasico
7896025528154;18.00;monofasico
7896025528284;18.00;real
7896025528307;0.00;presumido
7896025528314;18.00;real
7896025528345;18.00;real
7896025528352;18.00;real
7896025529052;18.00;real
7896025529311;18.00;real
7896025529328;18.00;real
7896025530003;0.00;presumido
7896025530171;18.00;real
7896025530232;0.00;real
7896025530645;18.00;real
7896025531239;18.00;monofasico
7896025531383;18.00;presumido
7896025531628;0.00;presumido
7896025531918;18.00;monofasico
7896025532533;18.00;real
7896025532557;18.00;real
7896025532809;0.00;presumido
7896025533608;0.00;presumido
7896025533646;18.00;real
7896025534063;18.00;real
7896025534070;18.00;real
7896025534322;18.00;real
7896025534346;0.00;presumido
7896025534377;18.00;real
7896025534407;18.00;real
7896025534445;18.00;real
7896025534452;18.00;real
7896025534469;18.00;real
7896025534476;18.00;real
7896025534544;18.00;real
7896025534629;18.00;real
7896025534650;0.00;real
7896025534810;18.00;real
7896025534827;18.00;real
7896025535107;18.00;real
7896025536395;18.00;real
7896025536432;18.00;real
7896025536968;18.00;real
7896025536975;18.00;real
7896025536982;18.00;real
7896025537491;18.00;presumido
7896025537507;18.00;real
7896025537804;0.00;presumido
7896025537835;18.00;real
7896025537842;18.00;real
7896025538283;18.00;real
7896025538290;18.00;real
7896025538306;18.00;real
7896025538405;12.00;monofasico
7896025538542;12.00;monofasico
7896025538955;18.00;real
7896025539006;18.00;real
7896025539488;18.00;real
7896025539495;18.00;real
7896025539532;0.00;monofasico
7896025539556;25.00;monofasico
7896025539563;18.00;real
7896025539570;18.00;real
7896025539587;25.00;monofasico
7896025539594;18.00;real
7896025539600;18.00;real
7896025539617;18.00;real
7896025539648;18.00;real
7896025539662;18.00;real
7896025539679;25.00;monofasico
7896025539808;0.00;presumido
7896025539914;18.00;real
7896025539938;18.00;real
7896025539976;18.00;real
7896025540569;18.00;real
7896025540811;0.00;monofasico
7896025540934;18.00;real
7896025540941;18.00;real
7896025540958;18.00;real
7896025540965;18.00;real
7896025541016;18.00;real
7896025541023;18.00;real
7896025541092;18.00;real
7896025541122;18.00;real
7896025541153;18.00;real
7896025541160;18.00;real
7896025541184;18.00;real
7896025541504;18.00;real
7896025541580;18.00;real
7896025542051;18.00;real
7896025542075;18.00;real
7896025542167;0.00;presumido
7896025542235;18.00;real
7896025542372;18.00;real
7896025542464;18.00;monofasico
7896025542501;18.00;real
7896025542518;18.00;real
7896025542525;18.00;real
7896025542532;18.00;real
7896025542563;18.00;real
7896025542624;18.00;real
7896025542631;18.00;real
7896025542983;18.00;real
7896025542990;18.00;real
7896025543003;18.00;real
7896025543041;18.00;real
7896025543058;18.00;real
7896025543065;18.00;real
7896025543072;18.00;real
7896025543096;18.00;real
7896025543140;18.00;real
7896025543669;18.00;real
7896025583979;18.00;real
7896025584129;0.00;presumido
7896027200607;25.00;monofasico
7896027201260;25.00;monofasico
7896030521690;0.00;monofasico
7896035691169;18.00;real
7896036121788;12.00;monofasico
7896036121795;12.00;monofasico
7896036123898;0.00;monofasico
7896036123904;12.00;monofasico
7896036124567;12.00;monofasico
7896036125021;12.00;monofasico
7896036125380;12.00;monofasico
7896036132142;12.00;monofasico
7896036132180;12.00;monofasico
7896036132203;12.00;monofasico
7896036132210;12.00;monofasico
7896036132258;12.00;monofasico
7896036132265;12.00;monofasico
7896039720957;0.00;monofasico
7896042028903;18.00;real
7896042048611;0.00;monofasico
7896042079967;0.00;monofasico
7896042084534;18.00;real
7896044900061;18.00;monofasico
7896044900078;25.00;monofasico
7896044900085;18.00;monofasico
7896044900092;18.00;monofasico
7896044900108;18.00;monofasico
7896044900115;25.00;monofasico
7896044900122;25.00;monofasico
7896044900139;18.00;monofasico
7896044900146;25.00;monofasico
7896044900153;25.00;monofasico
7896044900177;25.00;monofasico
7896044900351;18.00;monofasico
7896044900368;25.00;monofasico
7896044900481;18.00;monofasico
7896044900498;25.00;monofasico
7896044900504;18.00;monofasico
7896044900511;18.00;monofasico
7896044900528;18.00;monofasico
7896044900535;18.00;monofasico
7896044900542;18.00;monofasico
7896044900559;25.00;monofasico
7896044900573;18.00;monofasico
7896044900580;18.00;monofasico
7896044900641;25.00;monofasico
7896044900658;25.00;monofasico
7896044900740;25.00;monofasico
7896044900849;25.00;monofasico
7896044900856;18.00;monofasico
7896044901464;25.00;monofasico
7896044901471;18.00;monofasico
7896044901495;0.00;monofasico
7896044901624;0.00;monofasico
7896044901631;18.00;monofasico
7896044901648;18.00;monofasico
7896044901655;18.00;monofasico
7896044926474;18.00;monofasico
7896044926481;18.00;monofasico
7896044928515;18.00;monofasico
7896044928539;18.00;monofasico
7896044936916;18.00;monofasico
7896044936923;18.00;monofasico
7896044937210;25.00;monofasico
7896044941989;25.00;monofasico
7896044942023;25.00;monofasico
7896044942108;25.00;monofasico
7896044952695;18.00;monofasico
7896044952701;18.00;monofasico
7896044952756;25.00;monofasico
7896044952794;0.00;monofasico
7896044952817;18.00;monofasico
7896044953524;25.00;monofasico
7896044953562;0.00;monofasico
7896044953579;18.00;monofasico
7896044954521;18.00;monofasico
7896044954538;18.00;monofasico
7896044954545;18.00;monofasico
7896044954552;18.00;monofasico
7896044954569;18.00;monofasico
7896044954576;18.00;monofasico
7896044954897;18.00;monofasico
7896044954903;18.00;monofasico
7896044954972;18.00;monofasico
7896044954996;18.00;monofasico
7896044955184;25.00;monofasico
7896044955801;0.00;monofasico
7896044955818;18.00;monofasico
7896044955832;0.00;monofasico
7896044955849;0.00;monofasico
7896044955856;0.00;monofasico
7896044956358;18.00;monofasico
7896044956389;0.00;monofasico
7896044956419;18.00;real
7896044956464;25.00;monofasico
7896044956488;0.00;monofasico
7896044956525;18.00;real
7896044959960;25.00;monofasico
7896044960065;0.00;monofasico
7896044960072;0.00;monofasico
7896044960164;0.00;monofasico
7896044960171;25.00;monofasico
7896044962298;25.00;monofasico
7896044963486;18.00;real
7896044963509;18.00;real
7896044963530;18.00;monofasico
7896044963554;18.00;monofasico
7896044965275;0.00;monofasico
7896044965282;18.00;monofasico
7896044994282;25.00;monofasico
7896044994299;0.00;monofasico
7896044994329;0.00;monofasico
7896044994787;25.00;monofasico
7896044994794;18.00;monofasico
7896044994800;25.00;monofasico
7896044994817;0.00;monofasico
7896044995616;18.00;monofasico
7896044995722;18.00;monofasico
7896044995739;18.00;monofasico
7896044995746;25.00;monofasico
7896044995777;18.00;monofasico
7896044995968;25.00;monofasico
7896044996507;18.00;monofasico
7896044996514;18.00;monofasico
7896044996521;0.00;monofasico
7896044996538;18.00;monofasico
7896044996545;0.00;monofasico
7896044996552;25.00;monofasico
7896044996569;0.00;monofasico
7896044996767;0.00;monofasico
7896044996774;0.00;monofasico
7896044996811;18.00;monofasico
7896044996828;18.00;monofasico
7896044996842;25.00;monofasico
7896044997160;0.00;monofasico
7896044997177;18.00;monofasico
7896044997191;18.00;monofasico
7896044997207;18.00;monofasico
7896044997214;0.00;monofasico
7896044997221;18.00;monofasico
7896044997276;18.00;monofasico
7896044997511;0.00;monofasico
7896044997528;0.00;monofasico
7896044997559;0.00;monofasico
7896044997566;0.00;monofasico
7896044997573;25.00;monofasico
7896044997580;18.00;monofasico
7896044997726;0.00;monofasico
7896044997740;0.00;monofasico
7896044998112;25.00;monofasico
7896044998372;25.00;monofasico
7896044998402;25.00;monofasico
7896044998617;18.00;real
7896044998723;25.00;monofasico
7896044998730;25.00;monofasico
7896044998785;18.00;monofasico
7896044998792;18.00;monofasico
7896044998808;18.00;monofasico
7896044998853;25.00;monofasico
7896044998891;25.00;monofasico
7896044999522;25.00;monofasico
7896044999546;18.00;real
7896044999553;18.00;real
7896044999614;18.00;monofasico
7896044999904;18.00;monofasico
7896044999911;18.00;monofasico
7896044999928;18.00;monofasico
7896044999935;18.00;monofasico
7896044999942;18.00;monofasico
7896044999959;18.00;monofasico
7896046700249;25.00;monofasico
7896046700300;25.00;monofasico
7896046700317;25.00;monofasico
7896046700331;25.00;monofasico
7896046700348;25.00;monofasico
7896046700355;25.00;monofasico
7896046700584;25.00;monofasico
7896046700607;25.00;monofasico
7896046700669;25.00;monofasico
7896046700683;25.00;monofasico
7896046701000;25.00;monofasico
7896046701581;0.00;monofasico
7896046701635;25.00;monofasico
7896046701642;25.00;monofasico
7896046701659;25.00;monofasico
7896046701826;25.00;monofasico
7896046701949;25.00;monofasico
7896046701956;25.00;monofasico
7896046701963;25.00;monofasico
7896046702007;25.00;monofasico
7896046702649;25.00;monofasico
7896046702656;25.00;monofasico
7896046702878;25.00;monofasico
7896046702885;25.00;monofasico
7896046702892;25.00;monofasico
7896046702922;25.00;monofasico
7896046702946;25.00;monofasico
7896046703004;25.00;monofasico
7896046703110;25.00;monofasico
7896046703127;25.00;monofasico
7896046703332;25.00;monofasico
7896046703387;25.00;monofasico
7896046703493;25.00;monofasico
7896046703578;25.00;monofasico
7896046704001;25.00;monofasico
7896046704155;25.00;monofasico
7896046704322;25.00;monofasico
7896046704797;25.00;monofasico
7896046704803;25.00;monofasico
7896046704810;25.00;monofasico
7896046705008;25.00;monofasico
7896046706005;25.00;monofasico
7896046710750;25.00;monofasico
7896046710781;25.00;monofasico
7896046710811;25.00;monofasico
7896046710828;25.00;monofasico
7896046710835;25.00;monofasico
7896046710842;25.00;monofasico
7896046710934;25.00;monofasico
7896046711986;25.00;monofasico
7896046712686;25.00;monofasico
7896046712808;25.00;monofasico
7896046713133;25.00;monofasico
7896046713157;25.00;monofasico
7896046713805;25.00;monofasico
7896046713997;25.00;monofasico
7896046714352;25.00;monofasico
7896046714369;25.00;monofasico
7896046714376;25.00;monofasico
7896046716219;25.00;monofasico
7896046716226;25.00;monofasico
7896046716929;25.00;monofasico
7896046716936;25.00;monofasico
7896046716943;25.00;monofasico
7896049501515;0.00;monofasico
7896049501522;18.00;monofasico
7896049501539;0.00;monofasico
7896049501546;0.00;monofasico
7896049501553;18.00;monofasico
7896049501560;0.00;monofasico
7896049501577;0.00;monofasico
7896049501584;18.00;monofasico
7896049501591;0.00;monofasico
7896049501607;18.00;monofasico
7896049501621;0.00;monofasico
7896049501638;18.00;monofasico
7896049501645;18.00;monofasico
7896049504714;0.00;monofasico
7896049504721;0.00;monofasico
7896049504738;0.00;monofasico
7896049504745;0.00;monofasico
7896049508118;0.00;monofasico
7896049508125;25.00;monofasico
7896049508217;18.00;monofasico
7896049508507;0.00;monofasico
7896049508514;18.00;monofasico
7896049508521;18.00;monofasico
7896049508538;18.00;monofasico
7896049508545;25.00;monofasico
7896049508712;0.00;monofasico
7896049508729;0.00;monofasico
7896049508736;25.00;monofasico
7896049508743;25.00;monofasico
7896049508750;18.00;monofasico
7896049508767;18.00;monofasico
7896049509924;0.00;monofasico
7896049509931;25.00;monofasico
7896049509948;25.00;monofasico
7896049509955;25.00;monofasico
7896049524705;25.00;monofasico
7896049524712;25.00;monofasico
7896049524729;25.00;monofasico
7896049524736;25.00;monofasico
7896049525726;18.00;monofasico
7896049525740;18.00;monofasico
7896049526150;18.00;monofasico
7896049526167;18.00;monofasico
7896049526174;18.00;monofasico
7896049526181;18.00;monofasico
7896049526198;18.00;monofasico
7896049526211;18.00;monofasico
7896049526228;18.00;monofasico
7896049526235;18.00;monofasico
7896049527768;0.00;monofasico
7896049527799;0.00;monofasico
7896049527805;0.00;monofasico
7896049528222;25.00;monofasico
7896049528277;0.00;monofasico
7896049528284;0.00;monofasico
7896049528291;25.00;monofasico
7896049528307;0.00;monofasico
7896049528406;18.00;monofasico
7896049528413;0.00;monofasico
7896049528505;18.00;monofasico
7896049528512;18.00;monofasico
7896049528529;18.00;monofasico
7896049528536;18.00;monofasico
7896049528567;18.00;monofasico
7896049528574;18.00;monofasico
7896049528598;25.00;monofasico
7896049528604;18.00;monofasico
7896049528734;18.00;monofasico
7896049528741;18.00;presumido
7896049528772;18.00;presumido
7896049528789;18.00;presumido
7896049540019;0.00;monofasico
7896049540026;0.00;monofasico
7896054600036;18.00;monofasico
7896061951428;18.00;real
7896061951619;18.00;real
7896061954047;0.00;real
7896061995460;18.00;real
7896061995477;18.00;real
7896061995903;18.00;real
7896061995910;18.00;real
7896061995927;18.00;real
7896061997259;18.00;monofasico
7896061997266;18.00;monofasico
7896061997433;18.00;monofasico
7896061997457;18.00;monofasico
7896064424240;18.00;monofasico
7896064443982;18.00;real
7896064444101;18.00;monofasico
7896064445313;18.00;monofasico
7896064445337;18.00;monofasico
7896064445344;18.00;real
7896064445368;18.00;monofasico
7896064445405;18.00;monofasico
7896064445412;18.00;monofasico
7896064445429;18.00;monofasico
7896064445436;18.00;monofasico
7896064445443;18.00;monofasico
7896064445467;18.00;monofasico
7896064445474;18.00;monofasico
7896064445481;18.00;monofasico
7896064445559;18.00;monofasico
7896064470001;18.00;real
7896064487016;18.00;real
7896064490894;0.00;presumido
7896065860092;0.00;monofasico
7896065860115;0.00;monofasico
7896065860696;0.00;monofasico
7896065861594;0.00;monofasico
7896065864908;0.00;monofasico
7896065864915;0.00;monofasico
7896065864953;0.00;monofasico
7896065880069;0.00;monofasico
7896067001806;0.00;monofasico
7896075033837;18.00;real
7896075711018;0.00;presumido
7896079451118;18.00;monofasico
7896085111006;18.00;presumido
7896085113000;18.00;presumido
7896085812842;25.00;monofasico
7896085812866;0.00;monofasico
7896085813443;25.00;monofasico
7896085813450;25.00;monofasico
7896085813467;25.00;monofasico
7896085833243;25.00;monofasico
7896085840029;18.00;monofasico
7896085840036;18.00;monofasico
7896085862625;25.00;monofasico
7896085862649;25.00;monofasico
7896085862663;25.00;monofasico
7896085863745;25.00;monofasico
7896085863752;18.00;monofasico
7896085863950;25.00;monofasico
7896085863967;25.00;monofasico
7896085863974;25.00;monofasico
7896085864315;25.00;monofasico
7896085864957;0.00;monofasico
7896085865671;25.00;monofasico
7896085865688;25.00;monofasico
7896085865909;25.00;monofasico
7896085865954;25.00;monofasico
7896085866067;25.00;monofasico
7896085867262;25.00;monofasico
7896085867781;25.00;monofasico
7896085867996;0.00;monofasico
7896085868047;25.00;monofasico
7896085868375;25.00;monofasico
7896085868573;0.00;monofasico
7896085868689;25.00;monofasico
7896085869150;25.00;monofasico
7896085869174;25.00;monofasico
7896085869600;25.00;monofasico
7896085869617;25.00;monofasico
7896085869884;25.00;monofasico
7896085870071;25.00;monofasico
7896085870149;0.00;monofasico
7896085870187;25.00;monofasico
7896085871399;25.00;monofasico
7896085871429;18.00;monofasico
7896085871436;18.00;monofasico
7896085871450;25.00;monofasico
7896085871467;25.00;monofasico
7896085871474;25.00;monofasico
7896085872167;25.00;monofasico
7896085872174;25.00;monofasico
7896085872273;25.00;monofasico
7896085872464;25.00;monofasico
7896085872471;25.00;monofasico
7896085872488;25.00;monofasico
7896085872495;25.00;monofasico
7896085872556;25.00;monofasico
7896085872877;25.00;monofasico
7896085872884;25.00;monofasico
7896085872907;25.00;monofasico
7896085872914;25.00;monofasico
7896085873072;18.00;monofasico
7896085873089;18.00;monofasico
7896085873119;18.00;monofasico
7896085873126;18.00;monofasico
7896085873133;18.00;monofasico
7896085873140;18.00;monofasico
7896085873447;18.00;monofasico
7896085873492;25.00;monofasico
7896085873508;25.00;monofasico
7896085873645;25.00;monofasico
7896085873652;25.00;monofasico
7896085873669;25.00;monofasico
7896085873676;25.00;monofasico
7896085873683;25.00;monofasico
7896085873690;0.00;monofasico
7896085873706;25.00;monofasico
7896085873775;25.00;monofasico
7896085873867;18.00;monofasico
7896085873874;25.00;monofasico
7896085873881;25.00;monofasico
7896085873898;0.00;monofasico
7896085873959;25.00;monofasico
7896085873966;25.00;monofasico
7896085874062;18.00;monofasico
7896085874079;25.00;monofasico
7896085874086;25.00;monofasico
7896085874161;25.00;monofasico
7896085874178;25.00;monofasico
7896085874185;25.00;monofasico
7896085874192;25.00;monofasico
7896085874208;25.00;monofasico
7896085874383;0.00;monofasico
7896085874406;25.00;monofasico
7896085874598;25.00;monofasico
7896085875939;25.00;monofasico
7896085875946;0.00;monofasico
7896085875953;25.00;monofasico
7896085876011;25.00;monofasico
7896085876028;25.00;monofasico
7896085876073;25.00;monofasico
7896085876134;25.00;monofasico
7896085876561;25.00;monofasico
7896085876578;25.00;monofasico
7896085876585;25.00;monofasico
7896085876592;25.00;monofasico
7896085876820;25.00;monofasico
7896085876837;25.00;monofasico
7896085876844;25.00;monofasico
7896085876851;25.00;monofasico
7896085876899;25.00;monofasico
7896085876950;25.00;monofasico
7896085876967;25.00;monofasico
7896085876974;25.00;monofasico
7896085876981;25.00;monofasico
7896085877087;25.00;monofasico
7896085877094;0.00;monofasico
7896085877100;25.00;monofasico
7896085877223;25.00;monofasico
7896085877230;25.00;monofasico
7896085877285;25.00;monofasico
7896085877308;25.00;monofasico
7896085877322;25.00;monofasico
7896085877346;25.00;monofasico
7896085877360;25.00;monofasico
7896085877407;25.00;monofasico
7896085877414;25.00;monofasico
7896085877421;25.00;monofasico
7896085877438;25.00;monofasico
7896085877445;25.00;monofasico
7896085877476;18.00;monofasico
7896085877506;25.00;monofasico
7896085877513;25.00;monofasico
7896085877520;18.00;monofasico
7896085877537;25.00;monofasico
7896085877544;25.00;monofasico
7896085877599;25.00;monofasico
7896085877766;25.00;monofasico
7896085877773;25.00;monofasico
7896085877780;25.00;monofasico
7896085877797;25.00;monofasico
7896085878176;25.00;monofasico
7896085878183;18.00;monofasico
7896085878190;25.00;monofasico
7896085878206;25.00;monofasico
7896085878213;25.00;monofasico
7896086901033;18.00;real
7896086901170;18.00;real
7896086902160;18.00;real
7896086905680;18.00;real
7896086910882;18.00;real
7896086911575;18.00;monofasico
7896086911711;18.00;real
7896086911919;18.00;real
7896086913005;18.00;real
7896086913616;18.00;real
7896086913715;18.00;real
7896086916303;18.00;real
7896086921024;18.00;real
7896086921031;18.00;real
7896086921055;18.00;real
7896086921161;18.00;real
7896086922366;18.00;real
7896086926494;18.00;monofasico
7896086926500;18.00;monofasico
7896086926517;18.00;monofasico
7896086926524;18.00;monofasico
7896086926531;18.00;monofasico
7896086926678;18.00;real
7896086926807;18.00;real
7896086926814;18.00;monofasico
7896086927002;18.00;real
7896086927026;18.00;real
7896086927033;18.00;real
7896086927774;18.00;monofasico
7896086927781;18.00;real
7896086928276;18.00;real
7896086928306;18.00;real
7896086928412;18.00;real
7896086930293;18.00;real
7896086931962;18.00;real
7896086934253;18.00;real
7896086935793;18.00;real
7896086935885;18.00;real
7896086936097;18.00;real
7896086939517;18.00;real
7896086945143;18.00;real
7896086946423;18.00;real
7896086947581;18.00;real
7896086947604;18.00;real
7896086947635;18.00;monofasico
7896086947673;18.00;real
7896086947680;18.00;real
7896086947703;18.00;real
7896086947710;18.00;real
7896086947758;18.00;real
7896086947901;18.00;real
7896086951823;18.00;real
7896086952035;18.00;real
7896086955685;18.00;real
7896086955890;18.00;real
7896086956156;18.00;real
7896086957979;18.00;real
7896086960382;18.00;real
7896086960696;18.00;real
7896086960788;18.00;real
7896086965196;18.00;real
7896086965783;18.00;real
7896086975881;18.00;real
7896086978776;18.00;real
7896086988300;18.00;monofasico
7896086988461;25.00;monofasico
7896086988980;18.00;monofasico
7896086989581;18.00;monofasico
7896086989819;25.00;real
7896086990969;18.00;monofasico
7896086990990;18.00;real
7896086991126;18.00;real
7896086991263;18.00;real
7896086991560;18.00;monofasico
7896086992178;18.00;real
7896086992628;18.00;real
7896086992659;18.00;real
7896086992710;25.00;real
7896086992772;18.00;real
7896086992826;18.00;monofasico
7896086993724;25.00;monofasico
7896086993816;18.00;real
7896086993984;18.00;real
7896086994806;25.00;real
7896086994943;18.00;real
7896086995872;25.00;real
7896086996176;18.00;real
7896086996275;25.00;monofasico
7896086996404;18.00;real
7896086996473;18.00;real
7896086996589;25.00;real
7896086997050;18.00;real
7896086997067;18.00;real
7896086997234;18.00;real
7896086997401;18.00;real
7896086997418;18.00;real
7896086997470;18.00;real
7896086997500;18.00;real
7896086997630;18.00;real
7896086997678;18.00;real
7896086997692;18.00;real
7896086997708;18.00;real
7896086998729;18.00;monofasico
7896086998927;18.00;real
7896086999597;18.00;monofasico
7896086999641;18.00;real
7896086999658;18.00;real
7896086999825;18.00;monofasico
7896090400010;18.00;monofasico
7896090400027;18.00;monofasico
7896090400034;18.00;monofasico
7896090400041;18.00;monofasico
7896090401208;18.00;monofasico
7896090401215;18.00;monofasico
7896090401222;18.00;monofasico
7896090403127;18.00;monofasico
7896090403134;18.00;monofasico
7896090404384;0.00;monofasico
7896090404391;0.00;monofasico
7896090612123;12.00;monofasico
7896090612185;12.00;monofasico
7896090700189;0.00;real
7896090700301;25.00;monofasico
7896090700424;25.00;monofasico
7896090700431;25.00;monofasico
7896090700455;25.00;monofasico
7896090700493;0.00;real
7896090700516;0.00;real
7896090700523;0.00;real
7896090700547;0.00;real
7896090700554;0.00;real
7896090700561;0.00;real
7896090700578;0.00;real
7896090700585;0.00;real
7896090700592;0.00;real
7896090700608;0.00;real
7896092000010;18.00;monofasico
7896092000027;18.00;monofasico
7896092000072;18.00;monofasico
7896092000126;18.00;monofasico
7896092000652;18.00;monofasico
7896092002076;18.00;monofasico
7896092002083;18.00;monofasico
7896092002090;18.00;monofasico
7896092002106;18.00;monofasico
7896092002243;18.00;monofasico
7896092002274;18.00;monofasico
7896092002281;18.00;monofasico
7896092002298;18.00;monofasico
7896093013507;18.00;monofasico
7896094905627;12.00;monofasico
7896094905634;12.00;monofasico
7896094905641;12.00;monofasico
7896094906020;18.00;real
7896094906624;18.00;real
7896094910904;18.00;real
7896094910959;18.00;real
7896094914070;18.00;presumido
7896094915046;18.00;real
7896094919853;18.00;real
7896098200025;25.00;monofasico
7896098200087;25.00;monofasico
7896098200124;0.00;monofasico
7896098200131;18.00;monofasico
7896098200148;18.00;monofasico
7896098200162;0.00;monofasico
7896098200278;0.00;monofasico
7896098333105;0.00;monofasico
7896098903377;0.00;monofasico
7896098907580;0.00;monofasico
7896098907597;0.00;monofasico
7896098907658;0.00;monofasico
7896098907665;0.00;monofasico
7896098907672;0.00;monofasico
7896098907689;0.00;monofasico
7896098908006;18.00;presumido
7896098908167;0.00;monofasico
7896098908174;0.00;presumido
7896098908181;0.00;monofasico
7896098908198;0.00;presumido
7896098908341;0.00;monofasico
7896098908365;0.00;monofasico
7896098908426;0.00;monofasico
7896098908822;0.00;monofasico
7896098908839;0.00;monofasico
7896098908846;0.00;monofasico
7896098908853;0.00;monofasico
7896098908860;0.00;monofasico
7896098908877;0.00;monofasico
7896098908884;0.00;monofasico
7896102200119;0.00;monofasico
7896102200126;0.00;monofasico
7896102200256;18.00;monofasico
7896102200263;25.00;monofasico
7896102200270;25.00;monofasico
7896102200287;25.00;monofasico
7896102200294;25.00;monofasico
7896102200393;25.00;monofasico
7896102200409;18.00;monofasico
7896102200416;25.00;monofasico
7896102200423;25.00;monofasico
7896102200430;0.00;monofasico
7896102200447;25.00;monofasico
7896102200454;25.00;monofasico
7896102200461;25.00;monofasico
7896102200478;25.00;monofasico
7896102200485;25.00;monofasico
7896102200492;25.00;monofasico
7896102200508;25.00;monofasico
7896102200515;25.00;monofasico
7896102200577;25.00;monofasico
7896102200584;25.00;monofasico
7896102200638;25.00;monofasico
7896102200652;25.00;monofasico
7896102200683;18.00;monofasico
7896102200690;25.00;monofasico
7896102200706;25.00;monofasico
7896102200829;25.00;monofasico
7896102201161;0.00;monofasico
7896102203240;0.00;monofasico
7896102203257;18.00;monofasico
7896102203264;25.00;monofasico
7896102203271;18.00;monofasico
7896102203295;18.00;monofasico
7896102203318;18.00;monofasico
7896102203325;18.00;monofasico
7896102203349;18.00;monofasico
7896102203356;18.00;monofasico
7896102203370;18.00;monofasico
7896102203448;18.00;monofasico
7896102203462;0.00;monofasico
7896102203479;25.00;monofasico
7896102203486;25.00;monofasico
7896102203493;18.00;monofasico
7896102203516;18.00;monofasico
7896102203523;25.00;monofasico
7896102203530;18.00;monofasico
7896102203547;25.00;monofasico
7896102203554;25.00;monofasico
7896102203578;25.00;monofasico
7896102203585;25.00;monofasico
7896102203592;25.00;monofasico
7896102203608;25.00;monofasico
7896102203615;25.00;monofasico
7896102203622;25.00;monofasico
7896102203639;18.00;monofasico
7896102203653;25.00;monofasico
7896102203660;25.00;monofasico
7896102203677;25.00;monofasico
7896102203684;25.00;monofasico
7896102203707;25.00;monofasico
7896102203714;25.00;monofasico
7896102203721;25.00;monofasico
7896102203738;25.00;monofasico
7896102203769;18.00;monofasico
7896102203905;25.00;monofasico
7896102203912;25.00;monofasico
7896102203929;25.00;monofasico
7896102203936;0.00;monofasico
7896102203943;25.00;monofasico
7896102203950;25.00;monofasico
7896102203998;25.00;monofasico
7896102204001;25.00;monofasico
7896102204032;25.00;monofasico
7896102204063;25.00;monofasico
7896102204070;25.00;monofasico
7896102204087;25.00;monofasico
7896102204094;25.00;monofasico
7896102204100;18.00;monofasico
7896102204117;18.00;monofasico
7896102204124;18.00;monofasico
7896102204131;25.00;monofasico
7896102204148;25.00;monofasico
7896102204155;25.00;monofasico
7896102204162;25.00;monofasico
7896102204179;25.00;monofasico
7896102204186;25.00;monofasico
7896102204193;18.00;monofasico
7896102204209;25.00;monofasico
7896102204223;25.00;monofasico
7896102503708;0.00;monofasico
7896108560293;0.00;monofasico
7896108560323;25.00;monofasico
7896108560330;0.00;monofasico
7896108560347;0.00;monofasico
7896108560408;25.00;monofasico
7896108560415;25.00;monofasico
7896108560422;0.00;monofasico
7896108560439;0.00;monofasico
7896108560446;25.00;monofasico
7896108560460;25.00;monofasico
7896108569180;0.00;monofasico
7896108569531;0.00;monofasico
7896108569616;0.00;monofasico
7896108569654;0.00;monofasico
7896108569692;25.00;monofasico
7896108569708;0.00;monofasico
7896108569715;25.00;monofasico
7896108572906;18.00;monofasico
7896108573477;18.00;monofasico
7896108573491;18.00;monofasico
7896110000572;18.00;real
7896110000831;25.00;monofasico
7896110003252;18.00;real
7896110011141;0.00;monofasico
7896110011158;25.00;monofasico
7896111900147;0.00;monofasico
7896111901182;0.00;monofasico
7896111901564;25.00;monofasico
7896111901571;0.00;monofasico
7896111901595;0.00;monofasico
7896111901601;0.00;monofasico
7896111901618;0.00;monofasico
7896111901625;0.00;monofasico
7896111901632;0.00;monofasico
7896111901649;0.00;monofasico
7896111901656;0.00;monofasico
7896111901984;25.00;monofasico
7896111901991;25.00;monofasico
7896111902004;25.00;monofasico
7896111902011;25.00;monofasico
7896111902028;25.00;monofasico
7896111902035;25.00;monofasico
7896111902042;25.00;monofasico
7896111902059;25.00;monofasico
7896111902066;25.00;monofasico
7896111902073;25.00;monofasico
7896111902431;0.00;monofasico
7896111902448;0.00;monofasico
7896111902455;0.00;monofasico
7896111902462;25.00;monofasico
7896111902479;25.00;monofasico
7896111902486;25.00;monofasico
7896111902554;0.00;monofasico
7896111902561;0.00;monofasico
7896111902707;0.00;monofasico
7896111902745;0.00;monofasico
7896111902752;0.00;monofasico
7896111902820;0.00;monofasico
7896111902837;0.00;monofasico
7896111902844;0.00;monofasico
7896111902851;0.00;monofasico
7896111902868;0.00;monofasico
7896111902875;0.00;monofasico
7896111903063;0.00;monofasico
7896111903070;0.00;monofasico
7896111903155;0.00;monofasico
7896111903186;0.00;monofasico
7896111903254;25.00;monofasico
7896111903261;25.00;monofasico
7896111903278;25.00;monofasico
7896111903940;25.00;monofasico
7896111903957;25.00;monofasico
7896111903964;25.00;monofasico
7896111903971;25.00;monofasico
7896111903988;25.00;monofasico
7896111903995;25.00;monofasico
7896111904008;25.00;monofasico
7896111904015;25.00;monofasico
7896111904022;25.00;monofasico
7896111904039;25.00;monofasico
7896111904046;25.00;monofasico
7896111904053;25.00;monofasico
7896111904480;0.00;monofasico
7896111904534;0.00;monofasico
7896111904541;0.00;monofasico
7896111904558;0.00;monofasico
7896111905296;25.00;monofasico
7896111905302;25.00;monofasico
7896111905319;25.00;monofasico
7896111905326;25.00;monofasico
7896111905333;25.00;monofasico
7896111905470;0.00;monofasico
7896111905487;0.00;monofasico
7896111905494;0.00;monofasico
7896111905814;25.00;monofasico
7896111906194;25.00;monofasico
7896111906200;25.00;monofasico
7896111906217;25.00;monofasico
7896111906224;25.00;monofasico
7896111906231;25.00;monofasico
7896111906460;25.00;monofasico
7896111906477;25.00;monofasico
7896111906484;25.00;monofasico
7896111906491;25.00;monofasico
7896111906507;25.00;monofasico
7896111906514;25.00;monofasico
7896111906521;25.00;monofasico
7896111906873;25.00;monofasico
7896111906880;25.00;monofasico
7896111906897;25.00;monofasico
7896111907009;25.00;monofasico
7896111907016;25.00;monofasico
7896111907023;25.00;monofasico
7896111907030;25.00;monofasico
7896111907047;25.00;monofasico
7896111907054;25.00;monofasico
7896111907061;25.00;monofasico
7896111907078;25.00;monofasico
7896111913277;25.00;monofasico
7896111913284;25.00;monofasico
7896111913383;25.00;monofasico
7896111913390;25.00;monofasico
7896111913475;25.00;monofasico
7896111913482;25.00;monofasico
7896111913505;25.00;monofasico
7896111913550;25.00;monofasico
7896111913567;25.00;monofasico
7896111913611;25.00;monofasico
7896111913642;25.00;monofasico
7896111913666;25.00;monofasico
7896111913697;25.00;monofasico
7896111913772;25.00;monofasico
7896111913789;25.00;monofasico
7896111913796;25.00;monofasico
7896111913802;25.00;monofasico
7896111913833;25.00;monofasico
7896111913895;25.00;monofasico
7896111913901;25.00;monofasico
7896111913925;25.00;monofasico
7896111917466;25.00;monofasico
7896111917473;25.00;monofasico
7896111917596;25.00;monofasico
7896111919477;25.00;monofasico
7896111921692;25.00;monofasico
7896111921708;25.00;monofasico
7896111926796;25.00;monofasico
7896111926963;25.00;monofasico
7896111926970;25.00;monofasico
7896111926987;25.00;monofasico
7896111929254;25.00;monofasico
7896111930670;25.00;monofasico
7896111930687;0.00;monofasico
7896111937754;25.00;monofasico
7896111937785;25.00;monofasico
7896111940877;25.00;monofasico
7896111941386;25.00;monofasico
7896111941959;0.00;monofasico
7896111942697;25.00;monofasico
7896111942710;25.00;monofasico
7896111942727;25.00;monofasico
7896111942734;25.00;monofasico
7896111943793;0.00;monofasico
7896111943816;25.00;monofasico
7896111944240;25.00;monofasico
7896111944905;25.00;monofasico
7896111944998;25.00;monofasico
7896111945728;25.00;monofasico
7896111945735;25.00;monofasico
7896111945766;25.00;monofasico
7896111945773;25.00;monofasico
7896111945810;25.00;monofasico
7896111947685;25.00;monofasico
7896111947715;25.00;monofasico
7896111947722;25.00;monofasico
7896111947746;25.00;monofasico
7896111947760;25.00;monofasico
7896111947777;25.00;monofasico
7896111948859;0.00;monofasico
7896111950265;0.00;monofasico
7896111950289;25.00;monofasico
7896111950302;25.00;monofasico
7896111952481;25.00;monofasico
7896111952498;0.00;monofasico
7896111953648;0.00;monofasico
7896111954478;25.00;monofasico
7896111954492;0.00;monofasico
7896111970881;25.00;monofasico
7896111970928;25.00;monofasico
7896111970966;25.00;monofasico
7896111971888;25.00;monofasico
7896111972038;25.00;monofasico
7896111972670;25.00;monofasico
7896111976821;25.00;monofasico
7896111976883;0.00;monofasico
7896111976906;0.00;monofasico
7896111976944;25.00;monofasico
7896111978450;25.00;monofasico
7896111978672;25.00;monofasico
7896111978719;25.00;monofasico
7896111978757;25.00;monofasico
7896111985533;25.00;monofasico
7896111985618;0.00;monofasico
7896111985755;25.00;monofasico
7896111985830;25.00;monofasico
7896111986868;25.00;monofasico
7896111987209;0.00;monofasico
7896111987247;0.00;monofasico
7896111987322;0.00;monofasico
7896111987360;0.00;monofasico
7896111987407;0.00;monofasico
7896111987445;0.00;monofasico
7896111990162;25.00;monofasico
7896111992241;25.00;monofasico
7896111992289;25.00;monofasico
7896111992326;0.00;monofasico
7896111992364;25.00;monofasico
7896111992401;25.00;monofasico
7896111992449;25.00;monofasico
7896111992487;0.00;monofasico
7896111992524;25.00;monofasico
7896111992562;25.00;monofasico
7896111992609;25.00;monofasico
7896111992654;25.00;monofasico
7896111992692;25.00;monofasico
7896111992739;0.00;monofasico
7896111992777;25.00;monofasico
7896111992890;25.00;monofasico
7896111992937;25.00;monofasico
7896111992975;25.00;monofasico
7896111993019;25.00;monofasico
7896111993743;25.00;monofasico
7896111994061;25.00;monofasico
7896111994313;25.00;monofasico
7896111995068;25.00;monofasico
7896111995105;25.00;monofasico
7896111995181;25.00;monofasico
7896111995228;25.00;monofasico
7896111995266;25.00;monofasico
7896111995303;25.00;monofasico
7896111995389;25.00;monofasico
7896111995426;25.00;monofasico
7896111996362;0.00;monofasico
7896111996836;0.00;monofasico
7896111997130;25.00;monofasico
7896111997147;25.00;monofasico
7896111997154;25.00;monofasico
7896111997161;25.00;monofasico
7896111997178;25.00;monofasico
7896111997185;25.00;monofasico
7896111997192;25.00;monofasico
7896111997208;25.00;monofasico
7896111997215;25.00;monofasico
7896111997222;25.00;monofasico
7896111998007;25.00;monofasico
7896111998021;0.00;monofasico
7896111998052;25.00;monofasico
7896111998069;25.00;monofasico
7896111998397;25.00;monofasico
7896111998403;25.00;monofasico
7896111998410;25.00;monofasico
7896111998427;0.00;monofasico
7896111998434;0.00;monofasico
7896111998618;0.00;monofasico
7896111998656;0.00;monofasico
7896111998694;0.00;monofasico
7896111998731;0.00;monofasico
7896111998779;0.00;monofasico
7896111998816;0.00;monofasico
7896111998854;0.00;monofasico
7896111998892;0.00;monofasico
7896111998946;0.00;monofasico
7896111998984;0.00;monofasico
7896111999028;0.00;monofasico
7896111999141;0.00;monofasico
7896111999189;0.00;monofasico
7896111999226;0.00;monofasico
7896111999516;25.00;monofasico
7896111999523;25.00;monofasico
7896111999530;25.00;monofasico
7896111999547;0.00;monofasico
7896111999554;25.00;monofasico
7896111999721;25.00;monofasico
7896111999738;25.00;monofasico
7896111999745;25.00;monofasico
7896111999752;25.00;monofasico
7896111999769;25.00;monofasico
7896111999776;25.00;monofasico
7896111999783;25.00;monofasico
7896111999790;25.00;monofasico
7896111999806;25.00;monofasico
7896111999813;25.00;monofasico
7896114312787;0.00;monofasico
7896114312831;0.00;monofasico
7896114312848;0.00;monofasico
7896114312862;0.00;monofasico
7896114312879;0.00;monofasico
7896114313128;0.00;monofasico
7896114313210;0.00;monofasico
7896115700019;18.00;monofasico
7896115700026;25.00;monofasico
7896115700033;25.00;monofasico
7896115700040;25.00;monofasico
7896115700187;18.00;monofasico
7896115700194;25.00;monofasico
7896115700262;25.00;monofasico
7896115700293;25.00;monofasico
7896115700309;25.00;monofasico
7896115700316;25.00;monofasico
7896115700347;18.00;monofasico
7896115700354;25.00;monofasico
7896115700408;25.00;monofasico
7896115700774;25.00;monofasico
7896115700996;12.00;monofasico
7896115701795;0.00;monofasico
7896115702013;18.00;monofasico
7896115702020;25.00;monofasico
7896115702679;18.00;monofasico
7896115702686;25.00;monofasico
7896115702785;25.00;monofasico
7896115702860;0.00;monofasico
7896115703065;0.00;monofasico
7896115703560;18.00;monofasico
7896115703577;25.00;monofasico
7896115703591;25.00;monofasico
7896115703706;18.00;monofasico
7896115703713;18.00;monofasico
7896115703720;18.00;monofasico
7896115703744;0.00;real
7896115703751;0.00;monofasico
7896115704086;18.00;monofasico
7896115704093;18.00;monofasico
7896115704109;18.00;monofasico
7896115704116;0.00;monofasico
7896115704123;18.00;monofasico
7896115704345;25.00;monofasico
7896115704529;0.00;monofasico
7896115704536;0.00;monofasico
7896115704567;0.00;monofasico
7896115704598;0.00;monofasico
7896115704826;0.00;real
7896115705175;25.00;monofasico
7896115705502;18.00;monofasico
7896115705519;0.00;monofasico
7896115705526;0.00;monofasico
7896115705816;0.00;monofasico
7896115705823;18.00;monofasico
7896116101426;18.00;real
7896116101501;18.00;real
7896116107657;25.00;monofasico
7896116109408;0.00;presumido
7896116109415;0.00;presumido
7896116112552;0.00;presumido
7896116113214;0.00;presumido
7896116113856;0.00;real
7896116113863;0.00;real
7896116113894;18.00;real
7896116114044;0.00;presumido
7896116114051;0.00;presumido
7896116114204;0.00;presumido
7896116114211;0.00;real
7896132100175;0.00;monofasico
7896132100311;0.00;monofasico
7896132100328;0.00;monofasico
7896132100335;0.00;monofasico
7896132112352;0.00;monofasico
7896132113083;0.00;monofasico
7896132119054;0.00;monofasico
7896132121019;0.00;monofasico
7896132124027;0.00;monofasico
7896132126885;0.00;monofasico
7896132127271;0.00;monofasico
7896132128575;0.00;monofasico
7896132130028;0.00;monofasico
7896132130066;0.00;monofasico
7896132130134;0.00;monofasico
7896132130318;0.00;monofasico
7896132130554;0.00;monofasico
7896132130639;0.00;monofasico
7896132131360;0.00;monofasico
7896132131773;0.00;monofasico
7896132132916;0.00;monofasico
7896132132923;0.00;monofasico
7896132132930;0.00;monofasico
7896132132947;0.00;monofasico
7896132133104;0.00;monofasico
7896132133111;0.00;monofasico
7896132133128;0.00;monofasico
7896132133135;0.00;monofasico
7896132133142;0.00;monofasico
7896132133159;0.00;monofasico
7896132133333;0.00;monofasico
7896132133340;0.00;monofasico
7896132133357;0.00;monofasico
7896132133364;0.00;monofasico
7896132133524;0.00;monofasico
7896132133760;0.00;monofasico
7896132134255;0.00;monofasico
7896132134262;0.00;monofasico
7896132134859;0.00;monofasico
7896132135771;0.00;monofasico
7896132135870;0.00;monofasico
7896132135894;0.00;monofasico
7896132135948;0.00;monofasico
7896132135955;0.00;monofasico
7896132135962;0.00;monofasico
7896132135979;0.00;monofasico
7896132135986;0.00;monofasico
7896132135993;0.00;monofasico
7896132136068;0.00;monofasico
7896132136075;0.00;monofasico
7896132136082;0.00;monofasico
7896132136099;0.00;monofasico
7896132136105;0.00;monofasico
7896132136129;0.00;monofasico
7896132136136;0.00;monofasico
7896132136143;0.00;monofasico
7896132136150;0.00;monofasico
7896132136174;0.00;monofasico
7896132136402;0.00;monofasico
7896132136433;0.00;monofasico
7896132136440;0.00;monofasico
7896132136464;0.00;monofasico
7896132136471;0.00;monofasico
7896132136488;0.00;monofasico
7896132136495;0.00;monofasico
7896132136501;0.00;monofasico
7896132136624;0.00;monofasico
7896132136631;0.00;monofasico
7896132136648;0.00;monofasico
7896132136655;0.00;monofasico
7896132136860;0.00;monofasico
7896132137089;0.00;monofasico
7896132137096;0.00;monofasico
7896132137102;0.00;monofasico
7896132137119;0.00;monofasico
7896132137126;0.00;monofasico
7896132137133;0.00;monofasico
7896132137140;0.00;monofasico
7896132137157;0.00;monofasico
7896132137164;0.00;monofasico
7896132137171;0.00;monofasico
7896132137188;0.00;monofasico
7896132137218;0.00;monofasico
7896132137225;0.00;monofasico
7896132137287;0.00;monofasico
7896132137294;0.00;monofasico
7896132137300;0.00;monofasico
7896132137317;0.00;monofasico
7896132137379;0.00;monofasico
7896132137386;0.00;monofasico
7896132137638;0.00;monofasico
7896132137645;0.00;monofasico
7896132137652;0.00;monofasico
7896132137850;0.00;monofasico
7896132137867;0.00;monofasico
7896132137874;0.00;monofasico
7896132137898;0.00;monofasico
7896132137911;0.00;monofasico
7896132138031;0.00;monofasico
7896132138048;0.00;monofasico
7896132138086;0.00;monofasico
7896132138109;0.00;monofasico
7896132138116;0.00;monofasico
7896132138505;0.00;monofasico
7896132138512;0.00;monofasico
7896132138529;0.00;monofasico
7896132138536;0.00;monofasico
7896132138543;0.00;monofasico
7896132138550;0.00;monofasico
7896132138567;0.00;monofasico
7896132138574;0.00;monofasico
7896138700430;12.00;monofasico
7896150000020;25.00;monofasico
7896150000051;25.00;monofasico
7896150000068;25.00;monofasico
7896150000389;25.00;monofasico
7896150000532;25.00;monofasico
7896150000730;18.00;monofasico
7896150000822;18.00;monofasico
7896150000853;18.00;monofasico
7896150001096;25.00;monofasico
7896150001393;25.00;monofasico
7896150001409;25.00;monofasico
7896150001621;25.00;monofasico
7896150001744;25.00;monofasico
7896150001751;25.00;monofasico
7896150002093;18.00;monofasico
7896150002574;25.00;monofasico
7896150005032;25.00;monofasico
7896150006091;25.00;monofasico
7896150008842;25.00;monofasico
7896150009658;25.00;monofasico
7896150011590;18.00;monofasico
7896150012580;18.00;monofasico
7896150012801;25.00;monofasico
7896150012825;25.00;monofasico
7896150014492;25.00;monofasico
7896150014508;25.00;monofasico
7896150014560;25.00;monofasico
7896150014577;25.00;monofasico
7896150014591;25.00;monofasico
7896150014607;25.00;monofasico
7896150015383;0.00;monofasico
7896150015390;0.00;monofasico
7896150015598;25.00;monofasico
7896150015734;25.00;monofasico
7896150015741;25.00;monofasico
7896150015758;25.00;monofasico
7896150015765;25.00;monofasico
7896150016533;25.00;monofasico
7896150016557;18.00;monofasico
7896150016564;25.00;monofasico
7896150016700;25.00;monofasico
7896150016717;25.00;monofasico
7896150016724;25.00;monofasico
7896150016731;25.00;monofasico
7896150016748;25.00;monofasico
7896150016755;25.00;monofasico
7896150016779;25.00;monofasico
7896150017233;25.00;monofasico
7896150017240;25.00;monofasico
7896150017257;25.00;monofasico
7896150017264;25.00;monofasico
7896150017271;25.00;monofasico
7896150017288;25.00;monofasico
7896150017295;25.00;monofasico
7896150017387;25.00;monofasico
7896150017394;25.00;monofasico
7896150017400;25.00;monofasico
7896150017417;25.00;monofasico
7896150017448;25.00;monofasico
7896150017875;25.00;monofasico
7896150018490;25.00;monofasico
7896150018513;25.00;monofasico
7896150018520;25.00;monofasico
7896150019190;25.00;monofasico
7896150019237;25.00;monofasico
7896150019336;25.00;monofasico
7896150019398;25.00;monofasico
7896150019480;25.00;monofasico
7896150019497;25.00;monofasico
7896150019503;25.00;monofasico
7896150019510;25.00;monofasico
7896150019527;25.00;monofasico
7896150019534;25.00;monofasico
7896150019541;25.00;monofasico
7896150020172;25.00;monofasico
7896150023524;25.00;monofasico
7896150023531;25.00;monofasico
7896150023555;25.00;monofasico
7896150023586;18.00;monofasico
7896150023593;18.00;monofasico
7896150023609;18.00;monofasico
7896150023616;18.00;monofasico
7896150023845;25.00;monofasico
7896150023852;0.00;monofasico
7896150023869;25.00;monofasico
7896150023876;25.00;monofasico
7896150023883;0.00;monofasico
7896150023890;0.00;monofasico
7896150023906;25.00;monofasico
7896150023920;0.00;monofasico
7896150023944;0.00;monofasico
7896150023951;25.00;monofasico
7896150023968;25.00;monofasico
7896150023975;0.00;monofasico
7896150023982;0.00;monofasico
7896150023999;25.00;monofasico
7896150024002;25.00;monofasico
7896150024019;0.00;monofasico
7896150024026;0.00;monofasico
7896150024033;25.00;monofasico
7896150024057;25.00;monofasico
7896150024064;25.00;monofasico
7896150024071;25.00;monofasico
7896150024095;25.00;monofasico
7896150024101;25.00;monofasico
7896150024118;25.00;monofasico
7896150024125;0.00;monofasico
7896150024132;25.00;monofasico
7896150024149;25.00;monofasico
7896150024163;0.00;monofasico
7896150024170;25.00;monofasico
7896150024187;0.00;monofasico
7896150024194;25.00;monofasico
7896150024200;25.00;monofasico
7896150024217;25.00;monofasico
7896150024224;0.00;monofasico
7896150024231;25.00;monofasico
7896150024255;25.00;monofasico
7896150024965;25.00;monofasico
7896150024972;25.00;monofasico
7896150024989;25.00;monofasico
7896150024996;25.00;monofasico
7896150025467;0.00;monofasico
7896150025580;25.00;monofasico
7896150025603;25.00;monofasico
7896150025627;25.00;monofasico
7896150025832;25.00;monofasico
7896150025849;25.00;monofasico
7896150025856;25.00;monofasico
7896150025870;25.00;monofasico
7896150025900;25.00;monofasico
7896150025924;25.00;monofasico
7896150026006;0.00;monofasico
7896150026013;25.00;monofasico
7896150026020;25.00;monofasico
7896150026037;25.00;monofasico
7896150026044;25.00;monofasico
7896150026051;25.00;monofasico
7896150101833;0.00;real
7896152300081;18.00;real
7896152324438;18.00;real
7896183300173;18.00;presumido
7896183300630;18.00;presumido
7896183300821;18.00;monofasico
7896183300845;18.00;monofasico
7896183300852;18.00;presumido
7896183300883;0.00;monofasico
7896183300890;18.00;presumido
7896183300975;18.00;presumido
7896183300982;18.00;presumido
7896183301019;18.00;presumido
7896183301040;18.00;presumido
7896183301293;18.00;presumido
7896183301309;18.00;presumido
7896183301316;18.00;presumido
7896183301453;18.00;presumido
7896183301491;18.00;presumido
7896183301705;0.00;presumido
7896183301767;18.00;monofasico
7896183302429;18.00;presumido
7896183302993;0.00;monofasico
7896183303006;0.00;monofasico
7896183303013;0.00;monofasico
7896183303648;18.00;presumido
7896183303785;18.00;monofasico
7896183303792;18.00;monofasico
7896183303808;18.00;monofasico
7896183303822;18.00;monofasico
7896183303846;18.00;monofasico
7896183303860;18.00;monofasico
7896183305048;18.00;monofasico
7896183305611;0.00;presumido
7896183305796;18.00;monofasico
7896183305826;18.00;monofasico
7896183306199;0.00;presumido
7896183306229;18.00;presumido
7896183306236;18.00;presumido
7896183306243;18.00;presumido
7896183306274;18.00;presumido
7896183306953;0.00;presumido
7896183306960;0.00;presumido
7896183306977;0.00;presumido
7896183307134;0.00;presumido
7896183307431;18.00;monofasico
7896183307974;18.00;presumido
7896183307998;18.00;presumido
7896183308155;18.00;monofasico
7896183308933;18.00;presumido
7896183308940;18.00;presumido
7896183308957;18.00;presumido
7896183309022;18.00;presumido
7896183309619;0.00;presumido
7896183309978;18.00;monofasico
7896183309985;18.00;monofasico
7896183309992;18.00;monofasico
7896183310073;18.00;presumido
7896183310721;18.00;presumido
7896183310738;18.00;presumido
7896183310813;0.00;presumido
7896183311377;18.00;presumido
7896183311384;18.00;presumido
7896183311391;18.00;presumido
7896183311773;18.00;presumido
7896183311780;18.00;presumido
7896183311797;18.00;presumido
7896183311896;18.00;presumido
7896183312138;18.00;presumido
7896183312145;18.00;presumido
7896183312152;18.00;monofasico
7896183312671;18.00;presumido
7896183313159;18.00;presumido
7896183313166;18.00;presumido
7896183313173;18.00;presumido
7896183313180;0.00;presumido
7896183313197;0.00;presumido
7896183313203;0.00;presumido
7896183313340;0.00;presumido
7896183313357;0.00;presumido
7896183313678;18.00;monofasico
7896183313685;18.00;monofasico
7896183313692;18.00;monofasico
7896183313708;18.00;monofasico
7896183313715;18.00;monofasico
7896183313722;18.00;monofasico
7896183313739;18.00;monofasico
7896183313746;18.00;monofasico
7896183313753;18.00;presumido
7896183313760;18.00;monofasico
7896183313777;18.00;monofasico
7896183313807;18.00;monofasico
7896183313814;18.00;monofasico
7896183313821;18.00;monofasico
7896183313869;18.00;presumido
7896183313876;18.00;presumido
7896183313883;18.00;presumido
7896183313890;0.00;monofasico
7896183313951;18.00;monofasico
7896183313975;18.00;monofasico
7896183313982;18.00;monofasico
7896183314002;18.00;monofasico
7896183314200;0.00;presumido
7896183314392;18.00;presumido
7896183314408;18.00;presumido
7896183314415;18.00;presumido
7896183314422;18.00;presumido
7896183314439;18.00;presumido
7896183314446;18.00;presumido
7896183314620;0.00;presumido
7896183314637;0.00;presumido
7896183314798;0.00;presumido
7896183314880;0.00;presumido
7896183314989;18.00;monofasico
7896183314996;18.00;presumido
7896183315009;18.00;monofasico
7896183315016;18.00;monofasico
7896183315030;18.00;monofasico
7896183315054;25.00;monofasico
7896183315061;25.00;monofasico
7896183315245;18.00;monofasico
7896183315252;18.00;monofasico
7896183315269;18.00;monofasico
7896183315276;18.00;monofasico
7896183315283;0.00;monofasico
7896183315290;18.00;presumido
7896183315306;18.00;presumido
7896183315696;25.00;monofasico
7896183315702;25.00;monofasico
7896183315719;25.00;monofasico
7896183316501;18.00;monofasico
7896183316518;18.00;monofasico
7896183316525;18.00;monofasico
7896183316563;18.00;monofasico
7896183316723;18.00;monofasico
7896183316747;18.00;monofasico
7896183316761;18.00;monofasico
7896183316778;18.00;monofasico
7896183316785;25.00;monofasico
7896183316792;25.00;monofasico
7896183316808;25.00;monofasico
7896183316815;18.00;monofasico
7896183316839;18.00;monofasico
7896183316846;18.00;monofasico
7896183316853;18.00;monofasico
7896183316860;18.00;monofasico
7896183316877;18.00;monofasico
7896183316969;18.00;monofasico
7896183316976;18.00;monofasico
7896183316983;18.00;monofasico
7896183316990;18.00;monofasico
7896183317003;18.00;monofasico
7896183317010;18.00;monofasico
7896183317027;18.00;monofasico
7896183317034;18.00;monofasico
7896183317041;18.00;monofasico
7896183317058;18.00;monofasico
7896183317065;18.00;monofasico
7896183317072;18.00;monofasico
7896183317089;18.00;monofasico
7896183317096;18.00;monofasico
7896183317102;18.00;monofasico
7896183317119;18.00;monofasico
7896183317126;18.00;presumido
7896183317133;18.00;presumido
7896183317140;18.00;presumido
7896183317157;18.00;presumido
7896196700052;12.00;monofasico
7896196700076;0.00;monofasico
7896196700168;12.00;real
7896196700199;12.00;monofasico
7896196701059;12.00;real
7896196701097;0.00;monofasico
7896196701103;0.00;monofasico
7896196701110;25.00;monofasico
7896196701912;12.00;monofasico
7896196701936;12.00;real
7896196701943;12.00;real
7896196702032;12.00;real
7896196702056;12.00;monofasico
7896196702476;12.00;real
7896196702605;12.00;monofasico
7896196702797;12.00;real
7896196703039;12.00;real
7896196703060;12.00;monofasico
7896196703077;12.00;monofasico
7896196703084;12.00;monofasico
7896196703138;12.00;real
7896196703268;18.00;monofasico
7896196703275;12.00;real
7896196703282;12.00;real
7896196703466;12.00;real
7896196703497;12.00;real
7896196703794;0.00;monofasico
7896196703817;12.00;real
7896196703848;12.00;real
7896196703893;25.00;monofasico
7896196703947;0.00;monofasico
7896196703992;0.00;monofasico
7896196704173;18.00;monofasico
7896196704197;18.00;monofasico
7896196704203;12.00;real
7896196704272;18.00;monofasico
7896196704333;12.00;real
7896196704470;18.00;monofasico
7896196704487;12.00;real
7896196704777;12.00;monofasico
7896196704876;12.00;real
7896196704883;12.00;real
7896196704999;12.00;real
7896196705002;12.00;real
7896196705019;0.00;monofasico
7896196705200;12.00;real
7896196705224;12.00;real
7896196705415;0.00;monofasico
7896196705446;12.00;monofasico
7896196705804;12.00;real
7896202891903;18.00;real
7896202892290;18.00;real
7896202892405;18.00;real
7896204900771;18.00;real
7896212686353;0.00;real
7896213300043;25.00;monofasico
7896213300050;25.00;monofasico
7896213300067;25.00;monofasico
7896213300074;1.86;monofasico
7896213300081;25.00;monofasico
7896213300098;0.00;monofasico
7896213300104;0.00;monofasico
7896213300111;25.00;monofasico
7896213300128;25.00;monofasico
7896213300135;25.00;monofasico
7896213300883;0.00;monofasico
7896213301866;0.00;monofasico
7896213303549;18.00;presumido
7896213306076;25.00;monofasico
7896213306090;0.00;monofasico
7896213306212;25.00;monofasico
7896213306229;0.00;monofasico
7896213306755;25.00;monofasico
7896213306793;25.00;monofasico
7896213309299;0.00;monofasico
7896213309305;25.00;monofasico
7896213313845;0.00;monofasico
7896213313920;25.00;real
7896213313982;25.00;monofasico
7896213316846;25.00;monofasico
7896213316860;0.00;monofasico
7896213316884;0.00;monofasico
7896213316907;0.00;monofasico
7896213316983;25.00;monofasico
7896213317041;25.00;monofasico
7896213317065;0.00;monofasico
7896213317836;25.00;monofasico
7896213317874;25.00;monofasico
7896213317898;25.00;monofasico
7896213317935;25.00;monofasico
7896213317959;25.00;monofasico
7896213317997;25.00;monofasico
7896213318277;0.00;monofasico
7896213319533;25.00;monofasico
7896213319540;25.00;monofasico
7896213319557;1.86;monofasico
7896213319816;0.00;monofasico
7896213319854;25.00;monofasico
7896214000027;25.00;real
7896214000034;25.00;real
7896214000041;18.00;real
7896214000058;18.00;presumido
7896214000065;18.00;presumido
7896214000072;18.00;presumido
7896214000096;18.00;presumido
7896214000102;18.00;presumido
7896214000119;18.00;real
7896214000126;18.00;real
7896214000140;25.00;monofasico
7896214000157;25.00;real
7896214000263;18.00;real
7896214000386;18.00;real
7896214001000;25.00;real
7896214002717;25.00;real
7896214003110;25.00;real
7896214003165;25.00;real
7896214003172;25.00;real
7896214003196;18.00;monofasico
7896221807015;0.00;monofasico
7896221808197;0.00;monofasico
7896221808203;25.00;monofasico
7896222716262;0.00;monofasico
7896222716453;7.00;real
7896222716514;0.00;real
7896222717207;0.00;monofasico
7896222717771;18.00;real
7896222717788;0.00;monofasico
7896222717931;18.00;presumido
7896222717948;0.00;monofasico
7896222718273;18.00;presumido
7896222718334;7.00;real
7896222718860;18.00;real
7896222720016;0.00;monofasico
7896222720030;0.00;monofasico
7896222720221;0.00;monofasico
7896224406024;18.00;real
7896224406031;18.00;real
7896224406130;18.00;real
7896224406147;18.00;real
7896224406802;18.00;real
7896224406949;12.00;real
7896224407250;18.00;real
7896224410113;18.00;real
7896224410120;18.00;real
7896224410137;18.00;real
7896224410212;18.00;real
7896224410229;18.00;real
7896224410670;18.00;real
7896224410687;18.00;real
7896224410717;18.00;real
7896224410724;18.00;real
7896224410816;18.00;real
7896227690208;0.00;monofasico
7896229904778;25.00;monofasico
7896229904785;0.00;monofasico
7896229905928;0.00;monofasico
7896229905935;0.00;monofasico
7896229905942;25.00;monofasico
7896229905959;25.00;monofasico
7896229906024;12.00;monofasico
7896229906031;12.00;monofasico
7896229906086;0.00;monofasico
7896229906093;12.00;monofasico
7896229906154;12.00;monofasico
7896229906284;12.00;monofasico
7896229906369;25.00;monofasico
7896229906376;12.00;monofasico
7896229906383;12.00;monofasico
7896229906444;12.00;monofasico
7896229906536;12.00;monofasico
7896229906574;12.00;monofasico
7896229906581;12.00;monofasico
7896229909308;12.00;monofasico
7896229909506;12.00;monofasico
7896229909605;12.00;monofasico
7896229909612;12.00;monofasico
7896229909636;12.00;monofasico
7896229909728;12.00;monofasico
7896229909735;12.00;monofasico
7896229909940;12.00;monofasico
7896229909957;12.00;monofasico
7896229909964;12.00;monofasico
7896229911240;12.00;monofasico
7896229911257;12.00;monofasico
7896229922147;0.00;monofasico
7896229940103;12.00;monofasico
7896229943555;12.00;monofasico
7896229943654;12.00;monofasico
7896229945047;12.00;monofasico
7896229945061;12.00;monofasico
7896229945078;12.00;monofasico
7896229945085;12.00;monofasico
7896229945092;12.00;monofasico
7896229945108;12.00;monofasico
7896229945115;12.00;monofasico
7896229946365;12.00;monofasico
7896229959808;12.00;monofasico
7896229959839;12.00;monofasico
7896229962907;12.00;monofasico
7896229962914;12.00;monofasico
7896229962921;12.00;monofasico
7896229962938;12.00;monofasico
7896229962945;12.00;monofasico
7896229962952;12.00;monofasico
7896229962969;12.00;monofasico
7896229962976;12.00;monofasico
7896229962983;12.00;monofasico
7896229962990;12.00;monofasico
7896229963003;12.00;monofasico
7896229963010;12.00;monofasico
7896229963034;12.00;monofasico
7896229963041;12.00;monofasico
7896229963058;12.00;monofasico
7896229963065;12.00;monofasico
7896229963089;12.00;monofasico
7896229963096;12.00;monofasico
7896229963119;12.00;monofasico
7896229963140;12.00;monofasico
7896229963157;12.00;monofasico
7896229963164;12.00;monofasico
7896229963188;12.00;monofasico
7896229972302;12.00;monofasico
7896229988754;12.00;monofasico
7896232712360;3.80;monofasico
7896232712407;3.80;monofasico
7896232712452;3.80;monofasico
7896232713329;3.80;monofasico
7896232713350;3.80;monofasico
7896232713381;3.80;monofasico
7896232713404;3.80;monofasico
7896232713428;3.80;monofasico
7896232713756;3.80;monofasico
7896232713824;3.80;monofasico
7896232716382;3.80;monofasico
7896232716399;3.80;monofasico
7896232718218;0.00;monofasico
7896232718492;3.80;monofasico
7896232718508;3.80;monofasico
7896232718515;3.80;monofasico
7896232718522;3.80;monofasico
7896232718546;3.80;monofasico
7896232719215;3.80;monofasico
7896232719222;3.80;monofasico
7896232719239;3.80;monofasico
7896232719277;3.80;monofasico
7896232719284;3.80;monofasico
7896232719291;3.80;monofasico
7896232719581;3.80;monofasico
7896232719598;3.80;monofasico
7896232720693;3.80;monofasico
7896232720716;3.80;monofasico
7896232720730;0.00;monofasico
7896232720754;3.80;monofasico
7896232720785;3.80;monofasico
7896232720792;3.80;monofasico
7896232720808;3.80;monofasico
7896232720822;0.00;monofasico
7896232720839;3.80;monofasico
7896232722215;3.80;monofasico
7896232722239;3.80;monofasico
7896232722260;0.00;monofasico
7896232722277;3.80;monofasico
7896232787450;3.80;monofasico
7896232787467;3.80;monofasico
7896232787542;3.80;monofasico
7896232788204;18.00;monofasico
7896232788211;3.80;monofasico
7896232788242;3.80;monofasico
7896232788259;3.80;monofasico
7896232788891;3.80;monofasico
7896232788907;3.80;monofasico
7896232788914;3.80;monofasico
7896232788921;3.80;monofasico
7896232788945;3.80;monofasico
7896232788952;3.80;monofasico
7896235353119;18.00;presumido
7896235353126;18.00;presumido
7896235353157;18.00;presumido
7896235353171;0.00;presumido
7896235353188;25.00;monofasico
7896235353195;0.00;presumido
7896235353225;0.00;monofasico
7896235353249;0.00;monofasico
7896235353256;0.00;monofasico
7896235353263;0.00;monofasico
7896235353270;0.00;monofasico
7896235353287;0.00;monofasico
7896235353294;0.00;monofasico
7896235353317;0.00;monofasico
7896235353393;0.00;monofasico
7896235353409;0.00;monofasico
7896235353416;0.00;monofasico
7896235353645;12.00;monofasico
7896235353652;12.00;monofasico
7896235353669;12.00;monofasico
7896235353690;12.00;monofasico
7896235353706;12.00;monofasico
7896235353713;12.00;monofasico
7896235353720;12.00;monofasico
7896235353737;12.00;monofasico
7896235353744;12.00;monofasico
7896235353775;12.00;monofasico
7896235353782;4.00;monofasico
7896235353805;12.00;monofasico
7896235353829;12.00;monofasico
7896235353843;12.00;monofasico
7896235353850;12.00;monofasico
7896235353867;12.00;monofasico
7896235353874;12.00;monofasico
7896235353881;12.00;monofasico
7896235353898;12.00;monofasico
7896235353904;18.00;monofasico
7896235353911;18.00;monofasico
7896235353935;0.00;monofasico
7896235353997;0.00;monofasico
7896235354017;18.00;monofasico
7896235354024;18.00;monofasico
7896235354031;0.00;monofasico
7896235354048;18.00;monofasico
7896235354055;18.00;monofasico
7896235354062;18.00;monofasico
7896235354079;18.00;monofasico
7896235354086;18.00;monofasico
7896235354093;18.00;monofasico
7896235354109;0.00;monofasico
7896235354116;18.00;monofasico
7896235354123;18.00;monofasico
7896235354130;18.00;monofasico
7896235354147;18.00;monofasico
7896235354154;25.00;monofasico
7896235354185;25.00;monofasico
7896235354192;0.00;monofasico
7896235354208;25.00;monofasico
7896235354215;18.00;monofasico
7896235354222;0.00;monofasico
7896235354253;18.00;monofasico
7896235354260;18.00;monofasico
7896235354277;18.00;monofasico
7896235354284;0.00;monofasico
7896235354291;0.00;monofasico
7896235354307;25.00;monofasico
7896235354345;18.00;monofasico
7896235354352;25.00;monofasico
7896235354369;18.00;monofasico
7896235354376;25.00;monofasico
7896235354383;0.00;monofasico
7896235354406;18.00;monofasico
7896235354420;18.00;monofasico
7896235354475;25.00;monofasico
7896235354482;25.00;monofasico
7896235354550;0.00;monofasico
7896235354628;25.00;monofasico
7896235354635;25.00;monofasico
7896235354796;0.00;monofasico
7896235354826;25.00;monofasico
7896235354833;25.00;monofasico
7896235354888;0.00;monofasico
7896235354895;0.00;monofasico
7896235354901;18.00;monofasico
7896235355014;0.00;monofasico
7896235355021;0.00;monofasico
7896235355038;0.00;monofasico
7896235355106;0.00;monofasico
7896240705415;0.00;monofasico
7896240705422;0.00;monofasico
7896240706245;0.00;monofasico
7896240706252;0.00;monofasico
7896240706269;0.00;monofasico
7896240707747;0.00;monofasico
7896243101856;18.00;real
7896243101863;18.00;real
7896243101870;18.00;real
7896256040821;0.00;monofasico
7896256050271;0.00;monofasico
7896261402591;0.00;presumido
7896261402652;18.00;real
7896261402669;18.00;real
7896261402836;18.00;real
7896261403505;18.00;real
7896261403512;18.00;real
7896262304450;18.00;real
7896262304467;18.00;real
7896262305075;18.00;real
7896279100267;25.00;monofasico
7896279100809;25.00;monofasico
7896279100816;25.00;monofasico
7896279100823;25.00;monofasico
7896279100854;25.00;monofasico
7896279100946;25.00;monofasico
7896279101509;0.00;monofasico
7896279101646;25.00;monofasico
7896279102346;18.00;monofasico
7896279102360;18.00;monofasico
7896279102384;25.00;monofasico
7896279102407;25.00;monofasico
7896279102414;25.00;monofasico
7896279102421;25.00;monofasico
7896279102438;25.00;monofasico
7896279102445;25.00;monofasico
7896279102476;25.00;monofasico
7896279102490;25.00;monofasico
7896279102537;18.00;monofasico
7896279102544;18.00;monofasico
7896279102599;18.00;monofasico
7896279102605;18.00;monofasico
7896279102650;18.00;monofasico
7896279103121;18.00;monofasico
7896279103145;25.00;monofasico
7896279103626;25.00;monofasico
7896279103787;18.00;monofasico
7896279103879;25.00;monofasico
7896279104135;18.00;monofasico
7896279104852;0.00;monofasico
7896279106177;25.00;monofasico
7896279106566;0.00;monofasico
7896279106573;18.00;monofasico
7896279106580;18.00;monofasico
7896279106597;18.00;monofasico
7896279110037;18.00;monofasico
7896279110136;18.00;monofasico
7896279111256;25.00;monofasico
7896279111805;18.00;monofasico
7896279112727;25.00;monofasico
7896279112734;25.00;monofasico
7896279112826;25.00;monofasico
7896279112871;18.00;monofasico
7896279112888;18.00;monofasico
7896279113090;18.00;monofasico
7896279113113;25.00;monofasico
7896279113120;18.00;monofasico
7896279113373;0.00;monofasico
7896279113380;0.00;monofasico
7896279113397;25.00;monofasico
7896279113403;25.00;monofasico
7896279113410;18.00;monofasico
7896279113519;25.00;monofasico
7896279113700;0.00;monofasico
7896279113991;18.00;presumido
7896279114004;18.00;presumido
7896279114028;25.00;monofasico
7896279114103;18.00;monofasico
7896279114639;18.00;monofasico
7896279114646;25.00;monofasico
7896279114660;25.00;monofasico
7896279116909;18.00;monofasico
7896279116916;18.00;monofasico
7896279117111;25.00;monofasico
7896279119474;25.00;monofasico
7896279119481;0.00;monofasico
7896279119535;18.00;monofasico
7896279119559;18.00;monofasico
7896279120715;0.00;monofasico
7896279120722;0.00;monofasico
7896279120739;0.00;monofasico
7896279120746;0.00;monofasico
7896279120753;0.00;monofasico
7896279120784;0.00;monofasico
7896279120814;18.00;monofasico
7896279120999;0.00;monofasico
7896279121026;0.00;monofasico
7896279121118;0.00;monofasico
7896279122139;0.00;monofasico
7896279122146;0.00;monofasico
7896279127028;0.00;monofasico
7896279127035;25.00;monofasico
7896279127042;25.00;monofasico
7896279127059;25.00;monofasico
7896279127066;25.00;monofasico
7896279127073;25.00;monofasico
7896279127080;25.00;monofasico
7896279127165;18.00;monofasico
7896279127172;18.00;monofasico
7896279127189;18.00;monofasico
7896279127196;18.00;monofasico
7896279129107;18.00;monofasico
7896279129114;18.00;monofasico
7896279129121;18.00;monofasico
7896279129138;18.00;monofasico
7896279129145;18.00;monofasico
7896279129152;18.00;monofasico
7896279129169;18.00;monofasico
7896279129176;18.00;monofasico
7896279129183;18.00;monofasico
7896279129190;18.00;monofasico
7896279129206;18.00;monofasico
7896279129213;18.00;monofasico
7896279129220;18.00;monofasico
7896279129237;18.00;monofasico
7896279129244;18.00;monofasico
7896279129251;18.00;monofasico
7896279129268;18.00;monofasico
7896279129275;18.00;monofasico
7896279129282;18.00;monofasico
7896279129299;18.00;monofasico
7896279129305;18.00;monofasico
7896279129312;18.00;monofasico
7896279129329;18.00;monofasico
7896279129336;18.00;monofasico
7896279129343;18.00;monofasico
7896279129350;18.00;monofasico
7896279129718;18.00;monofasico
7896279129725;18.00;monofasico
7896279129732;18.00;monofasico
7896279129749;18.00;monofasico
7896279132275;18.00;monofasico
7896279132282;18.00;monofasico
7896279132299;18.00;monofasico
7896279132305;18.00;monofasico
7896279132312;18.00;monofasico
7896279132329;18.00;monofasico
7896279132336;18.00;monofasico
7896279132343;0.00;monofasico
7896279134019;18.00;monofasico
7896279134026;18.00;monofasico
7896279134033;18.00;monofasico
7896279134040;18.00;monofasico
7896279134057;18.00;monofasico
7896279134064;18.00;monofasico
7896279134248;25.00;monofasico
7896279134255;25.00;monofasico
7896279134262;25.00;monofasico
7896279134279;18.00;monofasico
7896279134286;25.00;monofasico
7896279134293;25.00;monofasico
7896279134309;25.00;monofasico
7896279600538;18.00;monofasico
7896290402401;0.00;monofasico
7896292286412;18.00;real
7896306616136;0.00;real
7896306623769;0.00;real
7896306623776;0.00;real
7896306625060;0.00;monofasico
7896306625077;0.00;real
7896306625190;0.00;real
7896306625206;0.00;real
7896306625213;0.00;real
7896306625220;0.00;real
7896306625237;0.00;real
7896306625244;0.00;real
7896306625251;0.00;real
7896306625268;0.00;real
7896306625275;0.00;real
7896306625282;0.00;real
7896306625299;0.00;real
7896306625305;0.00;real
7896306625350;0.00;real
7896306625367;0.00;real
7896306625374;0.00;real
7896306625381;0.00;real
7896306625688;0.00;real
7896311760862;18.00;real
7896311773268;18.00;real
7896311773275;0.00;monofasico
7896311773282;18.00;real
7896311773299;0.00;monofasico
7896311775712;18.00;real
7896311777075;18.00;real
7896311778041;0.00;monofasico
7896326902974;18.00;real
7896327309963;25.00;monofasico
7896327309970;0.00;monofasico
7896327310037;25.00;monofasico
7896327310044;25.00;monofasico
7896327310051;25.00;monofasico
7896327310068;0.00;monofasico
7896327310075;25.00;monofasico
7896327310105;25.00;monofasico
7896327310112;25.00;monofasico
7896327310136;25.00;monofasico
7896327310303;25.00;monofasico
7896327310310;18.00;monofasico
7896327310327;25.00;monofasico
7896327310334;18.00;monofasico
7896327310419;18.00;monofasico
7896327310662;25.00;monofasico
7896336006631;18.00;real
7896336012830;18.00;real
7896336016067;18.00;real
7896336016449;18.00;real
7896369126009;12.00;monofasico
7896369126016;12.00;monofasico
7896369126023;12.00;monofasico
7896369126061;12.00;monofasico
7896369126108;12.00;monofasico
7896369126115;12.00;monofasico
7896369126122;0.00;real
7896369126214;12.00;monofasico
7896369126436;12.00;monofasico
7896369126603;12.00;real
7896369126610;12.00;monofasico
7896369126627;0.00;monofasico
7896369126634;12.00;real
7896369126641;12.00;real
7896369126719;12.00;monofasico
7896369126733;12.00;real
7896369126832;12.00;real
7896369130051;12.00;real
7896369136077;0.00;monofasico
7896369137166;0.00;monofasico
7896369137173;0.00;monofasico
7896369151346;12.00;real
7896369151353;12.00;real
7896369151360;0.00;real
7896369151407;12.00;real
7896369151421;12.00;real
7896369151438;12.00;real
7896369161369;0.00;monofasico
7896369161376;0.00;monofasico
7896369161390;12.00;monofasico
7896369161482;12.00;monofasico
7896369161499;12.00;monofasico
7896369161970;12.00;monofasico
7896369162076;12.00;monofasico
7896369162229;0.00;monofasico
7896369162373;12.00;monofasico
7896369162380;12.00;monofasico
7896369162397;12.00;monofasico
7896369162403;12.00;real
7896369162717;12.00;monofasico
7896369162731;0.00;presumido
7896369163127;12.00;monofasico
7896369163172;12.00;monofasico
7896369163394;12.00;real
7896369163455;12.00;monofasico
7896369163493;12.00;real
7896369163509;12.00;real
7896369163516;0.00;monofasico
7896369163523;0.00;monofasico
7896369163585;12.00;real
7896369163592;12.00;real
7896369163608;12.00;monofasico
7896369163646;12.00;monofasico
7896369163653;0.00;monofasico
7896369163790;12.00;monofasico
7896369163813;12.00;monofasico
7896369163837;12.00;real
7896369163844;12.00;real
7896369163851;12.00;real
7896369163974;12.00;monofasico
7896369163981;12.00;monofasico
7896369164377;12.00;monofasico
7896369164384;12.00;real
7896369164391;12.00;monofasico
7896369164407;12.00;monofasico
7896369164414;12.00;monofasico
7896369164421;12.00;monofasico
7896369164469;25.00;monofasico
7896369164476;12.00;monofasico
7896369164483;12.00;monofasico
7896369164490;0.00;monofasico
7896369164537;12.00;real
7896369164544;12.00;real
7896369164575;0.00;monofasico
7896369164582;0.00;monofasico
7896369164599;12.00;monofasico
7896369164605;0.00;monofasico
7896369164681;12.00;monofasico
7896369164704;12.00;monofasico
7896369164711;12.00;monofasico
7896369164735;12.00;monofasico
7896369164742;12.00;monofasico
7896369164759;12.00;monofasico
7896369164766;12.00;real
7896369164773;12.00;monofasico
7896369164780;0.00;real
7896369164797;0.00;real
7896369164803;0.00;presumido
7896369164810;12.00;monofasico
7896369164827;12.00;monofasico
7896369164834;12.00;real
7896369164858;12.00;monofasico
7896369164865;12.00;monofasico
7896369164889;12.00;real
7896369164896;12.00;real
7896369164902;12.00;real
7896369164919;12.00;monofasico
7896369164926;12.00;monofasico
7896369164933;12.00;monofasico
7896369164964;12.00;monofasico
7896369164971;12.00;monofasico
7896369164988;12.00;real
7896369165008;12.00;monofasico
7896369165015;12.00;monofasico
7896369165022;12.00;monofasico
7896369165039;12.00;monofasico
7896369165046;12.00;real
7896369165107;12.00;monofasico
7896369165152;12.00;monofasico
7896369165213;12.00;monofasico
7896369165350;12.00;monofasico
7896380600380;25.00;monofasico
7896380600397;25.00;monofasico
7896380600649;25.00;monofasico
7896380600656;25.00;monofasico
7896380600663;25.00;monofasico
7896380600687;25.00;monofasico
7896380601103;25.00;monofasico
7896380601592;0.00;monofasico
7896380601639;25.00;monofasico
7896380602155;25.00;monofasico
7896380602162;25.00;monofasico
7896380602209;25.00;monofasico
7896380602926;0.00;monofasico
7896380602933;0.00;monofasico
7896380602940;0.00;monofasico
7896380602964;0.00;monofasico
7896380602988;0.00;monofasico
7896380602995;0.00;monofasico
7896380603008;0.00;monofasico
7896380603015;0.00;monofasico
7896380603039;0.00;monofasico
7896380603046;0.00;monofasico
7896380603473;25.00;monofasico
7896380603480;25.00;monofasico
7896380603497;25.00;monofasico
7896380603503;25.00;monofasico
7896380603510;25.00;monofasico
7896380603558;25.00;monofasico
7896380603596;25.00;monofasico
7896380603930;25.00;monofasico
7896380604142;25.00;monofasico
7896380604180;0.00;monofasico
7896380604197;0.00;monofasico
7896380604708;25.00;monofasico
7896380604715;25.00;monofasico
7896380604722;25.00;monofasico
7896380605491;0.00;monofasico
7896380605569;0.00;monofasico
7896380605699;25.00;monofasico
7896380605705;25.00;monofasico
7896380605774;25.00;monofasico
7896380605811;0.00;monofasico
7896380605828;25.00;monofasico
7896380605835;25.00;monofasico
7896380605842;25.00;monofasico
7896380605859;25.00;monofasico
7896380605866;25.00;monofasico
7896380605873;25.00;monofasico
7896380605880;25.00;monofasico
7896380605897;25.00;monofasico
7896380605903;25.00;monofasico
7896380605910;25.00;monofasico
7896380605927;25.00;monofasico
7896380605934;25.00;monofasico
7896380605941;25.00;monofasico
7896380605958;25.00;monofasico
7896380605965;25.00;monofasico
7896380605972;25.00;monofasico
7896380606009;25.00;monofasico
7896380606016;25.00;monofasico
7896380606054;25.00;monofasico
7896380606061;25.00;monofasico
7896380606078;25.00;monofasico
7896380606092;25.00;monofasico
7896380606108;25.00;monofasico
7896380606115;25.00;monofasico
7896380606283;25.00;monofasico
7896380606290;25.00;monofasico
7896380606306;25.00;monofasico
7896380606313;25.00;monofasico
7896380606320;25.00;monofasico
7896380606337;25.00;monofasico
7896380606344;25.00;monofasico
7896380606351;25.00;monofasico
7896380606672;25.00;monofasico
7896380606689;25.00;monofasico
7896380606696;25.00;monofasico
7896380606931;25.00;monofasico
7896380606948;25.00;monofasico
7896380606955;25.00;monofasico
7896380606986;25.00;monofasico
7896380606993;25.00;monofasico
7896380607174;25.00;monofasico
7896380607181;25.00;monofasico
7896380607198;25.00;monofasico
7896380607228;0.00;monofasico
7896380607235;0.00;monofasico
7896380607259;0.00;monofasico
7896380607280;25.00;monofasico
7896380607303;25.00;monofasico
7896380607327;25.00;monofasico
7896380607341;0.00;monofasico
7896380607440;0.00;monofasico
7896380607525;0.00;monofasico
7896380660889;0.00;monofasico
7896380660926;0.00;monofasico
7896396105916;18.00;real
7896396105923;25.00;monofasico
7896396105930;18.00;real
7896396106074;18.00;real
7896396106098;18.00;real
7896396106111;18.00;real
7896396106173;18.00;real
7896396106197;18.00;real
7896396106333;18.00;real
7896396106357;18.00;real
7896396106364;18.00;real
7896396109563;0.00;presumido
7896412800856;12.00;monofasico
7896423419276;0.00;real
7896423419283;0.00;real
7896423420159;0.00;monofasico
7896423420180;0.00;real
7896423424140;0.00;real
7896423424157;0.00;real
7896423438703;0.00;real
7896423438710;0.00;real
7896423438727;0.00;real
7896423438734;0.00;real
7896423438994;0.00;real
7896423439007;0.00;real
7896423470703;0.00;real
7896423553208;12.00;real
7896423553215;12.00;real
7896452816909;0.00;real
7896452821965;18.00;real
7896452840539;0.00;real
7896468370266;0.00;monofasico
7896468372475;0.00;monofasico
7896468372727;25.00;monofasico
7896468372833;0.00;monofasico
7896468375117;25.00;monofasico
7896468375360;25.00;monofasico
7896468376336;0.00;monofasico
7896488603573;25.00;monofasico
7896488603597;12.00;monofasico
7896488603610;12.00;monofasico
7896488603627;12.00;monofasico
7896488603634;12.00;monofasico
7896488603641;12.00;monofasico
7896488603658;12.00;monofasico
7896488603665;12.00;monofasico
7896488603801;25.00;monofasico
7896488604235;12.00;monofasico
7896488604440;0.00;monofasico
7896488604457;0.00;monofasico
7896488604501;25.00;monofasico
7896488604518;12.00;monofasico
7896488604976;0.00;monofasico
7896488605010;0.00;monofasico
7896488605027;0.00;monofasico
7896488605034;0.00;monofasico
7896488605065;25.00;monofasico
7896488605164;12.00;monofasico
7896488605171;12.00;monofasico
7896488605188;12.00;monofasico
7896488605195;0.00;monofasico
7896488605218;12.00;monofasico
7896488605225;12.00;monofasico
7896488605232;12.00;monofasico
7896488605249;12.00;monofasico
7896488605256;12.00;monofasico
7896488605263;12.00;monofasico
7896488605270;12.00;monofasico
7896488605287;12.00;monofasico
7896488605324;12.00;monofasico
7896488605584;25.00;monofasico
7896488605638;18.00;monofasico
7896488605652;25.00;monofasico
7896488605782;25.00;monofasico
7896488605799;25.00;monofasico
7896488605805;25.00;monofasico
7896488605829;25.00;monofasico
7896488605850;12.00;monofasico
7896488605867;0.00;monofasico
7896488605874;12.00;monofasico
7896488605898;12.00;monofasico
7896488605904;0.00;monofasico
7896488605935;12.00;monofasico
7896488606512;25.00;monofasico
7896488606529;12.00;monofasico
7896488606536;12.00;monofasico
7896488606574;18.00;monofasico
7896488606598;0.00;monofasico
7896488606604;25.00;monofasico
7896488606635;25.00;monofasico
7896488606659;25.00;monofasico
7896488606932;12.00;monofasico
7896488606956;25.00;monofasico
7896488606963;12.00;monofasico
7896488606987;12.00;monofasico
7896488607014;12.00;monofasico
7896488607038;12.00;monofasico
7896488607069;12.00;monofasico
7896488607588;12.00;monofasico
7896488607601;12.00;monofasico
7896488607618;12.00;monofasico
7896488607649;12.00;monofasico
7896488607663;12.00;monofasico
7896488607748;12.00;monofasico
7896488607878;12.00;monofasico
7896488608332;25.00;monofasico
7896488608349;25.00;monofasico
7896488608356;12.00;monofasico
7896488608363;12.00;monofasico
7896488608479;18.00;monofasico
7896488608486;25.00;monofasico
7896488608493;25.00;monofasico
7896488608523;25.00;monofasico
7896488609056;12.00;monofasico
7896488609070;12.00;monofasico
7896488609087;12.00;monofasico
7896488609100;12.00;monofasico
7896488609124;12.00;monofasico
7896488609148;12.00;monofasico
7896488609285;12.00;monofasico
7896488609292;12.00;monofasico
7896488609315;12.00;monofasico
7896488610113;12.00;monofasico
7896488610328;12.00;monofasico
7896488610335;12.00;monofasico
7896488610342;12.00;monofasico
7896488610359;12.00;monofasico
7896488610366;12.00;monofasico
7896488610373;12.00;monofasico
7896488610380;12.00;monofasico
7896488610397;12.00;monofasico
7896488610403;12.00;monofasico
7896488610410;12.00;monofasico
7896488610427;12.00;monofasico
7896488610632;12.00;monofasico
7896488610649;12.00;monofasico
7896488610670;12.00;monofasico
7896488610687;12.00;monofasico
7896488610694;12.00;monofasico
7896488610700;12.00;monofasico
7896488610793;12.00;monofasico
7896488610816;12.00;monofasico
7896488610885;12.00;monofasico
7896488610892;12.00;monofasico
7896488610908;12.00;monofasico
7896488610915;12.00;monofasico
7896488610922;12.00;monofasico
7896488611042;12.00;monofasico
7896488611059;12.00;monofasico
7896488611066;12.00;monofasico
7896488611080;12.00;monofasico
7896488611097;12.00;monofasico
7896488611110;12.00;monofasico
7896488611165;12.00;monofasico
7896488611172;12.00;monofasico
7896488611264;12.00;monofasico
7896488611318;12.00;monofasico
7896488611325;12.00;monofasico
7896488611332;12.00;monofasico
7896488611400;12.00;monofasico
7896488611431;12.00;monofasico
7896488611448;12.00;monofasico
7896488611455;12.00;monofasico
7896488611462;12.00;monofasico
7896488611479;12.00;monofasico
7896488611486;12.00;monofasico
7896488611493;12.00;monofasico
7896488611509;12.00;monofasico
7896488611653;12.00;monofasico
7896488611677;12.00;monofasico
7896488611684;12.00;monofasico
7896488611691;12.00;monofasico
7896488611707;12.00;monofasico
7896488611714;12.00;monofasico
7896488611721;12.00;monofasico
7896488611738;12.00;monofasico
7896488611745;12.00;monofasico
7896488611752;12.00;monofasico
7896488611769;12.00;monofasico
7896488611776;12.00;monofasico
7896488611790;12.00;monofasico
7896488611806;12.00;monofasico
7896488611813;12.00;monofasico
7896488611820;12.00;monofasico
7896488611837;12.00;monofasico
7896488611844;12.00;monofasico
7896488611851;12.00;monofasico
7896488611868;12.00;monofasico
7896488611875;12.00;monofasico
7896488611882;12.00;monofasico
7896488611899;25.00;monofasico
7896488611905;12.00;monofasico
7896488611912;12.00;monofasico
7896488611929;12.00;monofasico
7896488611943;12.00;monofasico
7896488611950;12.00;monofasico
7896488611967;12.00;monofasico
7896488611974;12.00;monofasico
7896488611981;12.00;monofasico
7896488612148;12.00;monofasico
7896488612179;12.00;monofasico
7896488612186;25.00;monofasico
7896488612193;25.00;monofasico
7896488612209;25.00;monofasico
7896488612315;12.00;monofasico
7896488612353;12.00;monofasico
7896488612360;12.00;monofasico
7896488612377;12.00;monofasico
7896488612384;12.00;monofasico
7896488612391;25.00;monofasico
7896488612407;12.00;monofasico
7896488612780;25.00;monofasico
7896488612865;12.00;monofasico
7896488612872;12.00;monofasico
7896488612889;12.00;monofasico
7896488612896;12.00;monofasico
7896488612902;12.00;monofasico
7896488612919;12.00;monofasico
7896488612926;25.00;monofasico
7896488613251;12.00;monofasico
7896488613268;12.00;monofasico
7896488613275;12.00;monofasico
7896488613534;12.00;monofasico
7896488613541;12.00;monofasico
7896488614043;12.00;monofasico
7896488614067;12.00;monofasico
7896488614074;12.00;monofasico
7896488614081;12.00;monofasico
7896488614098;12.00;monofasico
7896488614388;12.00;monofasico
7896488614395;12.00;monofasico
7896488614432;12.00;monofasico
7896488614449;12.00;monofasico
7896488614456;12.00;monofasico
7896488614661;12.00;monofasico
7896488614678;12.00;monofasico
7896488614685;12.00;monofasico
7896488614692;12.00;monofasico
7896488614708;12.00;monofasico
7896488614715;12.00;monofasico
7896488614722;12.00;monofasico
7896488614739;12.00;monofasico
7896488614746;12.00;monofasico
7896488614753;12.00;monofasico
7896488614760;12.00;monofasico
7896488614777;12.00;monofasico
7896488614784;12.00;monofasico
7896488614791;12.00;monofasico
7896488614807;12.00;monofasico
7896488614814;12.00;monofasico
7896488614821;12.00;monofasico
7896488614838;12.00;monofasico
7896488614845;12.00;monofasico
7896488614852;12.00;monofasico
7896488614869;12.00;monofasico
7896488614876;12.00;monofasico
7896488614883;12.00;monofasico
7896488614890;12.00;monofasico
7896488614906;12.00;monofasico
7896488614913;12.00;monofasico
7896488614920;12.00;monofasico
7896488614968;12.00;monofasico
7896488614975;12.00;monofasico
7896488614982;12.00;monofasico
7896488614999;12.00;monofasico
7896488615002;12.00;monofasico
7896488615019;12.00;monofasico
7896488615118;12.00;monofasico
7896488615125;12.00;monofasico
7896488615156;12.00;monofasico
7896488615163;12.00;monofasico
7896488615170;12.00;monofasico
7896488615187;12.00;monofasico
7896488615194;12.00;monofasico
7896488615200;12.00;monofasico
7896488615217;12.00;monofasico
7896488615224;12.00;monofasico
7896488615255;12.00;monofasico
7896488615262;12.00;monofasico
7896488615279;12.00;monofasico
7896488615286;12.00;monofasico
7896488615293;12.00;monofasico
7896488615309;12.00;monofasico
7896488615545;12.00;monofasico
7896488615590;12.00;monofasico
7896488615736;12.00;monofasico
7896488615743;12.00;monofasico
7896488615750;12.00;monofasico
7896488615811;12.00;monofasico
7896488615835;12.00;monofasico
7896488615842;12.00;monofasico
7896488615866;12.00;monofasico
7896488615873;12.00;monofasico
7896488615880;12.00;monofasico
7896488615897;12.00;monofasico
7896488615903;12.00;monofasico
7896488615927;12.00;monofasico
7896488615934;12.00;monofasico
7896488615941;12.00;monofasico
7896488616092;12.00;monofasico
7896488616108;12.00;monofasico
7896488616153;12.00;monofasico
7896488616160;12.00;monofasico
7896488616221;12.00;monofasico
7896488616238;12.00;monofasico
7896488616245;12.00;monofasico
7896488616252;12.00;monofasico
7896488616269;12.00;monofasico
7896488616276;12.00;monofasico
7896488616283;12.00;monofasico
7896488616290;12.00;monofasico
7896488616306;12.00;monofasico
7896488616313;12.00;monofasico
7896488616344;12.00;monofasico
7896488616351;12.00;monofasico
7896488616368;12.00;monofasico
7896488616375;12.00;monofasico
7896488616382;12.00;monofasico
7896488616399;12.00;monofasico
7896488616405;12.00;monofasico
7896509911779;12.00;monofasico
7896509911793;12.00;monofasico
7896509911809;12.00;monofasico
7896509911823;12.00;monofasico
7896509911847;12.00;monofasico
7896509946481;12.00;monofasico
7896509954943;12.00;monofasico
7896509954950;12.00;monofasico
7896509954967;12.00;monofasico
7896509954974;12.00;monofasico
7896509954981;12.00;monofasico
7896509954998;12.00;monofasico
7896509955018;12.00;monofasico
7896509955025;12.00;monofasico
7896509955032;25.00;monofasico
7896509955049;25.00;monofasico
7896509955056;12.00;monofasico
7896509955087;12.00;monofasico
7896509955100;12.00;monofasico
7896509955117;25.00;monofasico
7896509955124;12.00;monofasico
7896509955131;25.00;monofasico
7896509955179;12.00;monofasico
7896509955186;12.00;monofasico
7896509955193;12.00;monofasico
7896509955209;12.00;monofasico
7896509955216;12.00;monofasico
7896509955223;12.00;monofasico
7896509955261;12.00;monofasico
7896509955285;25.00;monofasico
7896509955292;25.00;monofasico
7896509955315;12.00;monofasico
7896509955322;12.00;monofasico
7896509955353;12.00;monofasico
7896509955377;12.00;monofasico
7896509955384;12.00;monofasico
7896509955476;12.00;monofasico
7896509955483;12.00;monofasico
7896509955490;12.00;monofasico
7896509955513;12.00;monofasico
7896509955551;12.00;monofasico
7896509955575;12.00;monofasico
7896509955612;12.00;monofasico
7896509955636;12.00;monofasico
7896509955643;12.00;monofasico
7896509955650;12.00;monofasico
7896509955711;12.00;monofasico
7896509955735;12.00;monofasico
7896509955742;12.00;monofasico
7896509955902;12.00;monofasico
7896509955919;12.00;monofasico
7896509960531;12.00;monofasico
7896509960548;12.00;monofasico
7896509970332;12.00;monofasico
7896509970356;12.00;monofasico
7896509972077;12.00;monofasico
7896509972084;12.00;monofasico
7896509972091;12.00;monofasico
7896509972114;12.00;monofasico
7896509972138;12.00;monofasico
7896509972152;12.00;monofasico
7896509972169;12.00;monofasico
7896509972183;12.00;monofasico
7896509972190;12.00;monofasico
7896509972206;12.00;monofasico
7896509972213;12.00;monofasico
7896509972220;12.00;monofasico
7896509972244;12.00;monofasico
7896509972251;12.00;monofasico
7896509972275;12.00;monofasico
7896509973692;25.00;monofasico
7896509973708;12.00;monofasico
7896509973715;12.00;monofasico
7896509973838;12.00;monofasico
7896509973845;12.00;monofasico
7896509973852;12.00;monofasico
7896509973869;12.00;monofasico
7896509973876;12.00;monofasico
7896509973890;12.00;monofasico
7896509973906;12.00;monofasico
7896509973913;12.00;monofasico
7896509973920;12.00;monofasico
7896509974125;0.00;monofasico
7896509974132;0.00;monofasico
7896509974149;12.00;monofasico
7896509974163;12.00;monofasico
7896509974170;12.00;monofasico
7896509974187;12.00;monofasico
7896509974194;0.00;monofasico
7896509974200;12.00;monofasico
7896509974217;12.00;monofasico
7896509974262;12.00;monofasico
7896509974279;12.00;monofasico
7896509974286;0.00;monofasico
7896509974293;12.00;monofasico
7896509974330;0.00;monofasico
7896509974415;0.00;monofasico
7896509974446;12.00;monofasico
7896509974453;0.00;monofasico
7896509974460;12.00;monofasico
7896509974477;12.00;monofasico
7896509974514;12.00;monofasico
7896509974521;12.00;monofasico
7896509974903;12.00;monofasico
7896509974910;12.00;monofasico
7896509974934;12.00;monofasico
7896509974941;12.00;monofasico
7896509974965;12.00;monofasico
7896509975115;0.00;monofasico
7896509975443;12.00;monofasico
7896509975719;12.00;monofasico
7896509975726;12.00;monofasico
7896509975801;12.00;monofasico
7896509975818;12.00;monofasico
7896509975825;12.00;monofasico
7896509975832;12.00;monofasico
7896509975849;12.00;monofasico
7896509975856;12.00;monofasico
7896509975863;12.00;monofasico
7896509975870;12.00;monofasico
7896509975894;12.00;monofasico
7896509975924;12.00;monofasico
7896509975979;12.00;monofasico
7896509975986;12.00;monofasico
7896509976006;12.00;monofasico
7896509976044;12.00;monofasico
7896509976167;12.00;monofasico
7896509976174;12.00;monofasico
7896509976181;12.00;monofasico
7896509976518;12.00;monofasico
7896509976525;12.00;monofasico
7896509976532;12.00;monofasico
7896509976600;12.00;monofasico
7896509976617;12.00;monofasico
7896509976624;12.00;monofasico
7896509976631;12.00;monofasico
7896509976648;12.00;monofasico
7896509976655;12.00;monofasico
7896509976662;12.00;monofasico
7896509976686;12.00;monofasico
7896509976709;12.00;monofasico
7896509976716;12.00;monofasico
7896509976723;25.00;monofasico
7896509976754;0.00;monofasico
7896509976761;0.00;monofasico
7896509976778;12.00;monofasico
7896509976792;12.00;monofasico
7896509976808;12.00;monofasico
7896509976815;12.00;monofasico
7896509976822;12.00;monofasico
7896509976839;12.00;monofasico
7896509977539;0.00;monofasico
7896509979304;12.00;monofasico
7896509979342;12.00;monofasico
7896509979373;12.00;monofasico
7896509979380;12.00;monofasico
7896509979489;12.00;monofasico
7896509979496;12.00;monofasico
7896509979502;12.00;monofasico
7896509979519;12.00;monofasico
7896509979526;25.00;monofasico
7896509979533;25.00;monofasico
7896509979625;12.00;monofasico
7896509979632;12.00;monofasico
7896509979649;12.00;monofasico
7896509979656;12.00;monofasico
7896509979663;12.00;monofasico
7896509979670;12.00;monofasico
7896509979892;12.00;monofasico
7896509979908;12.00;monofasico
7896509979915;12.00;monofasico
7896509979922;12.00;monofasico
7896509979946;12.00;monofasico
7896509980003;12.00;monofasico
7896509980010;12.00;monofasico
7896509980027;12.00;monofasico
7896509980218;12.00;monofasico
7896509980294;12.00;monofasico
7896509980300;25.00;monofasico
7896509980317;12.00;monofasico
7896509980324;12.00;monofasico
7896509980331;12.00;monofasico
7896509980461;12.00;monofasico
7896509980478;12.00;monofasico
7896509980492;12.00;monofasico
7896509980508;12.00;monofasico
7896509980515;12.00;monofasico
7896509980522;12.00;monofasico
7896509980539;12.00;monofasico
7896509980546;12.00;monofasico
7896509980553;12.00;monofasico
7896509980560;12.00;monofasico
7896509980577;12.00;monofasico
7896509980584;12.00;monofasico
7896509980591;12.00;monofasico
7896509980607;12.00;monofasico
7896509981338;0.00;monofasico
7896509981345;0.00;monofasico
7896509981352;0.00;monofasico
7896509981369;0.00;monofasico
7896509981383;0.00;monofasico
7896509981390;12.00;monofasico
7896509981406;12.00;monofasico
7896509981413;12.00;monofasico
7896509981420;12.00;monofasico
7896509981437;12.00;monofasico
7896509981444;12.00;monofasico
7896509981451;12.00;monofasico
7896509981468;12.00;monofasico
7896509981475;25.00;monofasico
7896509981482;12.00;monofasico
7896509981499;12.00;monofasico
7896509981505;12.00;monofasico
7896509981512;12.00;monofasico
7896509981529;12.00;monofasico
7896509981536;12.00;monofasico
7896509981543;12.00;monofasico
7896509981635;12.00;monofasico
7896509981642;12.00;monofasico
7896509981659;12.00;monofasico
7896509981680;12.00;monofasico
7896509981697;12.00;monofasico
7896509981703;12.00;monofasico
7896509981734;12.00;monofasico
7896509981741;12.00;monofasico
7896509981758;12.00;monofasico
7896512900043;12.00;monofasico
7896512900050;12.00;monofasico
7896512900111;12.00;monofasico
7896512900142;0.00;monofasico
7896512900166;12.00;monofasico
7896512902504;12.00;monofasico
7896512904089;12.00;monofasico
7896512904126;12.00;monofasico
7896512904324;12.00;monofasico
7896512904621;12.00;real
7896512905222;12.00;monofasico
7896512905239;12.00;monofasico
7896512905253;12.00;monofasico
7896512905260;12.00;monofasico
7896512905277;12.00;monofasico
7896512905420;12.00;monofasico
7896512906540;12.00;monofasico
7896512906557;12.00;monofasico
7896512907493;12.00;monofasico
7896512909190;12.00;monofasico
7896512909732;12.00;monofasico
7896512909763;12.00;monofasico
7896512909770;12.00;monofasico
7896512909787;12.00;monofasico
7896512909794;12.00;monofasico
7896512910332;12.00;monofasico
7896512910691;12.00;monofasico
7896512910714;12.00;monofasico
7896512910738;12.00;monofasico
7896512910752;12.00;monofasico
7896512910776;12.00;monofasico
7896512910783;12.00;monofasico
7896512910790;12.00;monofasico
7896512910806;12.00;monofasico
7896512910844;12.00;monofasico
7896512910936;12.00;monofasico
7896512910943;12.00;monofasico
7896512910950;12.00;real
7896512910967;12.00;monofasico
7896512910981;12.00;monofasico
7896512910998;12.00;monofasico
7896512911001;12.00;monofasico
7896512911070;12.00;real
7896512911087;12.00;real
7896512911186;12.00;monofasico
7896512911193;12.00;monofasico
7896512911391;12.00;monofasico
7896512911421;12.00;monofasico
7896512911537;12.00;monofasico
7896512911551;12.00;monofasico
7896512911568;12.00;monofasico
7896512911858;12.00;monofasico
7896512911865;12.00;monofasico
7896512911933;12.00;real
7896512911940;12.00;real
7896512911971;12.00;monofasico
7896512911988;12.00;monofasico
7896512911995;12.00;monofasico
7896512912008;12.00;monofasico
7896512912831;12.00;real
7896512913708;12.00;monofasico
7896512914224;12.00;monofasico
7896512914231;12.00;monofasico
7896512914248;12.00;monofasico
7896512914255;12.00;monofasico
7896512914262;12.00;monofasico
7896512914415;12.00;monofasico
7896512914507;12.00;monofasico
7896512914798;12.00;monofasico
7896512914804;12.00;monofasico
7896512914828;12.00;monofasico
7896512914835;12.00;monofasico
7896512914859;12.00;monofasico
7896512915245;12.00;monofasico
7896512918536;12.00;monofasico
7896512919878;12.00;monofasico
7896512920355;12.00;monofasico
7896512920485;12.00;real
7896512920546;12.00;real
7896512920683;12.00;monofasico
7896512921369;12.00;monofasico
7896512921710;12.00;monofasico
7896512921741;12.00;monofasico
7896512921789;12.00;monofasico
7896512922373;12.00;real
7896512922410;12.00;monofasico
7896512922427;12.00;monofasico
7896512922434;12.00;monofasico
7896512922441;12.00;monofasico
7896512922458;12.00;real
7896512922465;12.00;real
7896512922472;12.00;real
7896512922502;12.00;monofasico
7896512922878;12.00;monofasico
7896512922885;12.00;monofasico
7896512922892;12.00;monofasico
7896512923318;12.00;monofasico
7896512924117;12.00;monofasico
7896512924124;12.00;monofasico
7896512924803;12.00;monofasico
7896512924827;12.00;monofasico
7896512924872;12.00;monofasico
7896512924889;12.00;monofasico
7896512926302;12.00;monofasico
7896512926470;12.00;monofasico
7896512927149;12.00;monofasico
7896512927231;12.00;monofasico
7896512927590;12.00;monofasico
7896512927606;12.00;monofasico
7896512928016;12.00;monofasico
7896512928115;12.00;monofasico
7896512928122;12.00;monofasico
7896512929075;12.00;monofasico
7896512929426;12.00;monofasico
7896512929914;12.00;real
7896512929921;12.00;monofasico
7896512929938;12.00;monofasico
7896512929945;12.00;monofasico
7896512929952;12.00;monofasico
7896512929969;12.00;real
7896512929976;12.00;monofasico
7896512930019;12.00;monofasico
7896512930286;12.00;monofasico
7896512930293;12.00;monofasico
7896512930323;12.00;monofasico
7896512931849;12.00;monofasico
7896512932112;12.00;monofasico
7896512932129;12.00;monofasico
7896512932136;12.00;real
7896512932693;12.00;monofasico
7896512933089;12.00;monofasico
7896512933096;12.00;monofasico
7896512933102;12.00;monofasico
7896512933799;12.00;monofasico
7896512934529;0.00;monofasico
7896512934536;12.00;monofasico
7896512935359;12.00;monofasico
7896512935526;12.00;real
7896512935540;12.00;monofasico
7896512935557;12.00;monofasico
7896512936028;12.00;real
7896512936141;12.00;monofasico
7896512936622;12.00;monofasico
7896512936691;12.00;monofasico
7896512937834;12.00;monofasico
7896512937919;12.00;real
7896512937926;12.00;real
7896512937957;12.00;real
7896512937988;12.00;real
7896512938053;12.00;monofasico
7896512939364;12.00;monofasico
7896512939555;12.00;monofasico
7896512939579;12.00;real
7896512939593;12.00;real
7896512939609;12.00;real
7896512939678;12.00;real
7896512939920;12.00;monofasico
7896512939937;12.00;monofasico
7896512939944;12.00;monofasico
7896512939951;12.00;monofasico
7896512940209;12.00;monofasico
7896512940216;12.00;real
7896512940223;12.00;monofasico
7896512940230;12.00;monofasico
7896512940247;12.00;real
7896512940254;12.00;real
7896512941923;12.00;real
7896512941930;12.00;real
7896512941947;12.00;monofasico
7896512941985;12.00;monofasico
7896512942005;12.00;monofasico
7896512943156;12.00;monofasico
7896512943750;12.00;real
7896512944221;12.00;real
7896512944429;12.00;monofasico
7896512944436;12.00;monofasico
7896512944443;12.00;monofasico
7896512944450;12.00;monofasico
7896512945129;12.00;monofasico
7896512945136;12.00;monofasico
7896512945976;12.00;monofasico
7896512945983;12.00;monofasico
7896512945990;12.00;monofasico
7896512946003;12.00;monofasico
7896512947086;0.00;monofasico
7896512947260;12.00;monofasico
7896512947345;12.00;monofasico
7896512947352;12.00;monofasico
7896512947376;12.00;real
7896512949158;0.00;presumido
7896512949417;12.00;real
7896512949622;12.00;monofasico
7896512949639;12.00;monofasico
7896512949646;12.00;monofasico
7896512949653;12.00;monofasico
7896512949660;12.00;monofasico
7896512949677;12.00;monofasico
7896512949684;12.00;monofasico
7896512949691;12.00;monofasico
7896512949738;12.00;monofasico
7896512949745;12.00;monofasico
7896512949868;12.00;real
7896512949899;12.00;real
7896512949905;12.00;monofasico
7896512950062;12.00;monofasico
7896512950093;12.00;monofasico
7896512950116;12.00;monofasico
7896512950314;12.00;real
7896512950529;12.00;monofasico
7896512954060;12.00;monofasico
7896512954077;12.00;monofasico
7896512954169;12.00;real
7896512954916;12.00;monofasico
7896512955265;12.00;real
7896512956347;12.00;monofasico
7896512959829;12.00;monofasico
7896512959836;12.00;real
7896512959843;12.00;real
7896512959850;12.00;monofasico
7896512959867;0.00;monofasico
7896512959874;12.00;monofasico
7896512959881;12.00;monofasico
7896512959898;12.00;monofasico
7896512959904;12.00;monofasico
7896512960382;12.00;real
7896512963338;12.00;monofasico
7896512963598;12.00;real
7896512968739;12.00;monofasico
7896512970237;12.00;monofasico
7896512973764;12.00;monofasico
7896512973771;12.00;monofasico
7896512973788;12.00;monofasico
7896512973795;12.00;monofasico
7896512974433;12.00;monofasico
7896512976550;12.00;monofasico
7896512976567;12.00;monofasico
7896512976574;12.00;monofasico
7896512976581;12.00;monofasico
7896512980359;12.00;real
7896512983077;0.00;presumido
7896512983275;12.00;monofasico
7896512983305;12.00;real
7896512984500;12.00;monofasico
7896512984944;25.00;monofasico
7896512985514;12.00;real
7896512985774;0.00;monofasico
7896512985781;12.00;real
7896512988232;0.00;monofasico
7896512988256;12.00;monofasico
7896512988423;12.00;monofasico
7896512989819;12.00;monofasico
7896512989918;12.00;monofasico
7896512992253;12.00;monofasico
7896512992369;0.00;monofasico
7896512992376;12.00;monofasico
7896512992383;0.00;presumido
7896512992567;12.00;monofasico
7896512992581;12.00;monofasico
7896523200026;0.00;presumido
7896523201498;18.00;real
7896523201948;18.00;monofasico
7896523202129;18.00;real
7896523206790;18.00;real
7896523207834;18.00;real
7896523210582;18.00;monofasico
7896523214306;18.00;real
7896523221724;18.00;real
7896523228136;18.00;monofasico
7896523228303;0.00;monofasico
7896523228327;7.00;real
7896523228365;18.00;monofasico
7896523228440;18.00;monofasico
7896524700372;0.00;real
7896524700808;0.00;real
7896524700907;0.00;real
7896524700914;0.00;real
7896524726457;0.00;real
7896524726518;0.00;real
7896534402907;18.00;monofasico
7896544700017;0.00;monofasico
7896544700024;18.00;real
7896544700048;18.00;real
7896544700109;18.00;real
7896544700536;25.00;monofasico
7896544700543;25.00;monofasico
7896544700550;25.00;monofasico
7896544700574;25.00;monofasico
7896544700581;25.00;monofasico
7896544700598;25.00;monofasico
7896544700604;25.00;monofasico
7896544700611;25.00;monofasico
7896544700628;25.00;monofasico
7896544700635;25.00;monofasico
7896544700642;25.00;monofasico
7896544701427;25.00;monofasico
7896545160001;0.00;monofasico
7896562852415;0.00;real
7896575099470;18.00;real
7896578910307;18.00;real
7896583200523;0.00;monofasico
7896586812259;0.00;real
7896595570331;25.00;monofasico
7896595572403;25.00;monofasico
7896595572687;25.00;monofasico
7896595572908;0.00;monofasico
7896595572915;25.00;monofasico
7896595572922;0.00;monofasico
7896595572939;0.00;monofasico
7896595572946;25.00;monofasico
7896595572953;0.00;monofasico
7896595573820;25.00;monofasico
7896603899959;18.00;real
7896605200036;18.00;monofasico
7896605201088;18.00;monofasico
7896605202047;0.00;presumido
7896605204324;0.00;presumido
7896605205444;25.00;monofasico
7896605205833;3.51;monofasico
7896605205840;0.00;monofasico
7896605207202;3.51;monofasico
7896605209152;25.00;monofasico
7896608801087;0.00;monofasico
7896609516232;12.00;monofasico
7896609531181;0.00;monofasico
7896609531204;0.00;monofasico
7896609531228;0.00;monofasico
7896609542835;12.00;monofasico
7896609542842;12.00;monofasico
7896609544044;12.00;monofasico
7896609544051;12.00;monofasico
7896609544068;0.00;monofasico
7896609544075;12.00;monofasico
7896609545317;12.00;monofasico
7896609545980;25.00;monofasico
7896609546000;12.00;monofasico
7896609546017;0.00;monofasico
7896609546024;25.00;monofasico
7896609546062;0.00;monofasico
7896609546352;4.00;monofasico
7896609546369;4.00;monofasico
7896609546536;0.00;monofasico
7896609546550;12.00;monofasico
7896609546567;0.00;monofasico
7896609546574;12.00;monofasico
7896609546581;12.00;monofasico
7896609546604;25.00;monofasico
7896609546611;12.00;monofasico
7896609546628;12.00;monofasico
7896609546635;12.00;monofasico
7896609546642;12.00;monofasico
7896609546659;25.00;monofasico
7896609546666;12.00;monofasico
7896609546673;12.00;monofasico
7896609546680;12.00;monofasico
7896609546710;12.00;monofasico
7896609546727;12.00;monofasico
7896609546734;25.00;monofasico
7896609546741;25.00;monofasico
7896609546758;25.00;monofasico
7896609546765;25.00;monofasico
7896609546772;12.00;monofasico
7896609546789;12.00;monofasico
7896609546796;12.00;monofasico
7896609546802;12.00;monofasico
7896609546819;12.00;monofasico
7896609546833;12.00;monofasico
7896609546840;0.00;monofasico
7896609546857;0.00;monofasico
7896609546888;12.00;monofasico
7896609546895;12.00;monofasico
7896609546901;12.00;monofasico
7896609546918;0.00;monofasico
7896609546925;0.00;monofasico
7896609546932;0.00;monofasico
7896609547328;4.00;monofasico
7896609547335;4.00;monofasico
7896609547342;25.00;monofasico
7896609547359;0.00;monofasico
7896609547373;0.00;monofasico
7896609547380;4.00;monofasico
7896609547403;4.00;monofasico
7896609547410;4.00;monofasico
7896609547427;0.00;monofasico
7896609547465;4.00;monofasico
7896609547496;0.00;monofasico
7896609547519;12.00;monofasico
7896609547526;12.00;monofasico
7896609547533;12.00;monofasico
7896609547540;12.00;monofasico
7896609547557;25.00;monofasico
7896609547564;12.00;monofasico
7896609547571;12.00;monofasico
7896609547588;12.00;monofasico
7896609547595;12.00;monofasico
7896609547601;12.00;monofasico
7896609547618;12.00;monofasico
7896609547625;0.00;monofasico
7896609547663;12.00;monofasico
7896609547670;12.00;monofasico
7896609547687;12.00;monofasico
7896609547694;12.00;monofasico
7896609547717;12.00;monofasico
7896609547724;12.00;monofasico
7896609547731;12.00;monofasico
7896609547748;12.00;monofasico
7896609547755;12.00;monofasico
7896609547762;12.00;monofasico
7896609547779;0.00;monofasico
7896609548400;25.00;monofasico
7896609548417;12.00;monofasico
7896609548424;12.00;monofasico
7896609548431;25.00;monofasico
7896609548448;12.00;monofasico
7896609548455;12.00;monofasico
7896609548462;12.00;monofasico
7896609548479;0.00;monofasico
7896609548592;0.00;monofasico
7896609548608;0.00;monofasico
7896609548646;0.00;monofasico
7896609548752;12.00;monofasico
7896609548844;4.00;monofasico
7896609548851;4.00;monofasico
7896609548868;25.00;real
7896609548875;4.00;monofasico
7896609548905;0.00;monofasico
7896609548912;4.00;monofasico
7896609548929;4.00;monofasico
7896609548943;4.00;monofasico
7896609548950;4.00;monofasico
7896609549025;12.00;monofasico
7896609549032;18.00;monofasico
7896609549049;12.00;monofasico
7896609549179;12.00;monofasico
7896609549186;12.00;monofasico
7896609549704;12.00;monofasico
7896609549759;12.00;monofasico
7896609549766;12.00;monofasico
7896609549773;12.00;monofasico
7896609549780;12.00;monofasico
7896609549797;12.00;monofasico
7896609549841;12.00;monofasico
7896609549858;12.00;monofasico
7896609549865;12.00;monofasico
7896609549872;12.00;monofasico
7896609549889;12.00;monofasico
7896609549896;12.00;monofasico
7896609549933;25.00;monofasico
7896609549940;0.00;monofasico
7896609549957;0.00;monofasico
7896609549964;12.00;monofasico
7896609549971;12.00;monofasico
7896609549988;12.00;monofasico
7896609550137;25.00;monofasico
7896609550144;12.00;monofasico
7896609550151;12.00;monofasico
7896609550168;12.00;monofasico
7896609550175;12.00;monofasico
7896609550182;0.00;monofasico
7896609550229;12.00;monofasico
7896609550236;12.00;monofasico
7896609550250;12.00;monofasico
7896609550267;12.00;monofasico
7896609550274;12.00;monofasico
7896609550281;12.00;monofasico
7896609550298;12.00;monofasico
7896609550304;12.00;monofasico
7896609550311;12.00;monofasico
7896609550328;12.00;monofasico
7896609550335;12.00;monofasico
7896609550342;12.00;monofasico
7896609550359;12.00;monofasico
7896609550366;12.00;monofasico
7896609550373;12.00;monofasico
7896609550380;12.00;monofasico
7896609550397;12.00;monofasico
7896609550403;12.00;monofasico
7896609550410;12.00;monofasico
7896609550427;12.00;monofasico
7896609550434;12.00;monofasico
7896609550441;12.00;monofasico
7896609550458;12.00;monofasico
7896609550465;12.00;monofasico
7896609550472;12.00;monofasico
7896609550489;12.00;monofasico
7896609550496;12.00;monofasico
7896609550502;12.00;monofasico
7896609550519;12.00;monofasico
7896609550526;0.00;monofasico
7896609550533;25.00;monofasico
7896609550540;12.00;monofasico
7896609550557;4.00;monofasico
7896609550564;4.00;monofasico
7896609550571;4.00;monofasico
7896609550588;4.00;monofasico
7896609550595;4.00;monofasico
7896609550601;4.00;monofasico
7896609550618;4.00;monofasico
7896609550625;4.00;monofasico
7896609550632;4.00;monofasico
7896609550649;4.00;monofasico
7896609550656;4.00;monofasico
7896609550663;4.00;monofasico
7896609550670;4.00;monofasico
7896609550687;25.00;monofasico
7896609550694;4.00;monofasico
7896609550700;4.00;monofasico
7896609550731;0.00;monofasico
7896609550755;0.00;monofasico
7896609550762;0.00;monofasico
7896609550779;0.00;monofasico
7896609550809;0.00;monofasico
7896609550861;25.00;monofasico
7896609550878;25.00;monofasico
7896609550885;12.00;monofasico
7896609550892;12.00;monofasico
7896609550908;12.00;monofasico
7896609550915;12.00;monofasico
7896609550922;12.00;monofasico
7896609550939;12.00;monofasico
7896609550946;12.00;monofasico
7896609550953;12.00;monofasico
7896609550960;12.00;monofasico
7896609550977;12.00;monofasico
7896609550984;12.00;monofasico
7896609550991;0.00;monofasico
7896609551011;4.00;monofasico
7896609551028;25.00;monofasico
7896609551035;4.00;monofasico
7896609551042;4.00;monofasico
7896609551059;4.00;monofasico
7896609551066;4.00;monofasico
7896609551073;12.00;monofasico
7896609551271;12.00;monofasico
7896609551288;12.00;monofasico
7896609551295;12.00;monofasico
7896609551301;12.00;monofasico
7896609551363;12.00;monofasico
7896609551370;12.00;monofasico
7896609551387;12.00;monofasico
7896609551394;12.00;monofasico
7896609551462;0.00;monofasico
7896609551561;12.00;monofasico
7896609551578;0.00;monofasico
7896609551820;12.00;monofasico
7896609551837;25.00;monofasico
7896609551844;12.00;monofasico
7896609551851;12.00;monofasico
7896609551868;12.00;monofasico
7896609551875;12.00;monofasico
7896609551882;12.00;monofasico
7896609551950;12.00;monofasico
7896609551967;12.00;monofasico
7896609551974;4.00;monofasico
7896609551981;4.00;monofasico
7896609551998;4.00;monofasico
7896609552070;4.00;monofasico
7896609552087;4.00;monofasico
7896609552094;4.00;monofasico
7896609552100;4.00;monofasico
7896609552117;4.00;monofasico
7896609552124;4.00;monofasico
7896637638333;18.00;real
7896637691789;18.00;real
7896637691796;0.00;real
7896644735445;18.00;real
7896671600464;25.00;monofasico
7896671600495;18.00;real
7896671600730;18.00;real
7896671600853;18.00;real
7896671600860;25.00;real
7896671600877;25.00;real
7896671600938;0.00;monofasico
7896671601010;18.00;presumido
7896671601072;18.00;real
7896671601188;18.00;real
7896671601195;18.00;real
7896671601201;0.00;monofasico
7896671601218;18.00;monofasico
7896671601263;18.00;monofasico
7896671601270;25.00;monofasico
7896671601324;18.00;monofasico
7896671601331;25.00;real
7896671601379;25.00;monofasico
7896671601478;25.00;monofasico
7896671601492;25.00;monofasico
7896671601515;18.00;monofasico
7896671604004;18.00;monofasico
7896671610029;25.00;real
7896671620028;18.00;real
7896671620035;18.00;monofasico
7896671620066;18.00;monofasico
7896671620127;18.00;monofasico
7896671630027;25.00;real
7896671630034;25.00;real
7896671630058;25.00;real
7896671630096;25.00;real
7896671650018;25.00;monofasico
7896671690373;25.00;real
7896671692056;25.00;monofasico
7896671692070;18.00;real
7896671692094;25.00;monofasico
7896671692124;18.00;monofasico
7896671692131;18.00;real
7896671692155;0.00;monofasico
7896671692179;0.00;monofasico
7896671692391;25.00;monofasico
7896671692827;18.00;real
7896671692834;25.00;real
7896671692865;25.00;monofasico
7896671692896;18.00;real
7896671692902;18.00;monofasico
7896671692919;18.00;real
7896671693091;18.00;real
7896671693107;25.00;real
7896671693220;18.00;monofasico
7896671693350;25.00;monofasico
7896671693824;18.00;real
7896671693862;0.00;monofasico
7896671693879;25.00;real
7896671693886;25.00;real
7896671693893;25.00;real
7896671693909;25.00;monofasico
7896671693916;25.00;monofasico
7896671693923;18.00;real
7896671693930;18.00;real
7896671693947;18.00;real
7896671693954;0.00;monofasico
7896671693978;25.00;monofasico
7896671694067;25.00;monofasico
7896671694098;18.00;monofasico
7896671694142;25.00;monofasico
7896671694159;18.00;real
7896671694173;25.00;real
7896671694180;0.00;monofasico
7896673107046;4.00;real
7896673149206;0.00;monofasico
7896673193193;0.00;monofasico
7896673193209;0.00;monofasico
7896673193247;0.00;monofasico
7896673193254;18.00;presumido
7896673193285;4.00;real
7896673193308;4.00;real
7896673193322;4.00;real
7896673193339;4.00;real
7896673193407;4.00;real
7896673193469;0.00;monofasico
7896673195029;18.00;real
7896673195081;18.00;real
7896673195135;18.00;real
7896673195166;18.00;real
7896673195173;18.00;real
7896673197887;4.00;real
7896675900799;0.00;monofasico
7896675900959;0.00;monofasico
7896675903134;0.00;monofasico
7896675907644;0.00;monofasico
7896679220121;0.00;monofasico
7896679220138;18.00;real
7896679220244;0.00;presumido
7896679220282;0.00;presumido
7896679220817;25.00;monofasico
7896679220831;0.00;monofasico
7896679220893;0.00;presumido
7896679221074;18.00;presumido
7896679221111;18.00;presumido
7896679221746;25.00;monofasico
7896679224402;25.00;monofasico
7896679224419;25.00;monofasico
7896679224433;0.00;monofasico
7896679224631;0.00;monofasico
7896679226321;25.00;monofasico
7896679226758;25.00;monofasico
7896679226772;25.00;monofasico
7896679226833;0.00;monofasico
7896679226857;25.00;monofasico
7896679226871;25.00;monofasico
7896679226888;25.00;monofasico
7896679233121;25.00;monofasico
7896679233145;25.00;monofasico
7896679233442;18.00;monofasico
7896679233466;0.00;monofasico
7896679233473;18.00;monofasico
7896679233572;0.00;monofasico
7896714275413;18.00;monofasico
7896714275420;18.00;monofasico
7896714275437;18.00;monofasico
7896714275444;18.00;monofasico
7896714275451;18.00;monofasico
7896714275468;18.00;monofasico
7896714292885;18.00;monofasico
7896714292915;18.00;monofasico
7896714292922;18.00;monofasico
7896714292939;0.00;monofasico
7896714292946;18.00;monofasico
7896770908850;0.00;real
7896770908867;18.00;real
7896770909369;18.00;real
7896770980498;18.00;real
7896770983574;18.00;real
7896771056574;18.00;real
7896779600441;12.00;real
7896779602827;12.00;real
7896779602841;12.00;real
7896779604357;0.00;presumido
7896779604364;0.00;presumido
7896779606276;0.00;presumido
7896779611645;12.00;real
7896779611676;12.00;real
7896779612024;12.00;real
7896779612635;12.00;real
7896779612949;12.00;real
7896779613182;12.00;real
7896779613717;0.00;presumido
7896779614721;12.00;real
7896779614738;12.00;real
7896779617111;12.00;real
7896779619320;12.00;real
7896779619511;12.00;real
7896779619535;12.00;real
7896779620210;12.00;real
7896779620227;0.00;presumido
7896779621828;12.00;real
7896779621941;12.00;real
7896779636716;0.00;presumido
7896779642120;12.00;real
7896779648160;12.00;real
7896779654819;12.00;real
7896779654826;12.00;real
7896779656035;12.00;real
7896779657032;12.00;real
7896779657049;12.00;real
7896779668120;0.00;presumido
7896779675012;12.00;real
7896779675111;12.00;real
7896779675210;12.00;real
7896779693153;12.00;real
7896798603652;0.00;monofasico
7896798603683;0.00;monofasico
7896798603713;18.00;real
7896798603737;18.00;real
7896798603751;18.00;real
7896798603799;18.00;real
7896806700014;18.00;monofasico
7896806700021;18.00;monofasico
7896806700038;18.00;monofasico
7896806700045;18.00;monofasico
7896806700076;25.00;monofasico
7896830000029;0.00;monofasico
7896830000036;0.00;monofasico
7896830000180;0.00;monofasico
7896830000197;0.00;monofasico
7896830000210;0.00;monofasico
7896830000227;0.00;monofasico
7896830000241;0.00;monofasico
7896830000258;0.00;monofasico
7896830000302;25.00;real
7896830000487;25.00;monofasico
7896830000562;18.00;monofasico
7896830000586;18.00;monofasico
7896830000661;0.00;monofasico
7896830000739;25.00;monofasico
7896830000753;18.00;monofasico
7896830011001;0.00;monofasico
7896830070022;25.00;monofasico
7896852610114;12.00;monofasico
7896852610428;0.00;monofasico
7896852610756;25.00;monofasico
7896852610770;25.00;monofasico
7896852611012;25.00;monofasico
7896852611036;0.00;monofasico
7896852611050;25.00;monofasico
7896852611524;25.00;monofasico
7896852611548;25.00;monofasico
7896852611555;25.00;monofasico
7896852611890;25.00;monofasico
7896852611906;25.00;monofasico
7896852611913;25.00;monofasico
7896852611920;25.00;monofasico
7896852611937;25.00;monofasico
7896852611944;25.00;monofasico
7896852611951;25.00;monofasico
7896852611968;25.00;monofasico
7896852611975;25.00;monofasico
7896852611982;25.00;monofasico
7896852611999;25.00;monofasico
7896852612002;25.00;monofasico
7896852612040;0.00;monofasico
7896852612064;25.00;monofasico
7896852612095;0.00;monofasico
7896852612156;25.00;monofasico
7896852612163;25.00;monofasico
7896852612187;25.00;monofasico
7896852612194;25.00;monofasico
7896852612583;25.00;monofasico
7896852612941;25.00;monofasico
7896852613016;25.00;monofasico
7896852613047;25.00;monofasico
7896852613580;0.00;monofasico
7896852613894;25.00;monofasico
7896852613917;0.00;monofasico
7896852615171;25.00;monofasico
7896852615188;25.00;monofasico
7896852615195;25.00;monofasico
7896852615201;0.00;monofasico
7896852615218;25.00;monofasico
7896852615225;25.00;monofasico
7896852615232;25.00;monofasico
7896852615256;25.00;monofasico
7896852615263;25.00;monofasico
7896852615270;25.00;monofasico
7896852615294;25.00;monofasico
7896852615300;25.00;monofasico
7896852615324;25.00;monofasico
7896852615331;25.00;monofasico
7896852615348;25.00;monofasico
7896852615355;25.00;monofasico
7896852615621;25.00;monofasico
7896852615638;25.00;monofasico
7896852615645;25.00;monofasico
7896852615652;25.00;monofasico
7896852615669;25.00;monofasico
7896852615676;25.00;monofasico
7896852615683;25.00;monofasico
7896852615690;25.00;monofasico
7896852615720;25.00;monofasico
7896852615744;25.00;monofasico
7896852615751;25.00;monofasico
7896852615768;25.00;monofasico
7896852615775;25.00;monofasico
7896852615782;25.00;monofasico
7896852615867;25.00;monofasico
7896852615874;25.00;monofasico
7896852615881;25.00;monofasico
7896852615973;18.00;monofasico
7896852615980;25.00;monofasico
7896852615997;25.00;monofasico
7896852616000;25.00;monofasico
7896852616062;18.00;monofasico
7896852616079;25.00;monofasico
7896852616086;25.00;monofasico
7896852616185;18.00;monofasico
7896852616192;25.00;monofasico
7896852616208;25.00;monofasico
7896852616215;25.00;monofasico
7896852616437;25.00;monofasico
7896852616567;25.00;monofasico
7896852616574;25.00;monofasico
7896852616604;25.00;monofasico
7896852616697;25.00;monofasico
7896852616710;25.00;monofasico
7896852616727;25.00;monofasico
7896852616956;18.00;monofasico
7896852616963;25.00;monofasico
7896852616970;25.00;monofasico
7896852617007;25.00;monofasico
7896852617267;0.00;monofasico
7896852617274;25.00;monofasico
7896852617298;25.00;monofasico
7896852617557;18.00;monofasico
7896852617564;25.00;monofasico
7896852617571;25.00;monofasico
7896852617960;18.00;monofasico
7896852617977;25.00;monofasico
7896852617984;25.00;monofasico
7896852617991;25.00;monofasico
7896852618004;25.00;monofasico
7896852618011;25.00;monofasico
7896852618035;18.00;monofasico
7896852618042;25.00;monofasico
7896852618059;25.00;monofasico
7896852618066;25.00;monofasico
7896852618073;25.00;monofasico
7896852618080;25.00;monofasico
7896852618097;25.00;monofasico
7896852618103;25.00;monofasico
7896852618110;25.00;monofasico
7896852618332;25.00;monofasico
7896852618356;25.00;monofasico
7896852618721;25.00;monofasico
7896852618752;25.00;monofasico
7896852618769;0.00;monofasico
7896852618776;25.00;monofasico
7896852618783;25.00;monofasico
7896852618790;12.00;monofasico
7896852619438;25.00;monofasico
7896852619490;25.00;monofasico
7896852621585;25.00;monofasico
7896852621592;25.00;monofasico
7896852621615;25.00;monofasico
7896852621622;25.00;monofasico
7896852622179;12.00;monofasico
7896852622193;12.00;monofasico
7896852622285;0.00;monofasico
7896852622308;25.00;monofasico
7896852622322;25.00;monofasico
7896852623381;12.00;monofasico
7896852623435;12.00;monofasico
7896852623459;12.00;monofasico
7896852623473;12.00;monofasico
7896852625132;0.00;monofasico
7896852625149;0.00;monofasico
7896852625156;0.00;monofasico
7896852625163;25.00;monofasico
7896852625170;18.00;monofasico
7896852625187;18.00;monofasico
7896852625194;0.00;monofasico
7896852625279;0.00;monofasico
7896852625286;0.00;monofasico
7896852625293;0.00;monofasico
7896852625330;25.00;monofasico
7896852625378;25.00;monofasico
7896852625385;12.00;monofasico
7896852626788;12.00;monofasico
7896852627204;12.00;monofasico
7896852627211;12.00;monofasico
7896852627280;25.00;monofasico
7896852627297;18.00;presumido
7896852627310;25.00;monofasico
7896852627327;25.00;monofasico
7896852627334;25.00;monofasico
7896852627341;25.00;monofasico
7896852627372;12.00;monofasico
7896852627433;25.00;monofasico
7896852627440;25.00;monofasico
7896852627891;18.00;monofasico
7896852627907;25.00;monofasico
7896852627914;25.00;monofasico
7896852627921;25.00;monofasico
7896852627938;25.00;monofasico
7896852627945;0.00;monofasico
7896852627952;25.00;monofasico
7896852627976;0.00;monofasico
7896852627983;25.00;monofasico
7896852627990;25.00;monofasico
7896852628003;0.00;monofasico
7896852628010;25.00;monofasico
7896852628102;0.00;monofasico
7896852628430;25.00;monofasico
7896852628638;0.00;monofasico
7896852628676;18.00;monofasico
7896852628690;25.00;monofasico
7896852628706;25.00;monofasico
7896852628737;12.00;monofasico
7896852628744;12.00;monofasico
7896852628751;25.00;monofasico
7896852628782;12.00;monofasico
7896852628799;25.00;monofasico
7896852628805;25.00;monofasico
7896852628812;25.00;monofasico
7896852628843;25.00;monofasico
7896852628867;25.00;monofasico
7896852628997;18.00;monofasico
7896852629000;25.00;monofasico
7896852629017;25.00;monofasico
7896852629024;25.00;monofasico
7896852629031;0.00;monofasico
7896852629086;25.00;monofasico
7896852630402;25.00;real
7896852630549;12.00;monofasico
7896852630556;12.00;monofasico
7896852630563;18.00;monofasico
7896852630600;25.00;monofasico
7896852630686;12.00;monofasico
7896852631317;25.00;monofasico
7896852631331;25.00;monofasico
7896852631393;12.00;monofasico
7896852631409;25.00;monofasico
7896852631416;25.00;monofasico
7896852631423;18.00;monofasico
7896852631430;25.00;monofasico
7896852631447;25.00;monofasico
7896852631454;25.00;monofasico
7896858615885;25.00;monofasico
7896858615892;25.00;monofasico
7896858615908;25.00;monofasico
7896858615915;25.00;monofasico
7896858615922;25.00;monofasico
7896858616486;0.00;monofasico
7896858617049;25.00;monofasico
7896858617261;25.00;monofasico
7896858617278;25.00;monofasico
7896858620025;25.00;monofasico
7896858620032;25.00;monofasico
7896858620049;25.00;monofasico
7896858620056;25.00;monofasico
7896858620070;25.00;monofasico
7896858620087;25.00;monofasico
7896858620124;25.00;monofasico
7896858620230;25.00;monofasico
7896858620391;25.00;monofasico
7896858620407;25.00;monofasico
7896858620605;25.00;monofasico
7896858622098;18.00;monofasico
7896858622104;18.00;monofasico
7896858622135;25.00;monofasico
7896858622142;25.00;monofasico
7896858622364;25.00;monofasico
7896858622371;25.00;monofasico
7896858622722;25.00;monofasico
7896858622838;25.00;monofasico
7896858624290;25.00;monofasico
7896858624306;25.00;monofasico
7896858624313;25.00;monofasico
7896858624627;25.00;monofasico
7896858624702;25.00;monofasico
7896858624719;25.00;monofasico
7896858624726;25.00;monofasico
7896858625198;25.00;monofasico
7896858625204;25.00;monofasico
7896858626799;25.00;monofasico
7896858626805;25.00;monofasico
7896858633315;25.00;monofasico
7896858633339;25.00;monofasico
7896858633346;25.00;monofasico
7896858633353;25.00;monofasico
7896858633414;25.00;monofasico
7896858633445;25.00;monofasico
7896858633452;25.00;monofasico
7896858633469;25.00;monofasico
7896858633476;25.00;monofasico
7896858633483;25.00;monofasico
7896858633506;25.00;monofasico
7896858633568;25.00;monofasico
7896858633575;25.00;monofasico
7896858633704;18.00;monofasico
7896858633728;18.00;monofasico
7896858633841;25.00;monofasico
7896858633858;25.00;monofasico
7896858633933;25.00;monofasico
7896858633940;25.00;monofasico
7896858633964;25.00;monofasico
7896858633971;25.00;monofasico
7896858633995;25.00;monofasico
7896858634008;25.00;monofasico
7896858634114;25.00;monofasico
7896858634411;25.00;monofasico
7896858634435;25.00;monofasico
7896858634480;25.00;monofasico
7896858634497;25.00;monofasico
7896858635005;25.00;monofasico
7896858635029;0.00;monofasico
7896868601243;25.00;monofasico
7896868601298;25.00;monofasico
7896868601311;25.00;monofasico
7896868601717;0.00;presumido
7896868601724;0.00;presumido
7896868602721;25.00;monofasico
7896868603278;25.00;monofasico
7896868603353;18.00;presumido
7896868603360;18.00;presumido
7896868603377;18.00;presumido
7896868603384;18.00;presumido
7896868603407;25.00;monofasico
7896868603414;25.00;monofasico
7896868603421;25.00;monofasico
7896868603438;25.00;monofasico
7896868603445;25.00;monofasico
7896868603452;25.00;monofasico
7896868603469;25.00;monofasico
7896868603476;25.00;monofasico
7896868603483;25.00;monofasico
7896868603506;25.00;monofasico
7896868603513;25.00;monofasico
7896868603520;25.00;monofasico
7896868603544;25.00;monofasico
7896868603551;25.00;monofasico
7896868603568;25.00;monofasico
7896868603582;25.00;monofasico
7896868603599;25.00;monofasico
7896868603605;25.00;monofasico
7896868603612;25.00;monofasico
7896868603643;25.00;monofasico
7896868603667;25.00;monofasico
7896868603674;25.00;monofasico
7896868603681;25.00;monofasico
7896868603872;25.00;monofasico
7896868603889;25.00;monofasico
7896868603896;25.00;monofasico
7896868603919;25.00;monofasico
7896868603926;25.00;monofasico
7896868603957;25.00;monofasico
7896868604008;18.00;monofasico
7896868604015;18.00;monofasico
7896868604022;25.00;monofasico
7896868604039;25.00;monofasico
7896868604046;25.00;monofasico
7896868604053;18.00;monofasico
7896868604091;18.00;monofasico
7896868604107;25.00;monofasico
7896868604114;25.00;monofasico
7896868604121;25.00;monofasico
7896868604176;18.00;monofasico
7896868604183;25.00;monofasico
7896868604190;25.00;monofasico
7896868604206;25.00;monofasico
7896868604213;18.00;monofasico
7896868604220;25.00;monofasico
7896868604244;25.00;monofasico
7896868604299;18.00;monofasico
7896868604305;25.00;monofasico
7896868604312;18.00;monofasico
7896868604329;25.00;monofasico
7896868604459;0.00;monofasico
7896868604466;0.00;monofasico
7896868604534;25.00;monofasico
7896868604541;0.00;monofasico
7896868604558;0.00;monofasico
7896868604565;0.00;monofasico
7896868604572;25.00;monofasico
7896868604596;25.00;monofasico
7896868604695;18.00;monofasico
7896868604701;25.00;monofasico
7896868604718;25.00;monofasico
7896868604725;25.00;monofasico
7896868604732;18.00;monofasico
7896868604749;25.00;monofasico
7896868604756;25.00;monofasico
7896868604763;25.00;monofasico
7896868604770;18.00;monofasico
7896868604787;25.00;monofasico
7896868604794;25.00;monofasico
7896868604800;25.00;monofasico
7896868604930;18.00;monofasico
7896868604947;25.00;monofasico
7896868604954;25.00;monofasico
7896868604961;25.00;monofasico
7896868604992;25.00;monofasico
7896868605074;25.00;monofasico
7896868605098;25.00;monofasico
7896868605180;25.00;monofasico
7896868605197;25.00;monofasico
7896868605203;25.00;monofasico
7896868605210;25.00;monofasico
7896868605227;25.00;monofasico
7896868605234;25.00;monofasico
7896868605241;25.00;monofasico
7896868605258;25.00;monofasico
7896868605265;25.00;monofasico
7896868605272;25.00;monofasico
7896868605289;25.00;monofasico
7896868605296;25.00;monofasico
7896868605302;25.00;monofasico
7896868605319;25.00;monofasico
7896868605326;25.00;monofasico
7896868605333;25.00;monofasico
7896868605371;25.00;monofasico
7896868605388;25.00;monofasico
7896868605395;25.00;monofasico
7896868605401;25.00;monofasico
7896868605418;25.00;monofasico
7896868605487;18.00;monofasico
7896868605562;25.00;monofasico
7896868605616;25.00;monofasico
7896868605623;18.00;monofasico
7896868605630;25.00;monofasico
7896868605647;25.00;monofasico
7896868605654;18.00;monofasico
7896868605661;25.00;monofasico
7896868605678;25.00;monofasico
7896868605685;18.00;monofasico
7896868605708;18.00;monofasico
7896868605715;25.00;monofasico
7896868605722;25.00;monofasico
7896868605739;25.00;monofasico
7896868605746;25.00;monofasico
7896868605760;25.00;monofasico
7896868605821;25.00;monofasico
7896868605845;25.00;monofasico
7896868605852;25.00;monofasico
7896868605869;18.00;monofasico
7896868605876;18.00;monofasico
7896868605883;25.00;monofasico
7896868605890;25.00;monofasico
7896868605906;25.00;monofasico
7896868605913;25.00;monofasico
7896868605937;25.00;monofasico
7896868605944;25.00;monofasico
7896868605968;25.00;monofasico
7896868605975;25.00;monofasico
7896868605982;25.00;monofasico
7896868605999;25.00;monofasico
7896868606002;25.00;monofasico
7896868606019;18.00;monofasico
7896868606026;25.00;monofasico
7896868606033;25.00;monofasico
7896868606040;25.00;monofasico
7896868606057;25.00;monofasico
7896868606064;25.00;monofasico
7896868606071;25.00;monofasico
7896868606088;25.00;monofasico
7896868606095;25.00;monofasico
7896868606101;25.00;monofasico
7896868606118;25.00;monofasico
7896868606125;25.00;monofasico
7896868606132;25.00;monofasico
7896868606149;18.00;monofasico
7896868606156;18.00;monofasico
7896868606163;18.00;monofasico
7896868606170;18.00;monofasico
7896868606187;0.00;monofasico
7896868606194;18.00;monofasico
7896868606200;18.00;monofasico
7896868606217;18.00;monofasico
7896868606224;25.00;monofasico
7896868606231;25.00;monofasico
7896868606248;25.00;monofasico
7896868606255;25.00;monofasico
7896868606262;25.00;monofasico
7896868606279;25.00;monofasico
7896868606286;18.00;monofasico
7896868606293;25.00;monofasico
7896868606309;25.00;monofasico
7896868606583;25.00;monofasico
7896868606590;25.00;monofasico
7896868606606;25.00;monofasico
7896868606750;25.00;monofasico
7896868606767;25.00;monofasico
7896868606774;25.00;monofasico
7896868606859;25.00;monofasico
7896868606866;25.00;monofasico
7896868606873;25.00;monofasico
7896868606941;25.00;monofasico
7896868606958;25.00;monofasico
7896868606989;25.00;monofasico
7896868606996;25.00;monofasico
7896868607009;25.00;monofasico
7896868607016;25.00;monofasico
7896868607023;25.00;monofasico
7896868607030;25.00;monofasico
7896868607047;18.00;monofasico
7896868607054;25.00;monofasico
7896868607061;25.00;monofasico
7896868607078;25.00;monofasico
7896868607085;25.00;monofasico
7896868607092;18.00;monofasico
7896868607108;25.00;monofasico
7896868607115;25.00;monofasico
7896868607122;25.00;monofasico
7896868607139;25.00;monofasico
7896868607146;18.00;monofasico
7896868607153;25.00;monofasico
7896868607160;25.00;monofasico
7896868607177;25.00;monofasico
7896868607184;25.00;monofasico
7896868607191;0.00;monofasico
7896868607207;25.00;monofasico
7896868607214;18.00;monofasico
7896868607221;25.00;monofasico
7896868607238;25.00;monofasico
7896868607245;25.00;monofasico
7896868607252;25.00;monofasico
7896868607351;25.00;monofasico
7896868607382;0.00;monofasico
7896868607399;0.00;monofasico
7896868607405;0.00;monofasico
7896868607412;0.00;monofasico
7896868607429;25.00;monofasico
7896868607436;25.00;monofasico
7896868607443;25.00;monofasico
7896868607450;25.00;monofasico
7896868607580;0.00;monofasico
7896868607597;0.00;monofasico
7896868607603;25.00;monofasico
7896868607610;0.00;monofasico
7896868607627;0.00;monofasico
7896877603078;18.00;real
7896877603085;18.00;real
7896877603092;18.00;real
7896880004343;0.00;real
7896880018364;0.00;real
7896902187917;0.00;real
7896902201682;25.00;monofasico
7896902205246;25.00;monofasico
7896902205758;18.00;monofasico
7896902207042;0.00;monofasico
7896902208223;0.00;monofasico
7896902208308;0.00;monofasico
7896902209114;25.00;monofasico
7896902209121;25.00;real
7896902209176;25.00;monofasico
7896902209749;18.00;monofasico
7896902210905;0.00;presumido
7896902211438;25.00;monofasico
7896902211896;18.00;real
7896902211902;18.00;presumido
7896902212190;0.00;monofasico
7896902212251;18.00;presumido
7896902212497;18.00;presumido
7896902212558;12.00;real
7896902214828;0.00;monofasico
7896902214859;0.00;monofasico
7896902214897;25.00;monofasico
7896902215740;25.00;monofasico
7896902217614;25.00;monofasico
7896902217713;0.00;monofasico
7896902286337;0.00;monofasico
7896902287365;0.00;monofasico
7896914011217;18.00;monofasico
7896914012115;0.00;real
7896916782269;18.00;monofasico
7896916782276;25.00;monofasico
7896916782337;18.00;monofasico
7896916782344;25.00;monofasico
7896950514734;0.00;monofasico
7896976555964;0.00;monofasico
7896980417883;18.00;real
7896980417890;18.00;real
7896980419962;18.00;real
7896980431773;18.00;real
7896980435887;18.00;real
7896980437706;18.00;real
7896980437768;18.00;real
7896980437799;18.00;real
7896980439335;18.00;real
7896980439366;18.00;real
7896980439458;18.00;real
7896980439489;18.00;real
7896980439557;18.00;real
7896980439953;18.00;real
7896980445503;18.00;real
7896980445541;18.00;real
7896980445558;18.00;real
7896980445640;18.00;real
7896980446784;4.00;real
7896980446791;4.00;real
7896980447675;4.00;real
7896980461350;18.00;real
7896980469677;0.00;monofasico
7896980470574;4.00;real
7896980470581;4.00;real
7896980470604;0.00;monofasico
7896980474589;0.00;monofasico
7896980477009;0.00;monofasico
7896980477092;0.00;monofasico
7896980492330;4.00;real
7896990100119;0.00;monofasico
7897011000012;18.00;real
7897011000258;0.00;presumido
7897011000265;18.00;real
7897020634390;0.00;monofasico
7897027202424;0.00;real
7897027207092;18.00;real
7897042004904;25.00;monofasico
7897042004942;0.00;monofasico
7897042004966;0.00;monofasico
7897042005024;25.00;monofasico
7897042005048;25.00;monofasico
7897042005062;25.00;monofasico
7897042006021;0.00;monofasico
7897042007066;0.00;monofasico
7897042007226;25.00;monofasico
7897042007301;18.00;monofasico
7897042007325;18.00;monofasico
7897042008360;18.00;monofasico
7897042008407;25.00;monofasico
7897042008766;18.00;monofasico
7897042008773;18.00;monofasico
7897042008780;18.00;monofasico
7897042008827;25.00;monofasico
7897042009121;25.00;monofasico
7897042009855;18.00;monofasico
7897042009862;18.00;monofasico
7897042010455;18.00;monofasico
7897042010554;18.00;monofasico
7897042010714;25.00;monofasico
7897042010721;0.00;monofasico
7897042010974;25.00;monofasico
7897042012039;18.00;monofasico
7897042012183;25.00;monofasico
7897042012312;25.00;monofasico
7897042012473;25.00;monofasico
7897042012725;25.00;monofasico
7897042012732;25.00;monofasico
7897042012800;25.00;monofasico
7897042013067;25.00;monofasico
7897042013180;25.00;monofasico
7897042013227;25.00;monofasico
7897042013296;18.00;monofasico
7897042013500;18.00;monofasico
7897042013555;25.00;monofasico
7897042013623;18.00;monofasico
7897042013630;25.00;monofasico
7897042013746;12.00;monofasico
7897042013814;0.00;monofasico
7897042013869;18.00;monofasico
7897042013913;25.00;monofasico
7897042015412;25.00;monofasico
7897042015436;25.00;monofasico
7897042015818;18.00;monofasico
7897042015825;25.00;monofasico
7897042015832;18.00;monofasico
7897042015849;18.00;monofasico
7897042015856;18.00;monofasico
7897042015863;25.00;monofasico
7897042015894;25.00;monofasico
7897042015917;18.00;monofasico
7897042015924;25.00;monofasico
7897042015979;25.00;monofasico
7897042016266;0.00;monofasico
7897042016273;25.00;monofasico
7897042016303;0.00;monofasico
7897042016334;0.00;monofasico
7897042016341;25.00;monofasico
7897042016358;25.00;monofasico
7897042016365;0.00;monofasico
7897042016853;25.00;monofasico
7897042016907;25.00;monofasico
7897042016921;0.00;monofasico
7897042016938;18.00;monofasico
7897042016945;18.00;monofasico
7897042017782;25.00;monofasico
7897042017805;25.00;monofasico
7897042017812;25.00;monofasico
7897042017829;25.00;monofasico
7897042017904;0.00;monofasico
7897042017966;0.00;monofasico
7897042017973;12.00;monofasico
7897042018093;25.00;monofasico
7897042018161;25.00;monofasico
7897042018208;0.00;monofasico
7897042018277;25.00;monofasico
7897042019250;18.00;monofasico
7897042019267;18.00;monofasico
7897042019274;25.00;monofasico
7897042019281;25.00;monofasico
7897042019298;25.00;monofasico
7897042019304;25.00;monofasico
7897042019311;25.00;monofasico
7897042019328;25.00;monofasico
7897042019359;12.00;monofasico
7897042019366;18.00;monofasico
7897042020126;0.00;monofasico
7897042020133;18.00;monofasico
7897042020157;25.00;monofasico
7897042020164;0.00;monofasico
7897042020171;25.00;monofasico
7897042020188;25.00;monofasico
7897042020195;18.00;monofasico
7897042020201;18.00;monofasico
7897042020218;25.00;monofasico
7897042020225;18.00;monofasico
7897042020232;0.00;monofasico
7897042020256;25.00;monofasico
7897042020270;25.00;monofasico
7897042020287;0.00;monofasico
7897042020294;0.00;monofasico
7897042020317;18.00;monofasico
7897042020324;0.00;monofasico
7897042020331;18.00;monofasico
7897042020348;18.00;monofasico
7897042020355;25.00;monofasico
7897042020362;18.00;monofasico
7897042020683;25.00;real
7897042020690;25.00;monofasico
7897042020713;12.00;monofasico
7897042020720;18.00;monofasico
7897042020737;0.00;monofasico
7897042020744;0.00;monofasico
7897042020751;25.00;monofasico
7897042020966;0.00;monofasico
7897042020973;18.00;monofasico
7897042020997;0.00;monofasico
7897042021291;25.00;monofasico
7897042021307;25.00;monofasico
7897042021314;25.00;monofasico
7897042021321;25.00;monofasico
7897042021338;25.00;monofasico
7897042021345;25.00;monofasico
7897042021352;25.00;monofasico
7897042021369;25.00;monofasico
7897042021376;25.00;monofasico
7897042021383;25.00;monofasico
7897042021710;18.00;monofasico
7897042021727;18.00;monofasico
7897042021734;18.00;monofasico
7897042023196;12.00;monofasico
7897079093414;18.00;real
7897091224469;18.00;presumido
7897109111507;0.00;monofasico
7897144600899;0.00;monofasico
7897144601858;0.00;monofasico
7897144661296;12.00;monofasico
7897144661302;12.00;monofasico
7897158700196;25.00;monofasico
7897158700219;25.00;monofasico
7897158700226;25.00;monofasico
7897158702138;25.00;monofasico
7897158703005;25.00;monofasico
7897158717699;25.00;monofasico
7897158719129;18.00;monofasico
7897158719136;0.00;monofasico
7897158719150;25.00;monofasico
7897158721511;25.00;monofasico
7897158722242;25.00;monofasico
7897158722266;25.00;monofasico
7897158723003;18.00;monofasico
7897158723348;18.00;monofasico
7897158726509;25.00;monofasico
7897158726585;25.00;monofasico
7897158726592;25.00;real
7897169200395;18.00;real
7897169200500;18.00;real
7897169200616;18.00;real
7897169200630;18.00;real
7897169200647;18.00;real
7897169200654;18.00;real
7897169200661;18.00;real
7897169200685;18.00;real
7897169200746;18.00;real
7897169200821;18.00;real
7897169200852;0.00;presumido
7897169200951;18.00;real
7897169200968;18.00;monofasico
7897169200982;18.00;real
7897169201057;18.00;real
7897169201095;18.00;real
7897169201118;0.00;real
7897169201125;18.00;monofasico
7897169201132;18.00;real
7897169201330;18.00;real
7897169201354;18.00;real
7897169201361;18.00;real
7897169201378;18.00;real
7897169201385;0.00;real
7897169201392;18.00;real
7897169201408;18.00;real
7897169201422;18.00;real
7897169201446;18.00;real
7897169201453;18.00;real
7897169201583;0.00;real
7897169201590;0.00;presumido
7897169201613;0.00;presumido
7897169201644;18.00;real
7897169201705;18.00;real
7897169201743;0.00;presumido
7897169201750;0.00;monofasico
7897169201835;18.00;presumido
7897169201897;18.00;real
7897169201941;18.00;real
7897169201958;18.00;real
7897169201965;18.00;real
7897169201972;18.00;real
7897169201989;18.00;real
7897169201996;18.00;real
7897169202016;0.00;presumido
7897169202146;18.00;real
7897169202153;0.00;presumido
7897169202160;18.00;real
7897169202177;18.00;presumido
7897169202283;0.00;real
7897169202290;18.00;real
7897169202351;18.00;real
7897169202368;18.00;monofasico
7897169202375;18.00;real
7897169202429;18.00;real
7897169202443;18.00;real
7897169202467;18.00;real
7897169202481;18.00;real
7897169202498;0.00;real
7897169202504;18.00;real
7897169202559;18.00;monofasico
7897169202597;18.00;real
7897169202733;18.00;monofasico
7897169202795;18.00;monofasico
7897169202863;18.00;real
7897169202887;0.00;presumido
7897169202894;18.00;real
7897169202924;18.00;real
7897169202931;18.00;real
7897169202948;18.00;real
7897169202979;18.00;real
7897169203112;18.00;monofasico
7897169203129;18.00;real
7897169203143;18.00;real
7897169203341;18.00;real
7897169203426;18.00;monofasico
7897169203457;18.00;monofasico
7897169203464;18.00;real
7897169203648;18.00;real
7897169203679;18.00;presumido
7897169203693;18.00;real
7897169203754;18.00;real
7897169203778;0.00;monofasico
7897169203815;18.00;real
7897169203860;18.00;monofasico
7897169203990;18.00;monofasico
7897169204003;18.00;real
7897169204034;18.00;presumido
7897169204058;18.00;monofasico
7897169204546;18.00;real
7897169204560;18.00;real
7897169204577;18.00;real
7897169204614;0.00;presumido
7897169204683;18.00;real
7897169204713;18.00;presumido
7897169204737;18.00;real
7897169204836;18.00;real
7897169204904;18.00;real
7897169204966;18.00;real
7897169205017;18.00;real
7897169205048;18.00;real
7897169205055;18.00;real
7897169205062;18.00;real
7897169205697;18.00;real
7897169205833;0.00;presumido
7897169205864;18.00;real
7897169205918;18.00;real
7897169205949;0.00;presumido
7897169206014;0.00;monofasico
7897169206168;18.00;monofasico
7897169206250;18.00;real
7897169206557;18.00;real
7897169206571;18.00;real
7897169206649;18.00;real
7897169206656;18.00;real
7897169206731;0.00;presumido
7897169206830;18.00;real
7897169206984;18.00;real
7897169207158;18.00;monofasico
7897169207202;18.00;real
7897169207226;18.00;real
7897169207264;18.00;real
7897169207325;18.00;real
7897169207332;18.00;real
7897169207356;18.00;real
7897169207714;18.00;monofasico
7897169207738;18.00;real
7897169207974;18.00;real
7897169207981;18.00;real
7897169208001;18.00;real
7897169208094;0.00;presumido
7897169208216;0.00;presumido
7897169208261;18.00;real
7897169208384;18.00;presumido
7897169208711;0.00;presumido
7897169208728;0.00;presumido
7897169208902;18.00;real
7897169208957;18.00;real
7897169209367;18.00;presumido
7897169209664;0.00;presumido
7897169209671;18.00;monofasico
7897169209718;0.00;presumido
7897169210134;18.00;real
7897169210158;18.00;presumido
7897169210189;18.00;real
7897169210233;18.00;presumido
7897169210257;18.00;real
7897169210684;0.00;monofasico
7897169210691;18.00;real
7897169210707;18.00;real
7897169210714;18.00;real
7897169210790;18.00;monofasico
7897169210820;18.00;real
7897169210912;18.00;real
7897169210981;0.00;monofasico
7897169211049;18.00;real
7897169211162;0.00;real
7897169211230;18.00;real
7897169211469;18.00;presumido
7897169211728;18.00;real
7897169211827;18.00;real
7897169211834;0.00;presumido
7897169211872;18.00;real
7897169211889;18.00;real
7897169211896;18.00;real
7897169212176;18.00;real
7897169212237;18.00;real
7897169212541;18.00;real
7897169212695;18.00;real
7897169212701;18.00;real
7897169212718;18.00;real
7897169212732;18.00;real
7897169212749;0.00;monofasico
7897169212862;18.00;real
7897169213296;18.00;real
7897169213302;0.00;presumido
7897169213395;0.00;presumido
7897169213579;18.00;real
7897169213784;18.00;real
7897169213838;18.00;real
7897169213845;18.00;real
7897169213975;0.00;presumido
7897169214149;18.00;monofasico
7897169214231;0.00;presumido
7897169214248;18.00;monofasico
7897169214286;0.00;monofasico
7897169214651;18.00;real
7897169214972;18.00;real
7897169215191;18.00;real
7897169215443;18.00;real
7897169216969;18.00;presumido
7897169217157;18.00;real
7897169217249;18.00;real
7897169217584;18.00;real
7897169220157;0.00;monofasico
7897169220454;18.00;real
7897169220478;18.00;real
7897169220850;18.00;real
7897169220898;18.00;real
7897169221185;18.00;real
7897169221284;18.00;real
7897169221765;18.00;real
7897169221802;18.00;real
7897169222762;18.00;real
7897169224735;18.00;real
7897169224742;18.00;real
7897169225343;18.00;real
7897169225350;18.00;monofasico
7897169225367;18.00;real
7897169225381;18.00;real
7897169225671;18.00;real
7897169229105;18.00;real
7897169229228;0.00;presumido
7897169229259;0.00;real
7897169229396;18.00;monofasico
7897169229464;18.00;real
7897169229594;0.00;real
7897169231870;18.00;real
7897169232129;18.00;real
7897169232143;0.00;presumido
7897169233263;18.00;real
7897169233294;0.00;presumido
7897169233836;0.00;presumido
7897169233850;18.00;real
7897169233867;18.00;real
7897169234420;18.00;real
7897169234727;18.00;real
7897169234734;18.00;real
7897169234758;18.00;real
7897169235809;18.00;presumido
7897169236325;18.00;real
7897169236387;18.00;real
7897169236400;18.00;real
7897169236875;18.00;real
7897169237001;18.00;monofasico
7897169238572;18.00;real
7897169238848;18.00;real
7897169238855;18.00;presumido
7897169238886;0.00;presumido
7897169239302;18.00;real
7897169239579;18.00;real
7897169239685;0.00;presumido
7897169239821;18.00;real
7897169239869;18.00;real
7897169239876;0.00;real
7897169240025;18.00;real
7897169240049;18.00;real
7897169240902;18.00;real
7897169241138;18.00;presumido
7897169241268;18.00;real
7897169241305;18.00;real
7897169241510;0.00;presumido
7897169241633;18.00;real
7897169241756;18.00;real
7897169241800;18.00;real
7897169241831;18.00;real
7897169242517;18.00;real
7897169242661;18.00;real
7897169242678;18.00;real
7897169242692;18.00;real
7897169242708;18.00;real
7897169242715;18.00;real
7897169242777;18.00;real
7897169243668;18.00;real
7897169243675;18.00;real
7897169243903;18.00;real
7897169243910;18.00;real
7897169244313;18.00;real
7897169244320;18.00;real
7897169245150;18.00;real
7897169245167;18.00;real
7897169245174;18.00;real
7897169245198;0.00;real
7897169245273;18.00;real
7897169245280;18.00;real
7897169245532;18.00;real
7897169245617;18.00;real
7897169246492;0.00;real
7897169246669;18.00;real
7897169246683;0.00;monofasico
7897169246850;0.00;presumido
7897169248748;0.00;monofasico
7897169249585;18.00;real
7897169249752;18.00;real
7897169250154;18.00;real
7897169250215;18.00;real
7897169250222;18.00;real
7897169250246;25.00;monofasico
7897169250642;18.00;real
7897169250710;18.00;real
7897169250727;18.00;real
7897169250734;18.00;real
7897169250925;0.00;monofasico
7897169251953;18.00;real
7897169252356;18.00;real
7897169252363;0.00;real
7897169252387;18.00;real
7897169252394;18.00;real
7897169254015;18.00;real
7897169254022;18.00;real
7897169254039;18.00;real
7897169254664;18.00;real
7897169254879;18.00;presumido
7897169254886;18.00;real
7897169255180;18.00;real
7897169255555;18.00;real
7897169255722;18.00;real
7897169255746;0.00;presumido
7897169256774;18.00;real
7897169256842;18.00;real
7897169256859;18.00;real
7897169257559;18.00;real
7897169257955;18.00;real
7897169258198;18.00;real
7897169258204;18.00;real
7897169258303;18.00;real
7897169258310;18.00;real
7897169258327;18.00;real
7897169258341;18.00;real
7897169258594;18.00;real
7897169259430;18.00;real
7897169259447;18.00;real
7897169259454;18.00;real
7897169259461;18.00;real
7897169259478;18.00;real
7897169259485;18.00;real
7897169259508;18.00;real
7897169259515;18.00;real
7897169259539;18.00;real
7897169259553;18.00;real
7897169259775;18.00;real
7897169260290;18.00;monofasico
7897169260313;18.00;real
7897169260337;18.00;real
7897169260788;18.00;real
7897169260795;18.00;real
7897169260801;18.00;real
7897169260818;18.00;real
7897169260825;18.00;real
7897169262225;18.00;real
7897169262232;18.00;real
7897169262249;18.00;real
7897169263314;18.00;real
7897169263321;18.00;real
7897169264007;18.00;real
7897169264090;18.00;real
7897169264236;18.00;real
7897169264281;0.00;monofasico
7897169264342;18.00;real
7897169264540;18.00;real
7897169265226;0.00;monofasico
7897169265233;0.00;monofasico
7897169271166;0.00;real
7897169271258;0.00;monofasico
7897169271814;0.00;real
7897169272019;0.00;presumido
7897169272033;18.00;presumido
7897169272064;0.00;real
7897169272187;0.00;monofasico
7897169281165;0.00;presumido
7897169290020;0.00;presumido
7897169291164;18.00;real
7897169291997;18.00;real
7897169292093;0.00;monofasico
7897169294004;18.00;real
7897169294820;0.00;monofasico
7897169295018;18.00;real
7897169295032;18.00;real
7897169295056;18.00;real
7897169295322;18.00;real
7897169295339;18.00;real
7897169296046;18.00;real
7897169296589;18.00;presumido
7897169296602;18.00;presumido
7897169297029;18.00;presumido
7897169297043;18.00;presumido
7897169297142;18.00;real
7897169297159;0.00;monofasico
7897169297173;0.00;monofasico
7897169297609;0.00;monofasico
7897169298415;18.00;real
7897169298422;18.00;real
7897169298439;18.00;real
7897169299511;18.00;real
7897169299528;18.00;real
7897178108026;0.00;monofasico
7897178108040;0.00;monofasico
7897185957631;0.00;real
7897185965391;0.00;real
7897186002859;18.00;real
7897186045030;18.00;real
7897186064239;0.00;monofasico
7897186072029;18.00;real
7897186075303;18.00;real
7897186082264;18.00;real
7897186083209;18.00;real
7897186087238;18.00;real
7897186087542;18.00;real
7897186088075;18.00;real
7897186088549;18.00;real
7897186090153;18.00;real
7897186098074;18.00;real
7897216901695;18.00;real
7897230301730;18.00;monofasico
7897230301976;18.00;monofasico
7897230301983;18.00;monofasico
7897230302027;18.00;monofasico
7897230302034;18.00;monofasico
7897230302096;18.00;monofasico
7897230302577;0.00;presumido
7897230302676;18.00;monofasico
7897230302751;0.00;monofasico
7897230302829;18.00;monofasico
7897230303062;18.00;monofasico
7897230303130;25.00;monofasico
7897230303178;0.00;monofasico
7897230303314;18.00;monofasico
7897230303321;18.00;monofasico
7897230303338;18.00;monofasico
7897230303482;0.00;monofasico
7897230303611;18.00;monofasico
7897230303895;18.00;monofasico
7897230304465;0.00;monofasico
7897230304755;0.00;monofasico
7897230304779;18.00;monofasico
7897230304816;18.00;monofasico
7897230304854;0.00;monofasico
7897230304861;18.00;monofasico
7897230305257;0.00;monofasico
7897230305837;0.00;monofasico
7897230305882;18.00;monofasico
7897230306506;18.00;monofasico
7897230306551;18.00;monofasico
7897254101842;18.00;real
7897254106793;18.00;real
7897254111933;18.00;real
7897255903100;0.00;monofasico
7897256259701;0.00;real
7897256259718;0.00;real
7897256259725;0.00;real
7897256299837;18.00;real
7897294410492;0.00;monofasico
7897302611293;0.00;monofasico
7897321123944;0.00;monofasico
7897321123951;0.00;real
7897328500014;0.00;monofasico
7897352200874;0.00;monofasico
7897352201796;0.00;monofasico
7897352201949;0.00;monofasico
7897352201956;0.00;monofasico
7897352201963;0.00;monofasico
7897352202007;0.00;monofasico
7897352202014;0.00;monofasico
7897352202021;0.00;monofasico
7897352202243;0.00;monofasico
7897352202571;0.00;monofasico
7897352202670;0.00;monofasico
7897352202687;0.00;monofasico
7897352202694;0.00;monofasico
7897352202854;0.00;monofasico
7897373019387;18.00;monofasico
7897373158697;25.00;presumido
7897373158741;18.00;monofasico
7897373159151;25.00;presumido
7897373159175;25.00;presumido
7897373171108;18.00;monofasico
7897373171597;25.00;presumido
7897373371317;18.00;monofasico
7897373559494;25.00;presumido
7897373602640;25.00;presumido
7897374102835;18.00;monofasico
7897375916998;25.00;presumido
7897376776980;18.00;monofasico
7897379753469;25.00;presumido
7897379764571;18.00;monofasico
7897379864295;25.00;presumido
7897381600607;0.00;real
7897381600614;0.00;real
7897381600621;0.00;real
7897381600638;0.00;real
7897381600645;0.00;real
7897381600669;0.00;real
7897381600676;0.00;real
7897381600683;0.00;real
7897381600690;0.00;real
7897381600720;0.00;real
7897381601642;0.00;real
7897381601659;0.00;real
7897381601666;0.00;real
7897381601673;0.00;real
7897381601895;0.00;real
7897381601901;0.00;real
7897381603851;0.00;real
7897381603882;0.00;real
7897381617391;0.00;real
7897381621053;0.00;real
7897381621077;0.00;real
7897381621091;0.00;real
7897381627215;0.00;real
7897381628700;0.00;real
7897381636408;0.00;real
7897381685574;0.00;presumido
7897424004539;18.00;real
7897424014040;0.00;real
7897424080755;0.00;real
7897424080762;0.00;real
7897424081851;18.00;real
7897451415421;18.00;real
7897483400051;0.00;monofasico
7897488001635;0.00;monofasico
7897493410019;18.00;real
7897493422388;18.00;real
7897512900491;18.00;real
7897517209544;0.00;monofasico
7897517901158;0.00;presumido
7897517901165;0.00;presumido
7897517901172;0.00;presumido
7897517901257;18.00;real
7897517901332;0.00;presumido
7897517901349;18.00;real
7897517901356;0.00;monofasico
7897517901745;0.00;presumido
7897517901837;18.00;real
7897517901868;0.00;presumido
7897517901882;18.00;real
7897517902421;0.00;presumido
7897517902438;0.00;presumido
7897517902445;0.00;presumido
7897517902452;25.00;monofasico
7897517902469;25.00;monofasico
7897517902483;18.00;real
7897517902490;18.00;real
7897517902506;18.00;real
7897517902537;0.00;presumido
7897517902582;18.00;real
7897517902773;0.00;presumido
7897517902780;25.00;monofasico
7897517902803;0.00;monofasico
7897517902827;18.00;real
7897517902896;0.00;presumido
7897517902902;18.00;real
7897517902919;0.00;presumido
7897517903008;18.00;real
7897517903015;18.00;real
7897517903060;18.00;real
7897517903084;18.00;real
7897517903091;18.00;real
7897517903114;18.00;real
7897517903121;18.00;real
7897517903190;18.00;real
7897517903220;18.00;real
7897517903237;18.00;real
7897517903343;0.00;monofasico
7897517903350;18.00;real
7897517903367;18.00;real
7897517903374;18.00;real
7897517903381;18.00;real
7897517903398;18.00;real
7897517903480;18.00;real
7897517903497;18.00;real
7897517903558;18.00;real
7897517903589;18.00;real
7897517903626;0.00;presumido
7897517903633;18.00;real
7897517903732;18.00;real
7897517903749;18.00;real
7897517903824;18.00;real
7897517903909;18.00;real
7897517903916;18.00;real
7897517903923;18.00;real
7897517903930;0.00;monofasico
7897517903947;18.00;real
7897517903954;18.00;real
7897517904012;0.00;real
7897517904067;25.00;monofasico
7897517904159;18.00;real
7897517904166;18.00;real
7897517904173;18.00;real
7897517904180;0.00;presumido
7897517904203;18.00;real
7897517904227;18.00;real
7897517904234;18.00;real
7897517904500;18.00;real
7897517904517;18.00;real
7897517904524;18.00;real
7897517904531;0.00;presumido
7897517904548;18.00;real
7897517904616;18.00;real
7897517904654;18.00;real
7897517904661;18.00;real
7897517904678;18.00;real
7897517904708;18.00;real
7897517904807;18.00;real
7897517904814;18.00;real
7897517904821;0.00;presumido
7897517904838;0.00;real
7897517904845;18.00;real
7897517904890;18.00;real
7897517904999;18.00;real
7897517905019;0.00;presumido
7897517905095;0.00;presumido
7897517905125;18.00;real
7897517905262;18.00;presumido
7897517905279;18.00;presumido
7897517905545;18.00;real
7897517905552;0.00;presumido
7897517905569;0.00;presumido
7897517905705;18.00;real
7897517905750;18.00;real
7897517905767;18.00;real
7897517905811;0.00;monofasico
7897517905828;0.00;monofasico
7897517905873;25.00;monofasico
7897517905910;18.00;real
7897517906030;18.00;real
7897517906054;18.00;real
7897517906290;18.00;real
7897517906344;18.00;real
7897517906351;18.00;real
7897517906368;18.00;real
7897517906382;18.00;real
7897517906399;18.00;presumido
7897517906412;18.00;real
7897517906559;18.00;real
7897517906573;18.00;real
7897517906580;0.00;presumido
7897517906641;0.00;presumido
7897517906658;0.00;presumido
7897517906825;0.00;real
7897517906849;0.00;real
7897517906924;0.00;real
7897517906931;0.00;real
7897517906955;0.00;presumido
7897517906986;0.00;monofasico
7897517907006;0.00;presumido
7897517907020;18.00;real
7897517907051;18.00;real
7897517907167;18.00;real
7897517907174;25.00;monofasico
7897517907204;25.00;monofasico
7897517907242;18.00;real
7897517907266;18.00;real
7897517907280;18.00;real
7897517907303;0.00;real
7897517907365;0.00;real
7897517907419;0.00;real
7897517907488;18.00;real
7897517907495;0.00;real
7897517907525;25.00;monofasico
7897517907556;0.00;presumido
7897517908003;0.00;monofasico
7897517908126;18.00;real
7897517908133;18.00;real
7897517908140;0.00;presumido
7897517908232;18.00;real
7897517908355;0.00;presumido
7897517908539;18.00;real
7897517908904;0.00;real
7897517908911;0.00;real
7897517909031;18.00;real
7897517909062;0.00;real
7897517909192;0.00;monofasico
7897517909222;18.00;real
7897517909246;0.00;real
7897517909277;18.00;real
7897517909345;18.00;real
7897517909406;18.00;real
7897517909413;18.00;real
7897517909420;18.00;real
7897517909437;18.00;real
7897517909444;18.00;real
7897517909468;0.00;presumido
7897517909574;18.00;presumido
7897517909581;18.00;presumido
7897517909598;18.00;real
7897517909611;18.00;real
7897517909635;18.00;real
7897517909642;18.00;real
7897517909666;0.00;monofasico
7897517909673;18.00;real
7897517909703;18.00;real
7897517909710;18.00;real
7897517909727;18.00;real
7897517909741;18.00;real
7897517909758;18.00;real
7897517909802;18.00;real
7897517909864;18.00;real
7897517909888;0.00;monofasico
7897517909895;0.00;presumido
7897517910044;18.00;real
7897517910075;18.00;real
7897517910167;18.00;real
7897517910174;18.00;real
7897517910495;0.00;presumido
7897517910846;0.00;monofasico
7897517910853;0.00;monofasico
7897517910860;18.00;real
7897517910877;25.00;monofasico
7897517910921;18.00;real
7897517910938;18.00;real
7897517910945;18.00;real
7897517911096;0.00;monofasico
7897517911492;0.00;presumido
7897517911607;0.00;presumido
7897517911614;0.00;presumido
7897517911638;0.00;presumido
7897517911652;18.00;real
7897517911683;18.00;real
7897517911690;18.00;real
7897517911706;18.00;real
7897517912017;18.00;real
7897517912024;18.00;presumido
7897517912031;18.00;real
7897517912048;18.00;presumido
7897517912055;0.00;monofasico
7897517912079;18.00;real
7897517912086;18.00;presumido
7897517912482;0.00;monofasico
7897517912505;18.00;presumido
7897517912529;18.00;presumido
7897517912536;18.00;presumido
7897517912710;18.00;presumido
7897517912871;18.00;presumido
7897517912963;18.00;presumido
7897517912987;25.00;monofasico
7897517913052;18.00;real
7897517913090;18.00;real
7897517913205;18.00;real
7897517913298;18.00;presumido
7897517913359;18.00;real
7897517913366;0.00;monofasico
7897517913373;18.00;real
7897517913380;18.00;presumido
7897517913397;18.00;real
7897517913403;18.00;presumido
7897517913427;18.00;real
7897517913458;25.00;monofasico
7897517913496;0.00;presumido
7897517913656;0.00;presumido
7897517913854;18.00;real
7897517913861;18.00;real
7897517913878;0.00;presumido
7897517913885;18.00;real
7897517913892;18.00;real
7897517913908;18.00;real
7897517913960;18.00;real
7897517913977;18.00;real
7897517913984;18.00;real
7897517913991;0.00;monofasico
7897517914219;0.00;real
7897517914578;18.00;real
7897517914585;18.00;real
7897517914592;25.00;monofasico
7897517914608;0.00;real
7897517914615;18.00;real
7897517914622;18.00;real
7897517914639;0.00;monofasico
7897517914677;0.00;presumido
7897517914776;18.00;real
7897517914820;18.00;real
7897517914837;0.00;real
7897517914844;18.00;real
7897517914974;0.00;presumido
7897517915087;0.00;presumido
7897517916107;0.00;presumido
7897517916244;25.00;monofasico
7897517916299;0.00;presumido
7897517916312;18.00;real
7897517916329;18.00;real
7897517916336;18.00;real
7897517916343;18.00;real
7897517916350;18.00;real
7897517916435;18.00;real
7897517916442;18.00;real
7897517916466;0.00;presumido
7897517916473;0.00;presumido
7897517916497;0.00;presumido
7897517916503;18.00;monofasico
7897517916510;18.00;monofasico
7897517916602;18.00;real
7897517916619;18.00;real
7897517916626;0.00;presumido
7897517916657;18.00;real
7897517916831;0.00;monofasico
7897517916848;0.00;presumido
7897517916886;18.00;real
7897517916930;18.00;real
7897517916947;0.00;presumido
7897517917005;25.00;monofasico
7897517917036;0.00;presumido
7897517917043;0.00;presumido
7897517917067;0.00;presumido
7897517917128;18.00;real
7897517917142;18.00;real
7897517917159;18.00;real
7897517917166;18.00;real
7897517917180;0.00;monofasico
7897517917203;18.00;real
7897517917210;18.00;real
7897517917227;0.00;monofasico
7897517917234;0.00;real
7897517917241;18.00;monofasico
7897517917258;0.00;real
7897517917265;18.00;real
7897517917289;18.00;real
7897517917296;0.00;presumido
7897517917319;18.00;real
7897517917326;0.00;real
7897517917333;18.00;real
7897517917364;18.00;real
7897517917371;18.00;real
7897517917388;18.00;real
7897517917395;18.00;real
7897517917401;18.00;real
7897517917449;0.00;real
7897517917456;0.00;presumido
7897517917463;0.00;real
7897517917470;18.00;real
7897517917494;18.00;real
7897517917500;18.00;real
7897517917517;18.00;real
7897517917524;18.00;real
7897517917531;18.00;real
7897517917548;18.00;real
7897517917555;18.00;real
7897517917562;18.00;real
7897517917579;18.00;real
7897517917586;18.00;real
7897517917623;18.00;real
7897517917630;18.00;real
7897517917654;0.00;monofasico
7897517917661;18.00;real
7897517917708;0.00;real
7897517917715;0.00;real
7897517917722;0.00;real
7897517917739;0.00;presumido
7897517917746;0.00;monofasico
7897517917777;0.00;presumido
7897517917920;18.00;real
7897517917968;0.00;real
7897517917982;0.00;monofasico
7897517917999;0.00;monofasico
7897517918019;0.00;real
7897517918026;0.00;real
7897517918040;0.00;monofasico
7897517918064;25.00;monofasico
7897517918231;0.00;presumido
7897517918262;18.00;presumido
7897517918279;0.00;presumido
7897517918453;18.00;real
7897517918491;18.00;real
7897517918514;18.00;real
7897517918644;18.00;presumido
7897517918668;18.00;presumido
7897517918682;0.00;monofasico
7897517918729;0.00;presumido
7897517918811;0.00;presumido
7897517918903;18.00;real
7897517918910;18.00;real
7897517918934;18.00;real
7897517918958;18.00;real
7897517918989;18.00;real
7897517919092;0.00;presumido
7897517919214;18.00;real
7897517919306;18.00;real
7897517919528;0.00;presumido
7897517919535;0.00;presumido
7897517919566;18.00;real
7897517919580;0.00;monofasico
7897517919597;18.00;real
7897517919627;0.00;real
7897517919641;0.00;presumido
7897517919726;0.00;monofasico
7897517919733;0.00;real
7897517919757;18.00;real
7897517919849;18.00;real
7897517919863;18.00;real
7897517919870;18.00;real
7897517919887;18.00;real
7897517919900;12.00;monofasico
7897517919917;12.00;monofasico
7897517919924;12.00;monofasico
7897517919931;12.00;monofasico
7897517919948;12.00;monofasico
7897517919955;18.00;real
7897517919962;18.00;monofasico
7897517919979;18.00;monofasico
7897517919986;18.00;monofasico
7897517920012;18.00;monofasico
7897517920029;18.00;monofasico
7897517920036;18.00;monofasico
7897517920043;12.00;monofasico
7897517920050;12.00;monofasico
7897517920081;18.00;monofasico
7897517920098;12.00;monofasico
7897517920173;12.00;monofasico
7897517920371;12.00;monofasico
7897517920388;0.00;monofasico
7897517920395;12.00;monofasico
7897517920425;12.00;monofasico
7897517920432;12.00;monofasico
7897517920470;12.00;monofasico
7897517920678;12.00;monofasico
7897517920715;12.00;monofasico
7897517920722;12.00;monofasico
7897517920739;12.00;monofasico
7897517920746;12.00;monofasico
7897517920777;12.00;monofasico
7897517920784;12.00;monofasico
7897517920791;12.00;monofasico
7897517920814;12.00;monofasico
7897517920821;12.00;monofasico
7897517920838;12.00;monofasico
7897517920876;12.00;monofasico
7897517920920;12.00;monofasico
7897517920975;12.00;monofasico
7897517921019;12.00;monofasico
7897517921026;12.00;monofasico
7897517921040;12.00;monofasico
7897517921057;12.00;monofasico
7897517921064;12.00;monofasico
7897517921071;12.00;monofasico
7897517921088;0.00;monofasico
7897517921095;12.00;monofasico
7897517921781;25.00;monofasico
7897517921842;0.00;monofasico
7897517921866;0.00;monofasico
7897517922764;18.00;monofasico
7897517922771;18.00;real
7897517922788;18.00;real
7897517922795;18.00;real
7897517923075;18.00;presumido
7897517923204;18.00;real
7897517923242;18.00;real
7897517923341;18.00;real
7897517923358;18.00;real
7897517923365;0.00;monofasico
7897517923372;0.00;monofasico
7897517923389;18.00;real
7897517923501;18.00;real
7897517923518;18.00;real
7897517923532;18.00;real
7897517923587;18.00;real
7897517923594;18.00;real
7897517923600;18.00;real
7897517923754;18.00;real
7897517923761;18.00;real
7897517923778;18.00;real
7897517923785;0.00;monofasico
7897517923792;18.00;real
7897517923808;0.00;monofasico
7897517923815;0.00;monofasico
7897517923822;25.00;monofasico
7897517923839;0.00;real
7897517923853;18.00;real
7897517923860;0.00;monofasico
7897517923877;18.00;real
7897517923969;18.00;real
7897517923976;18.00;real
7897517923983;18.00;real
7897517923990;18.00;real
7897517924003;18.00;real
7897517924010;18.00;real
7897517924034;18.00;real
7897517924041;18.00;real
7897517924058;0.00;monofasico
7897517924065;0.00;monofasico
7897517924072;18.00;real
7897517924096;18.00;real
7897517924102;0.00;presumido
7897517924119;0.00;presumido
7897517924126;18.00;real
7897517924133;0.00;presumido
7897517924140;18.00;real
7897517924157;0.00;monofasico
7897517924171;0.00;presumido
7897517924195;0.00;presumido
7897517924201;0.00;presumido
7897517924218;18.00;real
7897517924225;18.00;real
7897517924232;18.00;real
7897517924263;18.00;real
7897517924270;18.00;real
7897517924430;0.00;monofasico
7897517924447;18.00;real
7897517924454;18.00;real
7897517924461;18.00;real
7897517924478;18.00;real
7897517924485;18.00;real
7897517924492;18.00;real
7897517924508;18.00;real
7897517924515;18.00;real
7897517924522;0.00;monofasico
7897517924539;0.00;real
7897517924546;18.00;real
7897517924553;0.00;real
7897517924560;18.00;real
7897517924577;18.00;real
7897517924584;0.00;monofasico
7897517924591;18.00;real
7897517924607;18.00;real
7897517924614;18.00;real
7897517924621;18.00;real
7897517924645;18.00;real
7897517924652;18.00;real
7897517924669;18.00;real
7897517924676;18.00;real
7897517924683;18.00;real
7897517924843;18.00;presumido
7897517924850;18.00;presumido
7897517924911;18.00;real
7897517925086;12.00;monofasico
7897517925093;18.00;monofasico
7897517925314;12.00;monofasico
7897517925321;12.00;monofasico
7897517925369;12.00;monofasico
7897517925376;12.00;monofasico
7897517925383;0.00;monofasico
7897517925406;12.00;monofasico
7897517925420;18.00;monofasico
7897517925437;0.00;monofasico
7897517925482;12.00;monofasico
7897517925499;12.00;monofasico
7897517925505;12.00;monofasico
7897517925512;12.00;monofasico
7897517925529;12.00;monofasico
7897517925536;12.00;monofasico
7897517925543;12.00;monofasico
7897517925635;12.00;monofasico
7897517925642;12.00;monofasico
7897517925666;12.00;monofasico
7897517925727;12.00;monofasico
7897517925734;12.00;monofasico
7897517925741;12.00;monofasico
7897517925857;12.00;monofasico
7897517925864;12.00;monofasico
7897517925871;12.00;monofasico
7897517925888;12.00;monofasico
7897517926182;18.00;real
7897517926427;18.00;presumido
7897517926434;18.00;presumido
7897517926441;18.00;presumido
7897517926458;18.00;real
7897517926465;18.00;real
7897517926472;18.00;presumido
7897517926496;18.00;presumido
7897517926526;18.00;real
7897517926533;18.00;presumido
7897517926540;18.00;real
7897517926557;18.00;presumido
7897517926724;18.00;presumido
7897517926731;18.00;real
7897517926748;18.00;presumido
7897517926755;18.00;presumido
7897517926779;18.00;presumido
7897517926786;18.00;presumido
7897517926793;18.00;real
7897517926809;18.00;presumido
7897517926823;18.00;presumido
7897517927202;0.00;real
7897517927226;18.00;real
7897517927264;25.00;monofasico
7897517927295;18.00;real
7897517927301;0.00;monofasico
7897517927332;18.00;real
7897517927349;18.00;real
7897517927356;18.00;real
7897517927363;0.00;monofasico
7897517927370;18.00;real
7897517927387;18.00;real
7897517927455;18.00;real
7897517927462;18.00;real
7897517927486;18.00;real
7897517927509;18.00;real
7897517927516;18.00;real
7897517927523;18.00;real
7897517928070;25.00;monofasico
7897517928087;0.00;presumido
7897517928094;0.00;presumido
7897517928100;25.00;monofasico
7897517928179;0.00;monofasico
7897517928339;25.00;monofasico
7897517928360;25.00;monofasico
7897517928384;0.00;monofasico
7897517928391;25.00;monofasico
7897517928407;25.00;monofasico
7897517928414;25.00;monofasico
7897517928421;18.00;monofasico
7897517928438;18.00;monofasico
7897517928445;18.00;monofasico
7897517928452;0.00;monofasico
7897517928469;25.00;monofasico
7897517928476;25.00;monofasico
7897517928490;18.00;monofasico
7897517928506;18.00;monofasico
7897517928520;0.00;monofasico
7897517928537;18.00;monofasico
7897517928544;18.00;monofasico
7897517928575;18.00;monofasico
7897517928582;18.00;monofasico
7897517929190;18.00;real
7897517929473;18.00;monofasico
7897517929480;18.00;monofasico
7897517929497;18.00;monofasico
7897517930011;18.00;real
7897517930035;18.00;real
7897517930066;18.00;real
7897517930097;0.00;presumido
7897517930103;18.00;real
7897517930134;18.00;real
7897517930165;18.00;real
7897517930226;18.00;real
7897517930257;18.00;presumido
7897517930301;25.00;monofasico
7897517930349;18.00;real
7897517930356;18.00;real
7897517930400;18.00;real
7897517930424;18.00;real
7897517930592;18.00;real
7897517930646;18.00;real
7897517930707;0.00;monofasico
7897517931032;18.00;real
7897517931148;18.00;real
7897517931162;18.00;real
7897517931261;18.00;presumido
7897517931278;18.00;presumido
7897517931285;0.00;monofasico
7897517931292;18.00;presumido
7897517931308;18.00;real
7897517931322;18.00;real
7897517931346;25.00;monofasico
7897517931353;18.00;real
7897517931360;0.00;presumido
7897517931445;18.00;real
7897517931452;18.00;real
7897517931582;18.00;real
7897517931629;18.00;presumido
7897517931636;0.00;monofasico
7897517931650;18.00;real
7897517931667;0.00;monofasico
7897517931674;18.00;real
7897517931735;18.00;real
7897517931766;18.00;real
7897517931803;18.00;real
7897517931834;18.00;real
7897517931858;18.00;real
7897517931865;0.00;monofasico
7897517931872;18.00;real
7897517931896;18.00;real
7897517931964;18.00;real
7897517932077;0.00;presumido
7897517932084;18.00;presumido
7897517932138;18.00;real
7897517932145;18.00;real
7897517932169;18.00;real
7897517932183;18.00;real
7897517932213;18.00;real
7897517932220;18.00;real
7897517932336;18.00;real
7897517932404;18.00;presumido
7897517932435;18.00;real
7897517932442;18.00;real
7897517932459;18.00;real
7897517932466;18.00;real
7897517932497;18.00;real
7897517932701;18.00;presumido
7897517932718;18.00;real
7897517932749;18.00;real
7897517932763;0.00;monofasico
7897517932770;18.00;real
7897517932800;0.00;monofasico
7897517932817;18.00;real
7897517932824;18.00;real
7897517932909;18.00;real
7897517932923;18.00;presumido
7897517932954;18.00;real
7897517932961;18.00;real
7897517932985;18.00;real
7897517933005;18.00;real
7897517933012;18.00;real
7897517933142;18.00;real
7897517933180;18.00;real
7897517933197;18.00;real
7897517933401;18.00;real
7897517933425;18.00;real
7897517933432;0.00;presumido
7897517933449;18.00;real
7897517933456;18.00;real
7897517934026;18.00;real
7897517934033;18.00;real
7897517934125;18.00;presumido
7897517934156;18.00;real
7897517934170;18.00;real
7897517934187;18.00;real
7897517934200;18.00;real
7897517934255;18.00;real
7897517934286;18.00;presumido
7897517934293;0.00;real
7897517934323;18.00;real
7897517934330;18.00;presumido
7897517934354;18.00;real
7897517934378;18.00;real
7897517934422;18.00;real
7897517934439;0.00;presumido
7897517935658;18.00;real
7897517935849;0.00;presumido
7897517935993;18.00;real
7897517937027;18.00;real
7897517937034;18.00;real
7897517937041;18.00;real
7897517937126;0.00;monofasico
7897517937164;0.00;monofasico
7897517937171;25.00;monofasico
7897517937423;0.00;monofasico
7897517937447;18.00;monofasico
7897517937546;0.00;monofasico
7897517937553;0.00;monofasico
7897517937751;0.00;monofasico
7897517937768;18.00;real
7897517937782;0.00;monofasico
7897517937812;0.00;presumido
7897517937829;25.00;monofasico
7897517937911;25.00;monofasico
7897517937928;0.00;monofasico
7897517937935;18.00;presumido
7897517937942;18.00;real
7897517937959;0.00;real
7897517937966;25.00;monofasico
7897517937973;0.00;monofasico
7897517937980;25.00;monofasico
7897517937997;18.00;real
7897517938017;18.00;real
7897517938048;25.00;monofasico
7897517938055;0.00;presumido
7897517938062;0.00;presumido
7897517938079;0.00;presumido
7897517938086;25.00;monofasico
7897517938093;0.00;presumido
7897517938147;25.00;monofasico
7897517938154;18.00;real
7897517938161;18.00;monofasico
7897517938185;0.00;monofasico
7897517938192;0.00;monofasico
7897517938208;25.00;monofasico
7897517938260;25.00;monofasico
7897517938277;25.00;monofasico
7897517938307;18.00;real
7897517938314;18.00;real
7897517938321;18.00;real
7897517938338;25.00;monofasico
7897517938352;25.00;monofasico
7897517938369;0.00;monofasico
7897517938376;0.00;monofasico
7897517938383;25.00;monofasico
7897517938390;0.00;monofasico
7897517938406;25.00;monofasico
7897517938413;25.00;monofasico
7897517938420;0.00;monofasico
7897517938437;0.00;monofasico
7897517938444;0.00;monofasico
7897517938604;18.00;real
7897517938611;18.00;real
7897517938628;25.00;monofasico
7897517938635;25.00;monofasico
7897517938642;25.00;monofasico
7897517938666;25.00;monofasico
7897517938697;25.00;monofasico
7897517954055;0.00;monofasico
7897517957032;0.00;monofasico
7897517957087;0.00;real
7897517957094;0.00;monofasico
7897534800212;18.00;real
7897534800960;0.00;real
7897534801370;0.00;real
7897534822108;18.00;real
7897534826328;0.00;real
7897534842410;18.00;monofasico
7897534875289;0.00;monofasico
7897534875296;0.00;monofasico
7897564120137;12.00;real
7897571129420;0.00;monofasico
7897595901859;0.00;real
7897613300398;0.00;real
7897613301852;0.00;real
7897613328255;0.00;monofasico
7897613328279;0.00;monofasico
7897613328286;0.00;monofasico
7897613328309;0.00;monofasico
7897613328323;0.00;monofasico
7897613328354;0.00;monofasico
7897613328446;0.00;monofasico
7897613328460;0.00;monofasico
7897613328576;0.00;monofasico
7897613329580;0.00;monofasico
7897613329818;0.00;monofasico
7897613336946;0.00;monofasico
7897613336953;0.00;real
7897613343401;0.00;monofasico
7897613351680;0.00;monofasico
7897613361276;0.00;monofasico
7897613543016;0.00;monofasico
7897622318650;0.00;monofasico
7897622318810;0.00;monofasico
7897637168578;4.00;presumido
7897637175224;18.00;presumido
7897637198247;18.00;real
7897664120105;0.00;presumido
7897664120129;0.00;presumido
7897664130043;0.00;monofasico
7897664168213;18.00;monofasico
7897664168220;18.00;monofasico
7897664168237;25.00;monofasico
7897664168251;25.00;monofasico
7897664168268;25.00;monofasico
7897664168657;12.00;monofasico
7897664169067;12.00;monofasico
7897664169074;12.00;monofasico
7897664169081;12.00;monofasico
7897664169425;18.00;monofasico
7897664169470;12.00;monofasico
7897664169494;12.00;monofasico
7897664169500;12.00;monofasico
7897664169685;0.00;monofasico
7897664169692;0.00;monofasico
7897664169791;25.00;monofasico
7897664169807;25.00;monofasico
7897664169982;12.00;monofasico
7897664170780;12.00;monofasico
7897664170797;12.00;monofasico
7897664171473;12.00;monofasico
7897664171589;12.00;monofasico
7897664171701;0.00;monofasico
7897664171718;0.00;monofasico
7897664171725;0.00;monofasico
7897664171732;0.00;monofasico
7897664171749;0.00;monofasico
7897664171756;0.00;monofasico
7897664171923;0.00;monofasico
7897664171947;12.00;monofasico
7897671620667;0.00;real
7897676010241;25.00;presumido
7897676132462;18.00;monofasico
7897744500698;0.00;real
7897744502067;0.00;real
7897744502081;0.00;real
7897744502104;0.00;real
7897744502173;0.00;real
7897744502432;0.00;real
7897744502449;0.00;real
7897744502548;18.00;monofasico
7897744502555;18.00;monofasico
7897744502586;18.00;monofasico
7897744502869;0.00;real
7897744504214;18.00;monofasico
7897744504221;18.00;monofasico
7897744504269;0.00;real
7897744504740;0.00;real
7897744504764;18.00;monofasico
7897744504818;18.00;monofasico
7897744504825;18.00;monofasico
7897744504887;18.00;real
7897744504894;18.00;real
7897744504917;18.00;real
7897744505136;0.00;real
7897744505174;0.00;real
7897744505198;18.00;monofasico
7897744505204;18.00;monofasico
7897744505211;18.00;monofasico
7897744505495;0.00;real
7897744505532;0.00;real
7897744505549;0.00;real
7897744505556;18.00;real
7897744505686;25.00;monofasico
7897744505907;18.00;monofasico
7897744505914;18.00;monofasico
7897744505921;0.00;monofasico
7897744505945;18.00;monofasico
7897744506003;0.00;real
7897744506027;0.00;real
7897744506041;0.00;real
7897744506058;0.00;real
7897753667801;18.00;real
7897755711229;0.00;real
7897768401469;0.00;monofasico
7897771500562;0.00;real
7897780013572;4.00;real
7897780015149;4.00;real
7897780019048;4.00;real
7897780028453;4.00;real
7897780051628;18.00;real
7897788813112;18.00;real
7897788824088;18.00;real
7897798510186;18.00;real
7897799821915;0.00;monofasico
7897816271150;0.00;monofasico
7897832824743;0.00;real
7897840300314;0.00;monofasico
7897840304336;0.00;monofasico
7897840304657;25.00;monofasico
7897840304664;25.00;monofasico
7897840304671;0.00;monofasico
7897840304688;0.00;monofasico
7897840304787;25.00;monofasico
7897840305371;25.00;monofasico
7897840305388;25.00;monofasico
7897840305395;25.00;monofasico
7897840305401;0.00;monofasico
7897840305418;0.00;monofasico
7897840305425;0.00;monofasico
7897840305432;0.00;monofasico
7897840305449;0.00;monofasico
7897840305456;0.00;monofasico
7897840305463;0.00;monofasico
7897840305470;0.00;monofasico
7897840305487;0.00;monofasico
7897840305548;0.00;monofasico
7897840305555;0.00;monofasico
7897840305562;0.00;monofasico
7897840305586;0.00;monofasico
7897840305609;0.00;monofasico
7897840305616;0.00;monofasico
7897840305685;0.00;monofasico
7897840305692;0.00;monofasico
7897840305708;0.00;monofasico
7897840305715;0.00;monofasico
7897840305722;0.00;monofasico
7897840305739;0.00;monofasico
7897840305753;0.00;monofasico
7897840305814;0.00;monofasico
7897840305821;0.00;monofasico
7897840305838;0.00;monofasico
7897840305845;0.00;monofasico
7897840305852;0.00;monofasico
7897840305876;0.00;monofasico
7897840305883;0.00;monofasico
7897840305890;0.00;monofasico
7897840305906;0.00;monofasico
7897840305913;0.00;monofasico
7897840305920;0.00;monofasico
7897840305937;0.00;monofasico
7897840305951;0.00;monofasico
7897840305968;0.00;monofasico
7897840305975;0.00;monofasico
7897840305999;0.00;monofasico
7897840306002;0.00;monofasico
7897840306019;0.00;monofasico
7897840306026;0.00;monofasico
7897840306033;0.00;monofasico
7897840306118;0.00;monofasico
7897840306125;0.00;monofasico
7897840306132;0.00;monofasico
7897840306149;0.00;monofasico
7897840306156;0.00;monofasico
7897840306163;0.00;monofasico
7897840308341;25.00;monofasico
7897840308358;25.00;monofasico
7897840308365;25.00;monofasico
7897840308372;25.00;monofasico
7897840308426;0.00;monofasico
7897840308860;0.00;monofasico
7897840309416;0.00;monofasico
7897849608060;18.00;real
7897849610063;18.00;real
7897849610070;18.00;real
7897849610100;18.00;real
7897878135797;25.00;presumido
7897930777743;25.00;monofasico
7897930779327;25.00;monofasico
7897930779532;25.00;monofasico
7897930779549;25.00;monofasico
7897947600348;25.00;monofasico
7897947600577;18.00;presumido
7897947600713;25.00;monofasico
7897947600843;18.00;real
7897947600904;18.00;real
7897947601185;18.00;monofasico
7897947601437;18.00;real
7897947601680;0.00;monofasico
7897947601697;18.00;monofasico
7897947601840;25.00;monofasico
7897947601857;25.00;monofasico
7897947601864;25.00;monofasico
7897947601901;18.00;real
7897947601918;18.00;monofasico
7897947604384;18.00;real
7897947604506;18.00;presumido
7897947604582;0.00;monofasico
7897947605053;18.00;real
7897947606500;18.00;real
7897947606517;18.00;real
7897947607057;0.00;monofasico
7897947607392;25.00;monofasico
7897947607521;25.00;monofasico
7897947607996;18.00;monofasico
7897947610736;18.00;real
7897947610965;25.00;monofasico
7897947612273;25.00;monofasico
7897947612334;25.00;monofasico
7897947612365;25.00;monofasico
7897947612594;18.00;real
7897947612891;18.00;real
7897947612907;18.00;presumido
7897947613072;18.00;real
7897947613645;18.00;presumido
7897947614734;25.00;monofasico
7897947614758;18.00;real
7897947615397;18.00;real
7897947616882;25.00;monofasico
7897947617025;18.00;monofasico
7897947617032;18.00;monofasico
7897947617322;0.00;monofasico
7897947617384;25.00;monofasico
7897947617476;25.00;monofasico
7897947617568;0.00;presumido
7897947617681;25.00;monofasico
7897947617704;0.00;monofasico
7897947617773;18.00;real
7897947617797;25.00;monofasico
7897947617803;25.00;monofasico
7897947617940;25.00;monofasico
7897947619500;25.00;monofasico
7897947619579;25.00;monofasico
7897947619586;25.00;monofasico
7897947619593;25.00;monofasico
7897947620131;18.00;monofasico
7897947620148;18.00;real
7897947620162;18.00;monofasico
7897947620179;18.00;monofasico
7897947620186;18.00;monofasico
7897947620193;18.00;monofasico
7897947620230;25.00;monofasico
7897947620445;25.00;monofasico
7897947620476;25.00;monofasico
7897947620490;12.00;monofasico
7897947620506;12.00;monofasico
7897947620513;18.00;monofasico
7897947620520;18.00;monofasico
7897947620551;12.00;monofasico
7897947620605;25.00;monofasico
7897947620612;18.00;monofasico
7897947620629;18.00;monofasico
7897947620636;18.00;monofasico
7897947620643;18.00;monofasico
7897947620735;18.00;monofasico
7897947620759;18.00;monofasico
7897947620766;12.00;monofasico
7897947620773;12.00;monofasico
7897947620933;18.00;monofasico
7897947620940;18.00;monofasico
7897947620957;18.00;monofasico
7897947621176;0.00;monofasico
7897947621183;25.00;monofasico
7897947621305;12.00;monofasico
7897947621312;25.00;monofasico
7897947621329;25.00;monofasico
7897947621336;25.00;monofasico
7897947621367;25.00;monofasico
7897947621374;18.00;monofasico
7897947621381;18.00;monofasico
7897947621398;18.00;monofasico
7897947621435;25.00;monofasico
7897947621459;12.00;monofasico
7897947621466;12.00;monofasico
7897947621473;12.00;monofasico
7897947621619;18.00;monofasico
7897947621626;18.00;monofasico
7897947621633;18.00;monofasico
7897947621640;18.00;monofasico
7897947621657;18.00;monofasico
7897947621664;18.00;monofasico
7897947621671;18.00;monofasico
7897947621688;18.00;monofasico
7897947621749;25.00;monofasico
7897947621756;25.00;monofasico
7897947621794;25.00;monofasico
7897947621800;25.00;monofasico
7897947621817;25.00;monofasico
7897947621824;25.00;monofasico
7897947621831;25.00;monofasico
7897947621848;25.00;monofasico
7897947621855;18.00;monofasico
7897947621862;18.00;monofasico
7897947621879;18.00;monofasico
7897947621886;18.00;monofasico
7897947622067;25.00;monofasico
7897947622081;12.00;monofasico
7897947622098;12.00;monofasico
7897947622104;12.00;monofasico
7897947622111;12.00;monofasico
7897947622128;12.00;monofasico
7897947622173;0.00;monofasico
7897947622180;0.00;monofasico
7897947622197;25.00;monofasico
7897947622241;25.00;monofasico
7897947622371;25.00;monofasico
7897947622388;25.00;monofasico
7897947622395;25.00;monofasico
7897947622777;18.00;monofasico
7897947622807;12.00;monofasico
7897975018573;18.00;real
7897975061425;18.00;real
7897980701002;18.00;real
7897990197826;0.00;presumido
7897994612929;0.00;monofasico
7898003280818;18.00;real
7898003280825;18.00;real
7898005490444;0.00;real
7898005493155;0.00;real
7898005494466;0.00;real
7898009430903;12.00;monofasico
7898009431139;12.00;monofasico
7898009431146;0.00;monofasico
7898009431160;12.00;monofasico
7898009431184;0.00;monofasico
7898009431207;12.00;monofasico
7898009431214;12.00;monofasico
7898009431245;0.00;monofasico
7898009431252;18.00;monofasico
7898009431269;18.00;monofasico
7898009433171;12.00;monofasico
7898009434598;0.00;monofasico
7898009437353;12.00;monofasico
7898009437575;12.00;monofasico
7898009437629;12.00;monofasico
7898009437636;12.00;monofasico
7898009437728;12.00;monofasico
7898009439845;12.00;monofasico
7898016507247;18.00;presumido
7898016507254;18.00;presumido
7898021142877;0.00;monofasico
7898023119426;18.00;monofasico
7898024398493;0.00;real
7898024398783;18.00;real
7898024398790;18.00;real
7898025840076;18.00;monofasico
7898039563732;18.00;monofasico
7898039566290;18.00;monofasico
7898045701111;0.00;real
7898056232390;18.00;real
7898067614567;18.00;presumido
7898068960458;0.00;monofasico
7898073840127;0.00;monofasico
7898075874922;0.00;presumido
7898075874953;0.00;presumido
7898080640369;0.00;monofasico
7898080640611;0.00;monofasico
7898085940136;25.00;monofasico
7898085940143;18.00;monofasico
7898085940150;18.00;monofasico
7898085940495;18.00;real
7898085940518;18.00;monofasico
7898085940525;18.00;monofasico
7898085940549;18.00;monofasico
7898085940570;18.00;monofasico
7898085943809;18.00;monofasico
7898085945001;18.00;monofasico
7898085945049;18.00;monofasico
7898085947562;18.00;monofasico
7898098473201;25.00;monofasico
7898098475069;25.00;monofasico
7898098479807;25.00;monofasico
7898098479869;25.00;monofasico
7898100030545;18.00;presumido
7898100032365;25.00;presumido
7898100032372;25.00;presumido
7898100032389;25.00;presumido
7898100034222;18.00;presumido
7898100035281;25.00;presumido
7898100035694;18.00;presumido
7898100036783;18.00;presumido
7898100039227;18.00;presumido
7898100039838;18.00;presumido
7898100041619;0.00;monofasico
7898100041626;18.00;presumido
7898100041633;18.00;presumido
7898100043361;18.00;presumido
7898100043682;18.00;presumido
7898100047628;3.20;monofasico
7898100051502;18.00;presumido
7898100061082;18.00;presumido
7898100061488;25.00;monofasico
7898100061617;0.00;monofasico
7898100061624;25.00;monofasico
7898100061945;0.00;monofasico
7898100061952;0.00;monofasico
7898100061969;25.00;monofasico
7898100061976;25.00;monofasico
7898100061983;25.00;monofasico
7898100061990;25.00;monofasico
7898100062010;25.00;monofasico
7898100062027;0.00;monofasico
7898100062034;0.00;monofasico
7898100062041;25.00;monofasico
7898100062065;25.00;monofasico
7898100062331;25.00;monofasico
7898100062355;25.00;monofasico
7898100062454;25.00;monofasico
7898100062461;25.00;monofasico
7898100062485;25.00;monofasico
7898100062492;25.00;monofasico
7898100062508;25.00;monofasico
7898100062515;25.00;monofasico
7898100063161;0.00;monofasico
7898100063178;0.00;monofasico
7898101642723;0.00;monofasico
7898101646288;18.00;real
7898102892325;0.00;monofasico
7898108643259;18.00;monofasico
7898108643266;18.00;monofasico
7898108643273;18.00;monofasico
7898108644492;18.00;monofasico
7898108644508;18.00;monofasico
7898108644515;18.00;monofasico
7898108644546;18.00;monofasico
7898108645246;18.00;monofasico
7898112603515;0.00;real
7898123342533;0.00;monofasico
7898123342571;0.00;monofasico
7898123344162;25.00;monofasico
7898124530199;0.00;monofasico
7898124620012;18.00;real
7898126400025;18.00;monofasico
7898126400056;25.00;monofasico
7898126400070;25.00;monofasico
7898126400087;25.00;monofasico
7898126400117;25.00;monofasico
7898126400131;0.00;monofasico
7898126400216;25.00;monofasico
7898126400247;18.00;monofasico
7898126400254;25.00;monofasico
7898126400261;18.00;monofasico
7898126400278;25.00;monofasico
7898126400346;18.00;monofasico
7898126400353;25.00;monofasico
7898126400414;25.00;monofasico
7898126400674;25.00;monofasico
7898126400728;25.00;monofasico
7898126400872;18.00;monofasico
7898126400889;25.00;monofasico
7898126400926;25.00;monofasico
7898126400933;0.00;monofasico
7898126400964;25.00;monofasico
7898126401053;25.00;monofasico
7898126401190;25.00;monofasico
7898126401206;25.00;monofasico
7898126402227;25.00;monofasico
7898126402234;25.00;monofasico
7898126402241;18.00;monofasico
7898126402258;25.00;monofasico
7898126402562;25.00;monofasico
7898126402876;0.00;monofasico
7898126402883;25.00;monofasico
7898126403071;18.00;monofasico
7898126403088;18.00;monofasico
7898126403095;25.00;monofasico
7898126403187;25.00;monofasico
7898126403439;25.00;monofasico
7898126403453;18.00;monofasico
7898126403477;25.00;monofasico
7898126403491;25.00;monofasico
7898126403507;25.00;monofasico
7898126403514;25.00;monofasico
7898126403651;25.00;monofasico
7898126403668;25.00;monofasico
7898126403675;25.00;monofasico
7898126404054;0.00;monofasico
7898126404078;0.00;monofasico
7898126404085;0.00;monofasico
7898126404092;0.00;monofasico
7898126404160;25.00;monofasico
7898126404177;25.00;monofasico
7898126404184;25.00;monofasico
7898126404191;18.00;monofasico
7898126404207;18.00;monofasico
7898126404269;25.00;monofasico
7898126404276;25.00;monofasico
7898126404283;25.00;monofasico
7898126404306;18.00;monofasico
7898126404528;25.00;monofasico
7898126404535;18.00;monofasico
7898126404870;25.00;monofasico
7898126405006;0.00;monofasico
7898126405068;0.00;monofasico
7898126405792;18.00;monofasico
7898126405815;25.00;monofasico
7898126405839;25.00;monofasico
7898126405846;25.00;monofasico
7898126406270;25.00;monofasico
7898126406287;25.00;monofasico
7898126406294;18.00;monofasico
7898126406690;25.00;monofasico
7898126406713;25.00;monofasico
7898126407314;25.00;monofasico
7898126407536;18.00;monofasico
7898126407543;18.00;monofasico
7898126407550;25.00;monofasico
7898126407567;25.00;monofasico
7898126407581;25.00;monofasico
7898126407598;25.00;monofasico
7898126407604;25.00;monofasico
7898126407611;25.00;monofasico
7898126407659;25.00;monofasico
7898126407666;18.00;monofasico
7898126407727;0.00;monofasico
7898126407772;18.00;monofasico
7898126407789;25.00;monofasico
7898126407796;25.00;monofasico
7898126407802;25.00;monofasico
7898126407857;18.00;monofasico
7898126407864;18.00;monofasico
7898126407871;25.00;monofasico
7898126407888;25.00;monofasico
7898126407901;25.00;monofasico
7898126407918;25.00;monofasico
7898126408182;25.00;monofasico
7898126408199;25.00;monofasico
7898126408205;25.00;monofasico
7898126408212;25.00;monofasico
7898126408229;25.00;monofasico
7898126408236;25.00;monofasico
7898126408243;25.00;monofasico
7898126408250;25.00;monofasico
7898126408267;25.00;monofasico
7898126408274;25.00;monofasico
7898126408281;25.00;monofasico
7898126408298;25.00;monofasico
7898126408304;25.00;monofasico
7898126408311;25.00;monofasico
7898126408328;25.00;monofasico
7898126408335;25.00;monofasico
7898126408342;25.00;monofasico
7898126408359;25.00;monofasico
7898126408366;25.00;monofasico
7898126408373;25.00;monofasico
7898126408380;25.00;monofasico
7898126408403;25.00;monofasico
7898126408410;25.00;monofasico
7898126408427;25.00;monofasico
7898126408434;25.00;monofasico
7898126408441;25.00;monofasico
7898126408458;25.00;monofasico
7898126408465;25.00;monofasico
7898126408472;25.00;monofasico
7898126408489;0.00;monofasico
7898126408496;25.00;monofasico
7898126408502;25.00;monofasico
7898126408540;0.00;monofasico
7898126408557;25.00;monofasico
7898126408564;25.00;monofasico
7898126408571;25.00;monofasico
7898126408588;25.00;monofasico
7898126408595;25.00;monofasico
7898126408601;25.00;monofasico
7898126408625;25.00;monofasico
7898126408632;25.00;monofasico
7898126408649;25.00;monofasico
7898126408656;25.00;monofasico
7898126408663;25.00;monofasico
7898126408670;25.00;monofasico
7898126408700;25.00;monofasico
7898126408953;18.00;monofasico
7898126408977;25.00;monofasico
7898126409004;25.00;monofasico
7898126409035;25.00;monofasico
7898126409240;25.00;monofasico
7898126409448;25.00;monofasico
7898126409462;18.00;monofasico
7898126409486;0.00;monofasico
7898126409493;25.00;monofasico
7898126409523;0.00;monofasico
7898126409554;25.00;monofasico
7898128474017;0.00;real
7898128625297;18.00;monofasico
7898128625303;18.00;monofasico
7898130550976;0.00;monofasico
7898132847159;0.00;monofasico
7898132847272;0.00;real
7898132980498;18.00;monofasico
7898132980603;18.00;monofasico
7898132980610;25.00;monofasico
7898132980641;25.00;monofasico
7898132980658;25.00;monofasico
7898132980665;25.00;monofasico
7898132980672;25.00;monofasico
7898132980696;25.00;monofasico
7898132980726;18.00;monofasico
7898132980764;25.00;monofasico
7898132980788;25.00;monofasico
7898132980825;25.00;monofasico
7898132980832;0.00;monofasico
7898132980849;25.00;monofasico
7898132980900;25.00;monofasico
7898132980917;25.00;monofasico
7898132981143;25.00;monofasico
7898132981204;0.00;monofasico
7898132981235;25.00;monofasico
7898132981259;25.00;monofasico
7898132981266;25.00;monofasico
7898132981280;25.00;monofasico
7898132981303;25.00;monofasico
7898132981327;25.00;monofasico
7898132981365;25.00;monofasico
7898132981389;18.00;monofasico
7898132981396;18.00;monofasico
7898132981419;25.00;monofasico
7898132981433;25.00;monofasico
7898132981440;25.00;monofasico
7898132981648;25.00;monofasico
7898132981655;25.00;monofasico
7898132981662;0.00;monofasico
7898132981723;0.00;monofasico
7898132981730;0.00;monofasico
7898132981778;0.00;monofasico
7898132981815;0.00;monofasico
7898132981822;0.00;monofasico
7898132981853;0.00;monofasico
7898132981860;0.00;monofasico
7898132981945;18.00;monofasico
7898132981952;25.00;monofasico
7898132981969;25.00;monofasico
7898132981976;25.00;monofasico
7898132981990;25.00;monofasico
7898132982003;18.00;monofasico
7898132982010;25.00;monofasico
7898132982027;25.00;monofasico
7898132982034;25.00;monofasico
7898132982058;25.00;monofasico
7898132982263;18.00;monofasico
7898132982270;18.00;monofasico
7898132982287;18.00;monofasico
7898132982294;25.00;monofasico
7898132982300;25.00;monofasico
7898132982317;25.00;monofasico
7898132982331;0.00;monofasico
7898132982379;0.00;monofasico
7898132982393;0.00;monofasico
7898132982409;0.00;monofasico
7898132982416;0.00;monofasico
7898132983376;25.00;monofasico
7898132983383;25.00;monofasico
7898132983390;25.00;monofasico
7898132983406;25.00;monofasico
7898132983413;0.00;monofasico
7898132983420;0.00;monofasico
7898132983437;25.00;monofasico
7898132983444;25.00;monofasico
7898132983451;25.00;monofasico
7898132983468;25.00;monofasico
7898132983475;25.00;monofasico
7898132983482;18.00;monofasico
7898132983499;18.00;monofasico
7898132983505;18.00;monofasico
7898132983611;25.00;monofasico
7898132983628;25.00;monofasico
7898132983635;25.00;monofasico
7898132984830;18.00;monofasico
7898132984908;25.00;monofasico
7898132984915;25.00;monofasico
7898132984922;25.00;monofasico
7898132984953;25.00;monofasico
7898132984960;25.00;monofasico
7898132985035;0.00;monofasico
7898132985097;18.00;monofasico
7898132985165;25.00;monofasico
7898132985189;25.00;monofasico
7898132985196;25.00;monofasico
7898132985226;25.00;monofasico
7898132985783;18.00;monofasico
7898132985790;25.00;monofasico
7898132985806;25.00;monofasico
7898132986407;18.00;monofasico
7898132986414;25.00;monofasico
7898132987107;18.00;monofasico
7898132987114;25.00;monofasico
7898132987121;25.00;monofasico
7898132987138;25.00;monofasico
7898132987183;25.00;monofasico
7898132987299;25.00;monofasico
7898132987305;18.00;monofasico
7898132987312;25.00;monofasico
7898132987329;25.00;monofasico
7898132987404;25.00;monofasico
7898132987497;25.00;monofasico
7898132987503;25.00;monofasico
7898132987510;25.00;monofasico
7898132987527;25.00;monofasico
7898132987534;25.00;monofasico
7898132987541;25.00;monofasico
7898132987558;25.00;monofasico
7898132987565;25.00;monofasico
7898132987657;25.00;monofasico
7898132987664;25.00;monofasico
7898132987671;0.00;monofasico
7898132987688;25.00;monofasico
7898132987695;25.00;monofasico
7898132987701;25.00;monofasico
7898132987718;25.00;monofasico
7898132987725;25.00;monofasico
7898132987732;25.00;monofasico
7898132987749;25.00;monofasico
7898132987770;25.00;monofasico
7898132987787;0.00;monofasico
7898132987794;25.00;monofasico
7898132987978;25.00;monofasico
7898132988050;25.00;monofasico
7898132988067;25.00;monofasico
7898132988074;25.00;monofasico
7898132988081;0.00;monofasico
7898132988104;0.00;monofasico
7898132988111;0.00;monofasico
7898132988128;0.00;monofasico
7898132988142;0.00;monofasico
7898132988159;25.00;monofasico
7898132988166;25.00;monofasico
7898132988180;25.00;monofasico
7898132988210;25.00;monofasico
7898132988227;18.00;monofasico
7898132988234;25.00;monofasico
7898132988241;25.00;monofasico
7898132988272;18.00;monofasico
7898132988319;25.00;monofasico
7898132988333;25.00;monofasico
7898132988364;25.00;monofasico
7898132988371;0.00;monofasico
7898132988487;18.00;monofasico
7898132988500;25.00;monofasico
7898132988517;25.00;monofasico
7898132988531;25.00;monofasico
7898132988593;25.00;monofasico
7898132988685;25.00;monofasico
7898132988791;25.00;monofasico
7898132988814;25.00;monofasico
7898132988821;25.00;monofasico
7898132988838;25.00;monofasico
7898132988845;25.00;monofasico
7898132988883;18.00;monofasico
7898132988890;18.00;monofasico
7898132988920;25.00;monofasico
7898132988937;25.00;monofasico
7898132988951;25.00;monofasico
7898132988968;25.00;monofasico
7898132988975;25.00;monofasico
7898132988999;25.00;monofasico
7898132989002;25.00;monofasico
7898132989019;25.00;monofasico
7898132989040;25.00;monofasico
7898132989057;25.00;monofasico
7898132989095;18.00;monofasico
7898132989101;18.00;monofasico
7898132989132;25.00;monofasico
7898132989149;25.00;monofasico
7898132989156;25.00;monofasico
7898132989163;25.00;monofasico
7898132989187;25.00;monofasico
7898132989194;25.00;monofasico
7898132989217;25.00;monofasico
7898132989224;25.00;monofasico
7898132989231;25.00;monofasico
7898132989248;25.00;monofasico
7898132989255;25.00;monofasico
7898132989262;25.00;monofasico
7898132989279;25.00;monofasico
7898132989286;25.00;monofasico
7898132989293;25.00;monofasico
7898132989309;25.00;monofasico
7898132989316;25.00;monofasico
7898132989323;25.00;monofasico
7898132989330;25.00;monofasico
7898132989347;25.00;monofasico
7898132989354;25.00;monofasico
7898132989361;25.00;monofasico
7898132989378;25.00;monofasico
7898132989385;25.00;monofasico
7898132989392;25.00;monofasico
7898132989408;25.00;monofasico
7898132989415;25.00;monofasico
7898132989453;25.00;monofasico
7898132989460;25.00;monofasico
7898132989583;25.00;monofasico
7898132989613;25.00;monofasico
7898132989644;25.00;monofasico
7898132989651;25.00;monofasico
7898132989668;25.00;monofasico
7898132989675;25.00;monofasico
7898132989699;18.00;monofasico
7898132989958;25.00;monofasico
7898133019746;0.00;monofasico
7898143681049;25.00;monofasico
7898143681070;0.00;monofasico
7898143683739;25.00;monofasico
7898143684514;25.00;monofasico
7898148910168;0.00;monofasico
7898153270523;0.00;monofasico
7898157492501;25.00;monofasico
7898157492525;25.00;monofasico
7898157494734;25.00;monofasico
7898157499111;0.00;monofasico
7898157499128;25.00;monofasico
7898157610042;25.00;monofasico
7898157611018;18.00;monofasico
7898157611025;18.00;monofasico
7898157611032;18.00;monofasico
7898157611049;18.00;monofasico
7898157611841;18.00;monofasico
7898157613708;18.00;monofasico
7898157613920;18.00;monofasico
7898157614316;25.00;monofasico
7898157614743;25.00;monofasico
7898157616235;18.00;monofasico
7898157616242;18.00;monofasico
7898157616259;18.00;monofasico
7898157616273;0.00;monofasico
7898157616280;25.00;monofasico
7898157616297;25.00;monofasico
7898157616303;18.00;monofasico
7898157616310;18.00;monofasico
7898157616327;18.00;monofasico
7898157616396;25.00;monofasico
7898157616419;25.00;monofasico
7898157616723;25.00;monofasico
7898157616730;25.00;monofasico
7898157616754;25.00;monofasico
7898157619229;18.00;monofasico
7898157920400;0.00;monofasico
7898165305602;0.00;monofasico
7898172345592;18.00;monofasico
7898175597264;0.00;monofasico
7898193140435;0.00;monofasico
7898197410305;0.00;presumido
7898197410688;0.00;presumido
7898197410701;0.00;presumido
7898197410718;0.00;presumido
7898197410725;0.00;presumido
7898197410961;0.00;presumido
7898197410978;0.00;presumido
7898197415591;18.00;monofasico
7898197415638;0.00;monofasico
7898197415652;18.00;presumido
7898197416260;18.00;monofasico
7898197416284;18.00;monofasico
7898197416291;18.00;monofasico
7898197419452;0.00;monofasico
7898207210185;4.00;real
7898207210192;4.00;real
7898207210208;4.00;real
7898207210550;4.00;real
7898207210567;4.00;real
7898207210574;4.00;real
7898207210581;4.00;real
7898207210598;4.00;real
7898207210604;4.00;real
7898207211533;0.00;presumido
7898207211540;4.00;real
7898207211557;4.00;real
7898212280043;18.00;monofasico
7898212280050;18.00;monofasico
7898212280135;18.00;monofasico
7898212280142;0.00;real
7898212280197;18.00;monofasico
7898212280203;18.00;monofasico
7898212280227;18.00;real
7898212280395;18.00;monofasico
7898212280401;18.00;monofasico
7898212280470;18.00;monofasico
7898212280487;18.00;monofasico
7898212280500;18.00;monofasico
7898212280517;18.00;monofasico
7898212280661;18.00;monofasico
7898212280708;18.00;monofasico
7898212280715;18.00;monofasico
7898212280722;18.00;monofasico
7898212280739;18.00;monofasico
7898212280760;18.00;monofasico
7898212280777;18.00;monofasico
7898212280784;18.00;monofasico
7898212280791;18.00;monofasico
7898212280944;25.00;monofasico
7898212280951;25.00;monofasico
7898212280968;18.00;monofasico
7898212280975;18.00;monofasico
7898212280982;18.00;monofasico
7898212280999;18.00;monofasico
7898212281408;0.00;real
7898212281415;0.00;monofasico
7898212281477;18.00;monofasico
7898212281576;18.00;monofasico
7898212281651;18.00;monofasico
7898212281736;18.00;monofasico
7898212281934;18.00;monofasico
7898212281941;18.00;monofasico
7898212281958;18.00;monofasico
7898212282023;18.00;monofasico
7898212282061;0.00;monofasico
7898212282108;25.00;monofasico
7898212282139;18.00;monofasico
7898212282214;25.00;monofasico
7898212282252;18.00;presumido
7898212282276;18.00;monofasico
7898212282344;18.00;monofasico
7898212282405;0.00;monofasico
7898212282412;25.00;monofasico
7898212282429;25.00;monofasico
7898212282436;25.00;monofasico
7898212282535;25.00;monofasico
7898212282597;18.00;monofasico
7898212282603;18.00;monofasico
7898212282610;18.00;monofasico
7898212282627;18.00;monofasico
7898212282696;18.00;monofasico
7898212282924;18.00;monofasico
7898212282948;25.00;monofasico
7898212282955;0.00;monofasico
7898212282979;18.00;monofasico
7898212283310;18.00;monofasico
7898212283327;25.00;monofasico
7898212283334;18.00;monofasico
7898212283341;18.00;monofasico
7898212283372;18.00;monofasico
7898212284331;0.00;monofasico
7898212284348;18.00;monofasico
7898212284591;18.00;monofasico
7898212284607;18.00;monofasico
7898212284683;18.00;monofasico
7898212284690;18.00;monofasico
7898212284751;18.00;monofasico
7898212284805;18.00;monofasico
7898212284812;18.00;monofasico
7898212284867;18.00;monofasico
7898212285017;18.00;monofasico
7898212285031;18.00;monofasico
7898212285208;18.00;monofasico
7898212285215;18.00;monofasico
7898212285291;0.00;presumido
7898212285314;0.00;monofasico
7898212285321;25.00;monofasico
7898212285338;0.00;presumido
7898212285345;0.00;monofasico
7898212285499;0.00;monofasico
7898212285703;18.00;monofasico
7898212285819;25.00;monofasico
7898212285826;25.00;monofasico
7898212285833;0.00;monofasico
7898212285970;25.00;monofasico
7898212285987;18.00;monofasico
7898212286007;0.00;monofasico
7898212286014;0.00;monofasico
7898212286526;18.00;monofasico
7898212286533;25.00;monofasico
7898212286540;18.00;monofasico
7898212286557;18.00;monofasico
7898212286564;18.00;monofasico
7898212286571;18.00;monofasico
7898212286595;18.00;monofasico
7898212286625;18.00;monofasico
7898212286632;18.00;monofasico
7898212286656;18.00;monofasico
7898212286670;18.00;monofasico
7898212286694;18.00;monofasico
7898212286717;18.00;monofasico
7898212286724;18.00;monofasico
7898212286731;18.00;monofasico
7898212286915;18.00;monofasico
7898212286922;18.00;monofasico
7898212286939;0.00;monofasico
7898212286946;18.00;monofasico
7898212287028;18.00;monofasico
7898212287035;0.00;monofasico
7898212287059;18.00;monofasico
7898212287110;0.00;monofasico
7898212287127;0.00;monofasico
7898212287134;0.00;real
7898212287141;25.00;monofasico
7898212287172;0.00;monofasico
7898212287189;25.00;monofasico
7898212287196;0.00;monofasico
7898212287226;18.00;monofasico
7898212287288;18.00;monofasico
7898212287332;18.00;monofasico
7898212287363;18.00;monofasico
7898212287370;18.00;monofasico
7898212287387;25.00;monofasico
7898212287394;0.00;monofasico
7898212287400;0.00;monofasico
7898212287417;25.00;monofasico
7898212287424;25.00;monofasico
7898212287455;18.00;monofasico
7898212287462;18.00;monofasico
7898212287479;18.00;monofasico
7898212287486;18.00;monofasico
7898212287493;18.00;monofasico
7898212287509;25.00;monofasico
7898212287516;0.00;monofasico
7898212287523;18.00;monofasico
7898212287530;18.00;real
7898212287547;25.00;monofasico
7898212287554;25.00;monofasico
7898212287561;25.00;monofasico
7898212287585;18.00;monofasico
7898212287592;18.00;monofasico
7898212287608;0.00;monofasico
7898212287622;18.00;monofasico
7898212287639;0.00;monofasico
7898212287646;18.00;monofasico
7898212287653;0.00;monofasico
7898212287806;25.00;monofasico
7898212288056;18.00;monofasico
7898212288070;18.00;monofasico
7898212288087;18.00;monofasico
7898212288124;25.00;monofasico
7898212288223;25.00;monofasico
7898212288230;18.00;monofasico
7898212288247;18.00;monofasico
7898212288254;18.00;monofasico
7898212288261;25.00;monofasico
7898212288278;25.00;monofasico
7898212288285;25.00;monofasico
7898212288292;25.00;monofasico
7898212288483;18.00;monofasico
7898212288490;18.00;monofasico
7898212288506;18.00;monofasico
7898212288513;18.00;monofasico
7898212288520;18.00;monofasico
7898212288551;0.00;monofasico
7898212288599;18.00;monofasico
7898212288605;0.00;monofasico
7898212288636;18.00;monofasico
7898212288643;18.00;monofasico
7898212288650;0.00;monofasico
7898222811015;25.00;monofasico
7898222813330;25.00;monofasico
7898222813347;25.00;monofasico
7898229190663;25.00;monofasico
7898229192025;25.00;monofasico
7898233930118;18.00;monofasico
7898233930453;25.00;real
7898233931009;25.00;real
7898233931412;18.00;monofasico
7898233932068;25.00;real
7898233932075;25.00;real
7898233932082;25.00;real
7898233932099;25.00;real
7898233932105;25.00;real
7898233932129;25.00;real
7898233932136;25.00;real
7898233932150;25.00;real
7898233932167;25.00;real
7898233932174;18.00;presumido
7898235830881;3.89;monofasico
7898236080308;18.00;monofasico
7898236080315;12.00;monofasico
7898236080322;25.00;monofasico
7898236080384;18.00;monofasico
7898236080391;25.00;monofasico
7898236080407;12.00;monofasico
7898237150697;0.00;presumido
7898237150703;0.00;real
7898248783372;25.00;monofasico
7898259690607;25.00;monofasico
7898259690614;25.00;monofasico
7898259690621;25.00;monofasico
7898259690638;25.00;monofasico
7898259690645;25.00;monofasico
7898259690652;25.00;monofasico
7898265335677;0.00;monofasico
7898268963402;0.00;monofasico
7898268963457;18.00;monofasico
7898268964034;18.00;presumido
7898268964102;18.00;monofasico
7898268964119;18.00;monofasico
7898269493366;18.00;monofasico
7898279790387;18.00;presumido
7898279790394;18.00;presumido
7898279790400;18.00;presumido
7898279790417;18.00;real
7898279790639;18.00;presumido
7898279790776;18.00;presumido
7898279792039;18.00;real
7898279794859;18.00;real
7898279795061;18.00;presumido
7898281091878;0.00;monofasico
7898281091892;25.00;monofasico
7898281095517;25.00;monofasico
7898281095609;0.00;monofasico
7898281098211;25.00;monofasico
7898288330024;18.00;real
7898303861991;12.00;real
7898303862004;12.00;real
7898307298076;0.00;monofasico
7898310144551;25.00;monofasico
7898314110576;0.00;real
7898314172499;12.00;real
7898329960159;18.00;presumido
7898333530157;18.00;real
7898343700007;18.00;real
7898343700229;18.00;real
7898343700267;18.00;presumido
7898343700274;18.00;presumido
7898343700281;25.00;real
7898343700298;25.00;real
7898343700304;25.00;real
7898343700311;25.00;real
7898343700335;25.00;real
7898343700342;25.00;real
7898343700359;25.00;real
7898343700793;18.00;monofasico
7898343700830;18.00;monofasico
7898343700854;18.00;monofasico
7898343700861;18.00;monofasico
7898343700939;18.00;real
7898343700960;18.00;real
7898343701103;18.00;real
7898343701196;18.00;real
7898343701899;18.00;real
7898343701929;18.00;real
7898343701936;18.00;real
7898343702209;18.00;real
7898343702315;18.00;presumido
7898343702339;18.00;presumido
7898343702346;18.00;real
7898343702858;0.00;monofasico
7898343702872;18.00;real
7898343702896;18.00;real
7898343702902;18.00;real
7898343702933;18.00;real
7898343702964;0.00;monofasico
7898343702971;0.00;monofasico
7898343702988;0.00;monofasico
7898343703008;18.00;presumido
7898343703015;18.00;presumido
7898343703022;18.00;real
7898343703046;18.00;real
7898343703053;18.00;real
7898343703671;18.00;real
7898343703961;18.00;real
7898343703978;18.00;real
7898343704289;0.00;monofasico
7898343704296;18.00;real
7898343704302;18.00;real
7898343704319;18.00;real
7898343704326;18.00;presumido
7898343704371;0.00;monofasico
7898343704388;18.00;real
7898343705231;0.00;presumido
7898343705248;0.00;monofasico
7898343705255;0.00;presumido
7898343705262;18.00;real
7898343705712;0.00;presumido
7898343705781;18.00;presumido
7898343705798;18.00;real
7898343705811;18.00;presumido
7898343707181;18.00;real
7898343707198;18.00;real
7898343707211;18.00;real
7898343707532;18.00;real
7898343707761;18.00;presumido
7898343708096;18.00;real
7898343708102;18.00;monofasico
7898343708133;25.00;real
7898343708140;25.00;real
7898343708539;18.00;real
7898343708546;18.00;real
7898343708553;18.00;real
7898343708898;18.00;real
7898343708911;18.00;real
7898343708928;18.00;real
7898343708935;18.00;real
7898343708942;18.00;real
7898343709031;18.00;real
7898343709482;18.00;real
7898343709499;18.00;real
7898343709505;18.00;real
7898343709536;18.00;real
7898343709543;18.00;real
7898343709581;18.00;real
7898343709703;18.00;presumido
7898343709710;18.00;real
7898343709727;18.00;real
7898343709734;18.00;real
7898343709949;25.00;real
7898343709956;25.00;real
7898349720023;18.00;monofasico
7898351480052;0.00;monofasico
7898351814840;18.00;real
7898352510581;25.00;monofasico
7898352514114;0.00;monofasico
7898352514121;25.00;monofasico
7898352514466;18.00;monofasico
7898352517931;25.00;monofasico
7898352517979;25.00;monofasico
7898352519584;18.00;monofasico
7898361080242;18.00;monofasico
7898361080259;18.00;monofasico
7898361080358;18.00;real
7898361841294;0.00;monofasico
7898364710535;18.00;real
7898369690061;0.00;monofasico
7898369690085;0.00;monofasico
7898369690108;0.00;monofasico
7898369690115;0.00;monofasico
7898369690207;0.00;monofasico
7898369690214;0.00;monofasico
7898369690221;0.00;monofasico
7898369690238;0.00;monofasico
7898369690245;0.00;monofasico
7898369690276;0.00;monofasico
7898369690719;25.00;monofasico
7898369690726;25.00;monofasico
7898369690733;25.00;monofasico
7898369690740;25.00;real
7898369690757;25.00;real
7898369690764;25.00;monofasico
7898369690771;25.00;monofasico
7898369690788;25.00;real
7898375152249;0.00;monofasico
7898375153673;25.00;presumido
7898375153680;25.00;presumido
7898375153697;25.00;presumido
7898375153703;25.00;presumido
7898375153710;25.00;presumido
7898375153727;25.00;presumido
7898375153734;25.00;presumido
7898376280330;25.00;monofasico
7898379890161;0.00;presumido
7898392930394;0.00;monofasico
7898410310344;12.00;monofasico
7898410310399;12.00;monofasico
7898410310771;12.00;monofasico
7898410311808;12.00;monofasico
7898410311815;0.00;monofasico
7898410311891;12.00;monofasico
7898410311907;12.00;monofasico
7898410311914;12.00;monofasico
7898410312058;12.00;monofasico
7898410312089;0.00;monofasico
7898410312119;12.00;monofasico
7898410312225;12.00;monofasico
7898410312232;12.00;monofasico
7898410312683;12.00;monofasico
7898410312874;12.00;monofasico
7898410312881;12.00;monofasico
7898410313635;12.00;monofasico
7898410313710;12.00;monofasico
7898410313789;12.00;monofasico
7898410313796;12.00;monofasico
7898410313826;12.00;monofasico
7898410314700;12.00;monofasico
7898410314786;12.00;monofasico
7898410314793;12.00;monofasico
7898410314885;12.00;monofasico
7898410315059;0.00;monofasico
7898410315073;0.00;monofasico
7898410315110;12.00;monofasico
7898410315325;12.00;monofasico
7898410315431;12.00;monofasico
7898410315493;12.00;monofasico
7898410315899;12.00;monofasico
7898410315905;12.00;monofasico
7898410315912;12.00;monofasico
7898410317497;0.00;monofasico
7898410318081;12.00;monofasico
7898410318135;12.00;monofasico
7898410318234;12.00;monofasico
7898410319606;12.00;monofasico
7898410319613;0.00;monofasico
7898410319620;12.00;monofasico
7898410319637;12.00;monofasico
7898410319644;0.00;monofasico
7898410319651;12.00;monofasico
7898410319668;12.00;monofasico
7898410319675;12.00;monofasico
7898410319934;12.00;monofasico
7898410319941;0.00;monofasico
7898410319958;12.00;monofasico
7898413250074;0.00;monofasico
7898413331162;25.00;monofasico
7898413331209;25.00;monofasico
7898413331339;25.00;monofasico
7898413331346;25.00;monofasico
7898413331353;0.00;monofasico
7898413331360;0.00;monofasico
7898413331391;0.00;monofasico
7898416440168;25.00;monofasico
7898416440700;25.00;monofasico
7898416441509;0.00;monofasico
7898416443060;25.00;monofasico
7898416443503;25.00;monofasico
7898416443510;25.00;monofasico
7898416444920;25.00;monofasico
7898416444937;25.00;monofasico
7898416444944;0.00;monofasico
7898416445385;25.00;monofasico
7898416445392;25.00;monofasico
7898416445408;0.00;monofasico
7898416830075;18.00;monofasico
7898416830099;0.00;monofasico
7898416830105;0.00;monofasico
7898416830112;25.00;monofasico
7898416830129;25.00;monofasico
7898416830136;25.00;monofasico
7898416830167;18.00;monofasico
7898416830174;18.00;monofasico
7898416830181;18.00;monofasico
7898416830198;18.00;monofasico
7898416830204;18.00;monofasico
7898416830211;0.00;monofasico
7898416830228;0.00;monofasico
7898416830235;18.00;monofasico
7898416830259;0.00;monofasico
7898416830303;18.00;monofasico
7898416830310;18.00;monofasico
7898416830334;18.00;monofasico
7898416830389;25.00;monofasico
7898416830396;25.00;monofasico
7898416830471;0.00;monofasico
7898416830488;0.00;monofasico
7898416830501;0.00;monofasico
7898416830525;0.00;monofasico
7898416830532;0.00;monofasico
7898416830549;0.00;monofasico
7898416830556;25.00;monofasico
7898416830570;0.00;monofasico
7898416830594;0.00;monofasico
7898416830600;0.00;monofasico
7898416830938;0.00;monofasico
7898416832147;18.00;monofasico
7898416832154;25.00;monofasico
7898416832161;25.00;monofasico
7898416832178;25.00;monofasico
7898416832185;25.00;monofasico
7898416832192;25.00;monofasico
7898416832208;25.00;monofasico
7898416832215;25.00;monofasico
7898416832239;18.00;monofasico
7898416833595;18.00;monofasico
7898416833755;18.00;monofasico
7898416833762;18.00;monofasico
7898416833809;18.00;monofasico
7898416833908;25.00;monofasico
7898416834004;18.00;monofasico
7898416834011;18.00;monofasico
7898416834028;0.00;monofasico
7898416834035;0.00;monofasico
7898416834141;18.00;monofasico
7898416834158;18.00;monofasico
7898416834165;18.00;monofasico
7898416834172;18.00;monofasico
7898416834189;18.00;monofasico
7898416834196;18.00;monofasico
7898416834202;18.00;monofasico
7898416834219;18.00;monofasico
7898416834226;18.00;monofasico
7898416834233;25.00;monofasico
7898416834240;25.00;monofasico
7898416834257;25.00;monofasico
7898416834264;25.00;monofasico
7898416834271;25.00;monofasico
7898416834288;25.00;monofasico
7898416834295;25.00;monofasico
7898416834301;25.00;monofasico
7898416834318;25.00;monofasico
7898416834325;25.00;monofasico
7898416834752;18.00;monofasico
7898416834783;25.00;monofasico
7898416834806;18.00;monofasico
7898416834936;18.00;monofasico
7898416838644;18.00;monofasico
7898416838705;18.00;monofasico
7898416839665;18.00;monofasico
7898416839672;25.00;monofasico
7898416839689;25.00;monofasico
7898416839849;18.00;monofasico
7898416839856;18.00;monofasico
7898416839863;18.00;monofasico
7898416839900;25.00;monofasico
7898416839917;0.00;monofasico
7898416839924;25.00;monofasico
7898416839931;25.00;monofasico
7898416980022;0.00;real
7898417530011;0.00;monofasico
7898417530028;0.00;monofasico
7898417530035;0.00;monofasico
7898417530042;0.00;monofasico
7898417530066;0.00;monofasico
7898417530073;0.00;monofasico
7898417530080;0.00;monofasico
7898417530097;0.00;monofasico
7898417530103;0.00;monofasico
7898417530110;0.00;monofasico
7898417530127;0.00;monofasico
7898417530158;0.00;monofasico
7898417530165;0.00;monofasico
7898417530172;0.00;monofasico
7898417530196;0.00;monofasico
7898417530219;0.00;monofasico
7898417530288;0.00;monofasico
7898417530387;0.00;monofasico
7898417530394;0.00;monofasico
7898417530424;0.00;monofasico
7898417530431;0.00;monofasico
7898417530448;0.00;monofasico
7898417530455;0.00;monofasico
7898417530479;0.00;monofasico
7898417530493;0.00;monofasico
7898417530523;0.00;monofasico
7898417530578;0.00;monofasico
7898417530585;0.00;monofasico
7898417530592;0.00;monofasico
7898417530608;0.00;monofasico
7898417530615;0.00;monofasico
7898417530622;0.00;monofasico
7898417530639;0.00;monofasico
7898417530646;0.00;monofasico
7898417530653;0.00;monofasico
7898417530660;0.00;monofasico
7898417530677;0.00;monofasico
7898417530684;0.00;monofasico
7898417530691;0.00;monofasico
7898417530707;0.00;monofasico
7898417530721;0.00;monofasico
7898417530745;0.00;monofasico
7898417530752;0.00;monofasico
7898417530769;0.00;monofasico
7898417530776;0.00;monofasico
7898417530851;0.00;monofasico
7898417530868;0.00;monofasico
7898417530875;0.00;monofasico
7898417530882;0.00;monofasico
7898417530899;0.00;monofasico
7898417530929;0.00;monofasico
7898417530936;0.00;monofasico
7898417530943;0.00;monofasico
7898417530950;0.00;monofasico
7898417530967;0.00;monofasico
7898417530974;0.00;monofasico
7898417530981;0.00;monofasico
7898417531049;0.00;monofasico
7898417531056;0.00;monofasico
7898417531063;0.00;monofasico
7898417531070;0.00;monofasico
7898417531094;0.00;monofasico
7898417531124;0.00;monofasico
7898417531193;0.00;monofasico
7898417531223;0.00;monofasico
7898417531278;0.00;monofasico
7898417531681;0.00;monofasico
7898417531735;0.00;monofasico
7898417531742;0.00;monofasico
7898417531759;0.00;monofasico
7898417531766;0.00;monofasico
7898417531773;0.00;monofasico
7898417531780;0.00;monofasico
7898417531797;0.00;monofasico
7898417531803;0.00;monofasico
7898417531810;0.00;monofasico
7898417531827;0.00;monofasico
7898417531858;0.00;monofasico
7898418038882;0.00;monofasico
7898422745301;25.00;monofasico
7898422746216;18.00;monofasico
7898422746759;18.00;monofasico
7898422746827;18.00;monofasico
7898423980091;3.13;monofasico
7898423980572;3.13;monofasico
7898423982569;3.13;monofasico
7898427917239;18.00;real
7898427917420;18.00;real
7898430171734;25.00;real
7898430171741;25.00;real
7898430171758;25.00;real
7898430171765;25.00;real
7898430171772;25.00;real
7898430171819;25.00;real
7898430171826;25.00;monofasico
7898430171833;25.00;real
7898430171840;25.00;monofasico
7898430171871;25.00;real
7898430171925;25.00;real
7898430171987;25.00;monofasico
7898430172007;25.00;real
7898430172014;25.00;real
7898430172021;25.00;real
7898430172038;25.00;real
7898430172045;25.00;real
7898430172106;25.00;real
7898430172113;25.00;real
7898430172137;25.00;monofasico
7898430172168;25.00;real
7898430172243;25.00;monofasico
7898430172267;25.00;real
7898430172304;25.00;real
7898430172342;25.00;real
7898430172359;25.00;monofasico
7898430172366;25.00;real
7898430172427;25.00;real
7898430172809;18.00;real
7898430172816;18.00;real
7898430172823;25.00;real
7898430172830;25.00;real
7898430172847;25.00;real
7898430172854;25.00;real
7898430172861;25.00;real
7898430172885;25.00;real
7898430172892;25.00;real
7898430172908;25.00;real
7898430172991;25.00;real
7898430173004;25.00;real
7898430173226;25.00;real
7898430173264;25.00;real
7898430173332;18.00;real
7898430173349;25.00;real
7898430173363;25.00;real
7898430173424;25.00;real
7898430173462;25.00;monofasico
7898430173479;25.00;monofasico
7898430173486;25.00;real
7898430173493;25.00;monofasico
7898434625141;18.00;real
7898436143346;18.00;presumido
7898436143643;18.00;presumido
7898436148709;0.00;monofasico
7898436148723;0.00;monofasico
7898436148747;18.00;real
7898437563327;0.00;monofasico
7898449390010;25.00;monofasico
7898449393547;0.00;monofasico
7898449393554;0.00;monofasico
7898449393561;0.00;monofasico
7898449393592;0.00;monofasico
7898449393608;0.00;monofasico
7898449393615;0.00;monofasico
7898449393622;0.00;monofasico
7898449393639;0.00;monofasico
7898449393646;0.00;monofasico
7898449393653;0.00;monofasico
7898449393660;0.00;monofasico
7898449393684;0.00;monofasico
7898449394971;0.00;monofasico
7898449395008;0.00;monofasico
7898449395039;0.00;monofasico
7898449400085;0.00;monofasico
7898449400580;0.00;monofasico
7898449400672;0.00;monofasico
7898449400887;0.00;monofasico
7898449400924;0.00;monofasico
7898449401853;0.00;monofasico
7898449401914;25.00;monofasico
7898449403932;0.00;monofasico
7898449405967;25.00;real
7898450815342;25.00;monofasico
7898450815359;25.00;monofasico
7898450815366;25.00;monofasico
7898451960348;0.00;monofasico
7898451962007;0.00;monofasico
7898451963080;0.00;monofasico
7898451963110;0.00;monofasico
7898451966005;0.00;monofasico
7898452694426;0.00;monofasico
7898457740357;18.00;real
7898461972416;0.00;real
7898462402554;18.00;real
7898466603285;0.00;monofasico
7898466603308;0.00;monofasico
7898468462477;18.00;real
7898468503491;25.00;monofasico
7898468503507;25.00;monofasico
7898468503514;25.00;monofasico
7898468503521;25.00;monofasico
7898468503538;25.00;monofasico
7898468503545;25.00;monofasico
7898468503552;25.00;monofasico
7898468503569;25.00;monofasico
7898468503583;25.00;monofasico
7898468503590;25.00;monofasico
7898468503606;25.00;monofasico
7898468503613;25.00;monofasico
7898468503620;25.00;monofasico
7898468503644;25.00;monofasico
7898468503712;25.00;monofasico
7898468503729;25.00;monofasico
7898468503743;25.00;monofasico
7898468503767;25.00;monofasico
7898468503811;25.00;monofasico
7898468516224;25.00;monofasico
7898468516231;25.00;monofasico
7898488010740;18.00;monofasico
7898488010788;18.00;monofasico
7898488010795;18.00;monofasico
7898488010801;18.00;monofasico
7898488650335;0.00;real
7898489511017;18.00;monofasico
7898489511024;18.00;monofasico
7898489511031;18.00;monofasico
7898489511048;18.00;monofasico
7898489511086;18.00;monofasico
7898489511888;18.00;monofasico
7898489512212;18.00;monofasico
7898489512649;18.00;monofasico
7898489512656;18.00;monofasico
7898489512687;18.00;monofasico
7898489512953;18.00;monofasico
7898489512960;18.00;monofasico
7898489514148;18.00;monofasico
7898489514520;25.00;monofasico
7898489514551;18.00;monofasico
7898489514612;18.00;monofasico
7898489520484;18.00;monofasico
7898489520491;18.00;monofasico
7898489521122;18.00;monofasico
7898489521139;18.00;monofasico
7898489521146;18.00;monofasico
7898494592131;25.00;monofasico
7898506250011;25.00;monofasico
7898506250035;25.00;monofasico
7898506250059;25.00;monofasico
7898506250196;25.00;monofasico
7898506250424;25.00;monofasico
7898506250905;18.00;real
7898506251049;25.00;monofasico
7898506254934;0.00;monofasico
7898506255474;0.00;presumido
7898506255962;25.00;monofasico
7898506257782;0.00;real
7898506257799;25.00;monofasico
7898506258093;25.00;monofasico
7898506258109;25.00;real
7898506258161;0.00;real
7898506258178;0.00;presumido
7898506258413;25.00;monofasico
7898506258550;25.00;monofasico
7898506258567;18.00;real
7898506258574;25.00;monofasico
7898506258581;25.00;monofasico
7898506258697;25.00;monofasico
7898506258703;18.00;monofasico
7898506258857;25.00;monofasico
7898506259342;18.00;real
7898506259809;0.00;presumido
7898508020032;25.00;monofasico
7898508020179;0.00;monofasico
7898508020186;0.00;monofasico
7898508020469;25.00;monofasico
7898508020476;0.00;monofasico
7898508020568;25.00;monofasico
7898508020605;0.00;monofasico
7898508020629;25.00;monofasico
7898508020667;0.00;monofasico
7898508021350;25.00;monofasico
7898508021589;0.00;monofasico
7898508021855;0.00;monofasico
7898508021947;0.00;monofasico
7898508022005;25.00;monofasico
7898508022012;0.00;monofasico
7898509282187;18.00;real
7898509286444;18.00;real
7898512862123;0.00;presumido
7898512862130;0.00;presumido
7898512883289;0.00;presumido
7898512899280;0.00;presumido
7898513496112;18.00;real
7898522372001;25.00;monofasico
7898522372018;25.00;monofasico
7898522372063;25.00;monofasico
7898522372087;25.00;monofasico
7898522372094;25.00;monofasico
7898522372100;25.00;monofasico
7898522372179;25.00;monofasico
7898522372186;25.00;monofasico
7898522372254;25.00;monofasico
7898522372261;25.00;monofasico
7898522372285;25.00;monofasico
7898522372308;25.00;monofasico
7898522372353;25.00;monofasico
7898522372391;25.00;monofasico
7898522372407;25.00;monofasico
7898522372605;18.00;presumido
7898522372612;18.00;presumido
7898522372629;18.00;monofasico
7898522372643;18.00;monofasico
7898522372650;18.00;monofasico
7898522372704;25.00;monofasico
7898522372711;25.00;monofasico
7898522372728;25.00;monofasico
7898522372735;25.00;monofasico
7898522372742;25.00;monofasico
7898522372759;25.00;monofasico
7898522372766;25.00;monofasico
7898522372810;25.00;monofasico
7898522372827;25.00;monofasico
7898522372834;25.00;monofasico
7898522372858;25.00;monofasico
7898522372865;25.00;monofasico
7898522372896;0.00;monofasico
7898522372933;25.00;monofasico
7898522372940;25.00;monofasico
7898522372957;25.00;monofasico
7898524341715;0.00;monofasico
7898524341722;0.00;monofasico
7898524341920;12.00;monofasico
7898524344365;12.00;monofasico
7898524344372;12.00;monofasico
7898524344518;12.00;monofasico
7898524344587;12.00;monofasico
7898524344808;12.00;monofasico
7898524344907;12.00;monofasico
7898524344914;12.00;monofasico
7898524345096;12.00;monofasico
7898524345300;12.00;monofasico
7898524346246;12.00;monofasico
7898524346277;12.00;monofasico
7898524346659;12.00;monofasico
7898524346680;12.00;monofasico
7898524346826;12.00;monofasico
7898524346932;12.00;monofasico
7898524347007;12.00;monofasico
7898524347014;12.00;monofasico
7898524347588;12.00;monofasico
7898524347595;12.00;monofasico
7898524347687;12.00;monofasico
7898524347939;12.00;monofasico
7898524347946;12.00;monofasico
7898524348479;12.00;monofasico
7898524348493;12.00;monofasico
7898524348509;12.00;monofasico
7898524348523;12.00;monofasico
7898524348639;12.00;monofasico
7898524348714;12.00;monofasico
7898524348745;12.00;monofasico
7898524349155;12.00;monofasico
7898524349216;12.00;monofasico
7898524349322;12.00;monofasico
7898524349360;12.00;monofasico
7898524349438;12.00;monofasico
7898524349445;12.00;monofasico
7898524349452;12.00;monofasico
7898524349872;25.00;monofasico
7898524349889;12.00;monofasico
7898525580281;25.00;monofasico
7898525580342;0.00;monofasico
7898525580816;25.00;monofasico
7898525580823;25.00;monofasico
7898525585040;25.00;monofasico
7898525586696;25.00;monofasico
7898525586702;25.00;monofasico
7898525586719;25.00;monofasico
7898525586771;25.00;monofasico
7898525586870;25.00;monofasico
7898525586917;25.00;monofasico
7898525586931;25.00;monofasico
7898525587303;25.00;monofasico
7898525587310;25.00;monofasico
7898525587327;25.00;monofasico
7898525587365;25.00;monofasico
7898525587389;25.00;monofasico
7898525587402;25.00;monofasico
7898525587624;25.00;monofasico
7898525587631;25.00;monofasico
7898525587716;25.00;monofasico
7898525587723;25.00;monofasico
7898527123653;25.00;monofasico
7898527128986;25.00;monofasico
7898529719618;18.00;presumido
7898529725800;4.00;presumido
7898530260246;18.00;real
7898530260321;18.00;real
7898530842688;0.00;real
7898543382201;18.00;real
7898544552269;4.00;real
7898544554119;12.00;real
7898545608255;0.00;monofasico
7898546001147;18.00;presumido
7898546001154;18.00;presumido
7898546005466;4.00;real
7898546006326;0.00;monofasico
7898546006333;0.00;presumido
7898546006340;0.00;presumido
7898546006357;0.00;presumido
7898546006364;0.00;presumido
7898546007651;0.00;presumido
7898546008382;18.00;presumido
7898546008399;18.00;presumido
7898546008405;18.00;presumido
7898546008627;18.00;presumido
7898546009570;0.00;presumido
7898546009587;0.00;presumido
7898546009976;0.00;presumido
7898546692437;0.00;monofasico
7898546692468;25.00;monofasico
7898546692475;0.00;monofasico
7898546692482;0.00;monofasico
7898546692499;0.00;monofasico
7898546692505;0.00;monofasico
7898546692512;0.00;monofasico
7898546692536;0.00;monofasico
7898546692543;0.00;monofasico
7898546692550;0.00;monofasico
7898546693298;0.00;monofasico
7898546693328;25.00;monofasico
7898546693335;25.00;monofasico
7898554440013;25.00;monofasico
7898554440020;25.00;monofasico
7898554440037;25.00;monofasico
7898554440044;25.00;monofasico
7898554440051;25.00;monofasico
7898554440068;25.00;monofasico
7898554440075;25.00;monofasico
7898554440082;25.00;monofasico
7898554440099;25.00;monofasico
7898554440105;25.00;monofasico
7898554440112;25.00;monofasico
7898554440129;25.00;monofasico
7898554440136;25.00;monofasico
7898554440150;25.00;monofasico
7898554440167;25.00;monofasico
7898554440174;25.00;monofasico
7898554440181;25.00;monofasico
7898554440198;25.00;monofasico
7898554440211;25.00;monofasico
7898554440228;25.00;monofasico
7898554440242;25.00;monofasico
7898554440259;25.00;monofasico
7898554440266;25.00;monofasico
7898554440273;25.00;monofasico
7898554440280;25.00;monofasico
7898554440297;25.00;monofasico
7898554440327;25.00;monofasico
7898554440334;25.00;monofasico
7898554440341;25.00;monofasico
7898554440358;25.00;monofasico
7898554440365;25.00;monofasico
7898554440372;25.00;monofasico
7898554440396;25.00;monofasico
7898554440402;25.00;monofasico
7898554440419;25.00;monofasico
7898554440426;25.00;monofasico
7898554440433;25.00;monofasico
7898554440440;25.00;monofasico
7898554440457;25.00;monofasico
7898554440464;25.00;monofasico
7898554440518;25.00;monofasico
7898554440556;0.00;monofasico
7898554440600;25.00;monofasico
7898554440617;25.00;monofasico
7898554440969;25.00;monofasico
7898554440990;25.00;monofasico
7898554441003;25.00;monofasico
7898554441010;0.00;monofasico
7898554441027;25.00;monofasico
7898554441034;25.00;monofasico
7898554441058;25.00;monofasico
7898554441218;18.00;monofasico
7898554441225;25.00;monofasico
7898554441423;18.00;monofasico
7898554441560;25.00;monofasico
7898554441577;25.00;monofasico
7898554441645;25.00;monofasico
7898554441652;25.00;monofasico
7898554441805;25.00;monofasico
7898554441829;18.00;monofasico
7898554441867;25.00;monofasico
7898554441904;25.00;monofasico
7898554441911;25.00;monofasico
7898554441928;25.00;monofasico
7898554441935;25.00;monofasico
7898554441942;25.00;monofasico
7898554441959;25.00;monofasico
7898554441966;25.00;monofasico
7898554441973;25.00;monofasico
7898554441980;25.00;monofasico
7898554441997;25.00;monofasico
7898554442000;25.00;monofasico
7898554442017;25.00;monofasico
7898554442024;25.00;monofasico
7898554442031;25.00;monofasico
7898554442048;25.00;monofasico
7898554442093;25.00;monofasico
7898554442116;18.00;monofasico
7898554442123;25.00;monofasico
7898554442154;18.00;monofasico
7898554442161;25.00;monofasico
7898554442185;0.00;monofasico
7898554442239;25.00;monofasico
7898554442352;25.00;monofasico
7898554653512;12.00;monofasico
7898554653529;12.00;monofasico
7898554653536;12.00;monofasico
7898554653543;12.00;monofasico
7898554653550;12.00;monofasico
7898554653567;12.00;monofasico
7898554653581;12.00;monofasico
7898554653598;12.00;monofasico
7898554653604;12.00;monofasico
7898554653611;12.00;monofasico
7898554653628;12.00;monofasico
7898555213319;0.00;monofasico
7898555213333;4.00;real
7898556750165;0.00;monofasico
7898556750196;0.00;monofasico
7898556752510;0.00;monofasico
7898556752947;0.00;monofasico
7898556752954;0.00;monofasico
7898556753432;0.00;monofasico
7898556753678;0.00;monofasico
7898556753685;0.00;monofasico
7898556754309;0.00;monofasico
7898556754316;0.00;monofasico
7898556754354;0.00;monofasico
7898556754361;0.00;monofasico
7898556754422;0.00;monofasico
7898556754491;0.00;monofasico
7898556755412;0.00;monofasico
7898556756273;25.00;monofasico
7898556756280;18.00;monofasico
7898556756297;25.00;monofasico
7898556756303;25.00;monofasico
7898556756310;25.00;monofasico
7898556756341;25.00;monofasico
7898556756389;25.00;monofasico
7898556756679;18.00;monofasico
7898556756693;25.00;monofasico
7898556756716;25.00;monofasico
7898556756723;25.00;monofasico
7898556756730;25.00;monofasico
7898556756976;0.00;monofasico
7898556756990;0.00;monofasico
7898556757027;18.00;monofasico
7898556757041;25.00;monofasico
7898556757072;25.00;monofasico
7898556757096;18.00;monofasico
7898556757119;25.00;monofasico
7898556757133;25.00;monofasico
7898556757140;25.00;monofasico
7898556757157;25.00;monofasico
7898556757249;25.00;monofasico
7898556757256;18.00;monofasico
7898556757263;25.00;monofasico
7898556757317;25.00;monofasico
7898558380834;0.00;presumido
7898558381008;0.00;presumido
7898558381039;18.00;presumido
7898558381541;0.00;presumido
7898558381558;0.00;monofasico
7898558381633;0.00;presumido
7898558381732;0.00;presumido
7898558381947;18.00;presumido
7898558382005;0.00;presumido
7898558382050;0.00;presumido
7898558382272;0.00;presumido
7898558382296;0.00;real
7898558382463;0.00;presumido
7898558382470;0.00;presumido
7898558382616;0.00;presumido
7898558382623;0.00;presumido
7898558382739;0.00;presumido
7898558382791;0.00;presumido
7898558382807;0.00;presumido
7898558382821;0.00;real
7898558382838;0.00;presumido
7898558382869;0.00;presumido
7898558382883;0.00;presumido
7898558382890;0.00;presumido
7898558382906;0.00;presumido
7898558382913;0.00;presumido
7898558382920;0.00;presumido
7898558382937;18.00;presumido
7898558382944;0.00;presumido
7898558382951;0.00;real
7898558382968;0.00;presumido
7898562210219;12.00;real
7898562211308;12.00;real
7898562211315;12.00;real
7898562211346;12.00;real
7898562211353;12.00;real
7898562211360;12.00;real
7898562211865;12.00;real
7898562213241;12.00;real
7898562213258;12.00;real
7898562213609;12.00;real
7898562213623;12.00;real
7898562213630;12.00;real
7898562213685;12.00;real
7898562213692;12.00;real
7898562213791;12.00;real
7898562213807;12.00;real
7898562214330;12.00;real
7898562214347;12.00;real
7898562214354;12.00;real
7898562214460;12.00;real
7898562214507;12.00;real
7898562214514;12.00;real
7898562214521;12.00;real
7898562214538;12.00;real
7898562214613;12.00;real
7898562215900;12.00;real
7898562215917;12.00;real
7898562215924;12.00;real
7898562215931;12.00;real
7898562215962;12.00;real
7898562215979;12.00;real
7898562215986;12.00;real
7898562215993;12.00;real
7898562216006;12.00;real
7898562216013;12.00;real
7898562216020;12.00;real
7898562216037;12.00;real
7898562216051;12.00;real
7898562216075;12.00;real
7898562216082;12.00;real
7898562216099;12.00;real
7898562216105;12.00;real
7898562216136;12.00;real
7898562216181;12.00;real
7898562216198;12.00;real
7898562216204;12.00;real
7898562216211;12.00;real
7898562216273;12.00;real
7898562216303;12.00;real
7898562216389;12.00;real
7898562351349;0.00;monofasico
7898562351356;0.00;monofasico
7898562351837;25.00;monofasico
7898562351875;0.00;monofasico
7898562351998;25.00;monofasico
7898562352025;0.00;monofasico
7898562352148;25.00;monofasico
7898562352179;0.00;monofasico
7898562353145;0.00;monofasico
7898562353190;0.00;monofasico
7898562353206;25.00;monofasico
7898562353213;0.00;monofasico
7898562353718;25.00;monofasico
7898562353725;0.00;monofasico
7898562353732;25.00;monofasico
7898562353794;0.00;monofasico
7898562354067;25.00;monofasico
7898562354111;0.00;monofasico
7898562354319;0.00;monofasico
7898562354326;0.00;monofasico
7898562354357;0.00;monofasico
7898562354531;25.00;monofasico
7898562354555;0.00;monofasico
7898562354890;0.00;monofasico
7898562355194;0.00;monofasico
7898562355729;0.00;monofasico
7898562355804;25.00;monofasico
7898562355835;0.00;monofasico
7898562356122;0.00;monofasico
7898562356283;25.00;monofasico
7898562356306;0.00;monofasico
7898562356344;0.00;monofasico
7898562356412;0.00;monofasico
7898562356429;0.00;monofasico
7898562356757;0.00;monofasico
7898562356764;25.00;monofasico
7898562356801;0.00;monofasico
7898562357075;0.00;monofasico
7898562357099;0.00;monofasico
7898562357105;0.00;monofasico
7898562357112;0.00;monofasico
7898562357129;0.00;monofasico
7898562357327;0.00;monofasico
7898562357440;0.00;monofasico
7898562357488;0.00;monofasico
7898562357594;25.00;monofasico
7898562357600;0.00;monofasico
7898562357686;0.00;monofasico
7898562357730;0.00;monofasico
7898562357778;0.00;monofasico
7898562357860;25.00;monofasico
7898562357891;0.00;monofasico
7898562358195;0.00;monofasico
7898562358201;0.00;monofasico
7898562358737;25.00;monofasico
7898562358744;0.00;monofasico
7898562358768;0.00;monofasico
7898562358775;25.00;monofasico
7898562358799;0.00;monofasico
7898562358904;0.00;monofasico
7898562358942;0.00;monofasico
7898562358959;25.00;monofasico
7898562358966;25.00;monofasico
7898562358973;0.00;monofasico
7898562358980;25.00;monofasico
7898562358997;0.00;monofasico
7898563360906;0.00;real
7898566290019;12.00;monofasico
7898566290026;12.00;monofasico
7898566290033;12.00;monofasico
7898566290040;12.00;monofasico
7898566290057;12.00;monofasico
7898566290064;12.00;monofasico
7898566290071;12.00;monofasico
7898566290088;12.00;monofasico
7898566290095;12.00;monofasico
7898566290101;12.00;monofasico
7898566290118;12.00;monofasico
7898566290125;12.00;monofasico
7898566290132;12.00;monofasico
7898566290156;12.00;monofasico
7898566290163;12.00;monofasico
7898566290170;12.00;monofasico
7898566290187;12.00;monofasico
7898566290194;12.00;monofasico
7898566290200;12.00;monofasico
7898566290217;12.00;monofasico
7898566290255;12.00;monofasico
7898566290262;12.00;monofasico
7898566290279;12.00;monofasico
7898566290286;12.00;monofasico
7898566290316;0.00;monofasico
7898566290323;0.00;monofasico
7898566290330;12.00;monofasico
7898566290347;12.00;monofasico
7898566290361;12.00;monofasico
7898566290378;12.00;monofasico
7898566290408;12.00;monofasico
7898566290460;12.00;monofasico
7898566290569;18.00;monofasico
7898566290576;12.00;monofasico
7898566290583;12.00;monofasico
7898566290620;12.00;monofasico
7898566290668;12.00;monofasico
7898566290682;12.00;monofasico
7898566290736;12.00;monofasico
7898566290743;12.00;monofasico
7898566290750;12.00;monofasico
7898566290767;12.00;monofasico
7898566290774;12.00;monofasico
7898566290781;12.00;monofasico
7898566290804;12.00;monofasico
7898566290811;12.00;monofasico
7898566290897;12.00;monofasico
7898566290927;25.00;monofasico
7898566291122;12.00;monofasico
7898566291139;12.00;monofasico
7898566291146;12.00;monofasico
7898566291153;12.00;monofasico
7898566291160;12.00;monofasico
7898566291177;12.00;monofasico
7898566291184;12.00;monofasico
7898566291191;12.00;monofasico
7898566291207;12.00;monofasico
7898566291214;12.00;monofasico
7898566291221;12.00;monofasico
7898566291238;12.00;monofasico
7898566291269;12.00;monofasico
7898566291276;12.00;monofasico
7898566291337;12.00;monofasico
7898566291344;12.00;monofasico
7898566291351;12.00;monofasico
7898566291368;0.00;monofasico
7898566291375;12.00;monofasico
7898566291382;12.00;monofasico
7898566291412;12.00;monofasico
7898566291450;12.00;monofasico
7898566291467;0.00;monofasico
7898566291474;12.00;monofasico
7898566291481;12.00;monofasico
7898566291498;12.00;monofasico
7898566291856;12.00;monofasico
7898566291863;12.00;monofasico
7898566291870;12.00;monofasico
7898566291887;12.00;monofasico
7898566291894;12.00;monofasico
7898566291900;12.00;monofasico
7898566291917;12.00;monofasico
7898566291924;12.00;monofasico
7898566291931;0.00;monofasico
7898566291955;12.00;monofasico
7898566291962;12.00;monofasico
7898566292044;25.00;monofasico
7898566292068;12.00;monofasico
7898566292150;12.00;monofasico
7898566292167;12.00;monofasico
7898566292174;12.00;monofasico
7898566292181;12.00;monofasico
7898566292198;12.00;monofasico
7898566292204;12.00;monofasico
7898566292211;12.00;monofasico
7898566292228;12.00;monofasico
7898566292235;12.00;monofasico
7898566292242;12.00;monofasico
7898566292259;25.00;monofasico
7898566292266;12.00;monofasico
7898566292280;12.00;monofasico
7898566292297;12.00;monofasico
7898566292303;12.00;monofasico
7898566292310;12.00;monofasico
7898566292327;12.00;monofasico
7898566292341;12.00;monofasico
7898566292358;12.00;monofasico
7898566292365;12.00;monofasico
7898566292372;12.00;monofasico
7898566292389;12.00;monofasico
7898566292402;0.00;monofasico
7898566292419;12.00;monofasico
7898566292426;12.00;monofasico
7898566292433;12.00;monofasico
7898566292471;12.00;monofasico
7898566292488;12.00;monofasico
7898566292495;0.00;monofasico
7898566292501;12.00;monofasico
7898566292518;0.00;monofasico
7898566292525;12.00;monofasico
7898566292532;12.00;monofasico
7898566292549;12.00;monofasico
7898566292556;12.00;monofasico
7898566292563;0.00;monofasico
7898566292570;12.00;monofasico
7898566292587;12.00;monofasico
7898566292594;12.00;monofasico
7898566292600;12.00;monofasico
7898566292617;12.00;monofasico
7898566292624;12.00;monofasico
7898566292631;12.00;monofasico
7898566292648;12.00;monofasico
7898566292655;12.00;monofasico
7898566292662;12.00;monofasico
7898566292679;12.00;monofasico
7898566292686;12.00;monofasico
7898566292693;12.00;monofasico
7898566292709;12.00;monofasico
7898566292716;12.00;monofasico
7898566292723;12.00;monofasico
7898566292730;12.00;monofasico
7898566292747;12.00;monofasico
7898566292754;12.00;monofasico
7898566292761;12.00;monofasico
7898566292778;12.00;monofasico
7898566292785;12.00;monofasico
7898566292792;12.00;monofasico
7898566292808;12.00;monofasico
7898566292815;12.00;monofasico
7898566292822;12.00;monofasico
7898566292839;12.00;monofasico
7898566292846;0.00;monofasico
7898566292853;12.00;monofasico
7898566292860;12.00;monofasico
7898566292877;12.00;monofasico
7898566292884;12.00;monofasico
7898566292891;12.00;monofasico
7898566292907;12.00;monofasico
7898566292914;12.00;monofasico
7898566292921;12.00;monofasico
7898566292938;0.00;monofasico
7898566292945;12.00;monofasico
7898566292952;12.00;monofasico
7898566292969;12.00;monofasico
7898566292976;12.00;monofasico
7898566292983;12.00;monofasico
7898566292990;12.00;monofasico
7898566293003;12.00;monofasico
7898566293010;12.00;monofasico
7898566293027;12.00;monofasico
7898566293034;12.00;monofasico
7898566293041;12.00;monofasico
7898566293058;12.00;monofasico
7898566293065;12.00;monofasico
7898566293102;12.00;monofasico
7898566293119;12.00;monofasico
7898566293133;12.00;monofasico
7898566293171;12.00;monofasico
7898566293188;12.00;monofasico
7898566293195;12.00;monofasico
7898566293201;12.00;monofasico
7898566293225;0.00;monofasico
7898566293232;12.00;monofasico
7898566293249;12.00;monofasico
7898566293270;12.00;monofasico
7898566293287;12.00;monofasico
7898566293294;12.00;monofasico
7898566293300;12.00;monofasico
7898566293317;12.00;monofasico
7898566293324;12.00;monofasico
7898566293331;12.00;monofasico
7898566293348;12.00;monofasico
7898566293355;12.00;monofasico
7898566293362;12.00;monofasico
7898566293379;12.00;monofasico
7898566293386;12.00;monofasico
7898566293393;12.00;monofasico
7898566293409;12.00;monofasico
7898566293416;25.00;monofasico
7898566293423;12.00;monofasico
7898566293447;12.00;monofasico
7898566293454;12.00;monofasico
7898566293461;12.00;monofasico
7898566293478;12.00;monofasico
7898566293492;12.00;monofasico
7898566293508;12.00;monofasico
7898566293515;12.00;monofasico
7898566293522;12.00;monofasico
7898566293539;12.00;monofasico
7898566293546;12.00;monofasico
7898566293553;12.00;monofasico
7898566293560;12.00;monofasico
7898566293577;12.00;monofasico
7898566293591;12.00;monofasico
7898566293607;25.00;monofasico
7898566293614;25.00;monofasico
7898566293621;25.00;monofasico
7898566293638;25.00;monofasico
7898566293645;25.00;monofasico
7898566293652;18.00;presumido
7898566293669;12.00;monofasico
7898566293676;12.00;presumido
7898566293683;12.00;presumido
7898566293690;12.00;monofasico
7898566293706;12.00;monofasico
7898566293942;12.00;monofasico
7898566782439;0.00;monofasico
7898566783528;0.00;monofasico
7898566786598;0.00;monofasico
7898566786604;0.00;monofasico
7898566824658;25.00;monofasico
7898566824665;25.00;monofasico
7898566824801;25.00;monofasico
7898566825525;25.00;monofasico
7898566825556;25.00;monofasico
7898566825570;25.00;monofasico
7898566825587;25.00;monofasico
7898566826256;0.00;monofasico
7898566826379;0.00;monofasico
7898566826386;0.00;monofasico
7898566826393;0.00;monofasico
7898566826409;25.00;monofasico
7898566826669;25.00;monofasico
7898566826676;25.00;monofasico
7898566827505;25.00;monofasico
7898566827529;25.00;monofasico
7898566827550;25.00;monofasico
7898567706335;12.00;monofasico
7898567706342;12.00;monofasico
7898567706359;12.00;monofasico
7898567706366;12.00;monofasico
7898567706373;12.00;monofasico
7898567706380;12.00;monofasico
7898567706403;12.00;monofasico
7898567706410;12.00;monofasico
7898567750581;0.00;monofasico
7898567750598;0.00;monofasico
7898567750680;0.00;monofasico
7898567750697;0.00;monofasico
7898567750703;0.00;monofasico
7898569380533;4.00;presumido
7898569380649;4.00;presumido
7898569380717;4.00;presumido
7898569380724;4.00;presumido
7898569380731;4.00;presumido
7898569380748;4.00;presumido
7898569380755;4.00;monofasico
7898569382063;0.00;presumido
7898569382230;4.00;presumido
7898569382384;0.00;presumido
7898569382438;4.00;presumido
7898569382667;4.00;presumido
7898569382674;4.00;presumido
7898569382773;0.00;presumido
7898569382827;4.00;presumido
7898569383008;4.00;presumido
7898569383015;4.00;presumido
7898569383022;4.00;presumido
7898569383602;4.00;presumido
7898569383695;4.00;presumido
7898569383701;4.00;presumido
7898569383886;4.00;presumido
7898576395650;4.00;monofasico
7898576397746;4.00;real
7898576397869;4.00;monofasico
7898576398064;4.00;monofasico
7898576398071;4.00;monofasico
7898576398095;4.00;monofasico
7898576398118;4.00;monofasico
7898576398149;4.00;monofasico
7898576398170;4.00;monofasico
7898576398330;4.00;monofasico
7898576398507;4.00;monofasico
7898576398552;4.00;monofasico
7898576398910;4.00;monofasico
7898576398965;4.00;monofasico
7898576399047;4.00;monofasico
7898576399511;4.00;monofasico
7898576399641;4.00;monofasico
7898576571917;12.00;presumido
7898576572006;12.00;presumido
7898578060044;18.00;monofasico
7898578060051;3.95;monofasico
7898578060068;18.00;monofasico
7898578060075;18.00;presumido
7898578060136;18.00;monofasico
7898578060150;18.00;monofasico
7898578060167;18.00;monofasico
7898578060518;18.00;presumido
7898578060525;18.00;presumido
7898578060532;18.00;monofasico
7898578060549;18.00;presumido
7898578060563;18.00;real
7898578060570;18.00;monofasico
7898578060600;18.00;presumido
7898578060655;18.00;presumido
7898578060662;18.00;presumido
7898578060679;18.00;presumido
7898578060761;18.00;presumido
7898578060785;18.00;real
7898578060792;0.00;presumido
7898578060808;0.00;monofasico
7898578060822;25.00;monofasico
7898578060839;25.00;monofasico
7898578060846;0.00;monofasico
7898578061010;18.00;monofasico
7898578061027;18.00;monofasico
7898578061034;18.00;monofasico
7898578061041;18.00;monofasico
7898578061058;18.00;monofasico
7898578061065;18.00;monofasico
7898578061089;18.00;monofasico
7898578061102;18.00;monofasico
7898578061119;18.00;monofasico
7898578061126;18.00;monofasico
7898578061133;18.00;monofasico
7898578061157;18.00;monofasico
7898578061164;18.00;monofasico
7898578061171;18.00;monofasico
7898578061317;18.00;presumido
7898578061324;18.00;presumido
7898578061348;18.00;presumido
7898578061409;0.00;monofasico
7898578061751;18.00;presumido
7898578061836;25.00;real
7898578061843;25.00;monofasico
7898578061935;18.00;presumido
7898578062222;25.00;real
7898578062383;25.00;monofasico
7898578062390;25.00;monofasico
7898578062604;25.00;monofasico
7898578062819;18.00;monofasico
7898578062826;18.00;monofasico
7898578062833;18.00;monofasico
7898578062840;18.00;presumido
7898578063717;18.00;monofasico
7898578063922;25.00;monofasico
7898578066473;0.00;monofasico
7898578066480;25.00;monofasico
7898578066503;3.95;monofasico
7898578067401;18.00;monofasico
7898578067456;18.00;monofasico
7898578067616;0.00;monofasico
7898578067982;18.00;monofasico
7898578069658;18.00;presumido
7898578069665;0.00;monofasico
7898578069887;18.00;presumido
7898578069894;18.00;monofasico
7898578069900;18.00;monofasico
7898578069917;18.00;monofasico
7898581080428;25.00;monofasico
7898581080695;18.00;monofasico
7898581080718;25.00;monofasico
7898581080725;25.00;monofasico
7898581081081;25.00;monofasico
7898581083092;25.00;monofasico
7898581083962;18.00;monofasico
7898581083979;0.00;monofasico
7898581084051;25.00;monofasico
7898581084853;25.00;monofasico
7898581085935;18.00;monofasico
7898581086185;25.00;monofasico
7898581086369;25.00;monofasico
7898581086376;25.00;monofasico
7898581086383;0.00;monofasico
7898581086390;25.00;monofasico
7898581086406;0.00;monofasico
7898581086413;0.00;monofasico
7898581086420;25.00;monofasico
7898581086437;25.00;monofasico
7898581086451;0.00;monofasico
7898581086468;25.00;monofasico
7898581086475;25.00;monofasico
7898581086512;25.00;monofasico
7898581086574;25.00;monofasico
7898581086604;0.00;monofasico
7898581086703;0.00;monofasico
7898581086710;25.00;monofasico
7898581086727;0.00;monofasico
7898581086734;0.00;monofasico
7898581086796;0.00;monofasico
7898581086819;25.00;monofasico
7898581086826;25.00;monofasico
7898581086840;25.00;monofasico
7898581086864;0.00;monofasico
7898581086871;0.00;monofasico
7898581086956;0.00;presumido
7898581086963;18.00;presumido
7898581086970;0.00;presumido
7898581088011;0.00;monofasico
7898581088028;25.00;monofasico
7898581088035;25.00;monofasico
7898581088998;18.00;monofasico
7898581089285;25.00;monofasico
7898581089346;25.00;monofasico
7898583470104;25.00;real
7898583470203;25.00;real
7898583470302;25.00;real
7898583470401;25.00;real
7898583470500;25.00;real
7898583470609;25.00;real
7898583470708;25.00;real
7898583470807;25.00;real
7898583472108;25.00;real
7898583472306;0.00;monofasico
7898583473006;25.00;real
7898583473105;25.00;real
7898583473204;25.00;real
7898583473303;25.00;real
7898583473402;25.00;real
7898583474003;25.00;real
7898583474102;25.00;monofasico
7898583474201;25.00;real
7898585020079;25.00;monofasico
7898585020086;25.00;monofasico
7898585020116;25.00;monofasico
7898585020246;25.00;monofasico
7898585020499;25.00;monofasico
7898585020550;25.00;monofasico
7898585020802;25.00;monofasico
7898585020833;25.00;monofasico
7898585020963;25.00;monofasico
7898585020970;25.00;monofasico
7898585020994;25.00;monofasico
7898585021052;25.00;monofasico
7898585021076;25.00;monofasico
7898585021175;25.00;monofasico
7898585021199;25.00;monofasico
7898585021205;25.00;monofasico
7898585021212;25.00;monofasico
7898585021229;25.00;monofasico
7898585021236;25.00;monofasico
7898585021243;25.00;monofasico
7898585021922;25.00;monofasico
7898585021939;25.00;monofasico
7898585021960;25.00;monofasico
7898585021977;25.00;monofasico
7898585021984;25.00;monofasico
7898585021991;25.00;monofasico
7898585022011;25.00;monofasico
7898585022042;25.00;monofasico
7898585022066;25.00;monofasico
7898585022127;25.00;monofasico
7898585022172;25.00;monofasico
7898585022189;25.00;monofasico
7898585022196;25.00;monofasico
7898585022202;25.00;monofasico
7898585022226;25.00;monofasico
7898585022233;25.00;monofasico
7898585022240;25.00;monofasico
7898585022257;25.00;monofasico
7898585022264;25.00;monofasico
7898585022288;25.00;monofasico
7898585022479;25.00;monofasico
7898585022486;25.00;monofasico
7898585022530;25.00;monofasico
7898585022639;0.00;monofasico
7898585022677;25.00;monofasico
7898585022684;25.00;monofasico
7898585022707;25.00;monofasico
7898585022738;0.00;monofasico
7898585022769;0.00;monofasico
7898585022806;25.00;monofasico
7898585022813;25.00;monofasico
7898585022820;25.00;monofasico
7898585022837;25.00;monofasico
7898585022844;25.00;monofasico
7898585023162;25.00;monofasico
7898585023179;25.00;monofasico
7898585023186;25.00;monofasico
7898585023193;25.00;monofasico
7898585023209;25.00;monofasico
7898585023216;25.00;monofasico
7898585023223;25.00;monofasico
7898585023230;25.00;monofasico
7898585023247;25.00;monofasico
7898585023254;25.00;monofasico
7898585023261;25.00;monofasico
7898585023322;25.00;monofasico
7898585023346;25.00;monofasico
7898585023353;25.00;monofasico
7898585023360;25.00;monofasico
7898585023377;25.00;monofasico
7898585023421;25.00;monofasico
7898585023438;25.00;monofasico
7898585023445;25.00;monofasico
7898585023575;25.00;monofasico
7898585023582;25.00;monofasico
7898585023599;25.00;monofasico
7898585023612;25.00;monofasico
7898585023674;25.00;monofasico
7898585023681;25.00;monofasico
7898585023728;25.00;monofasico
7898585023735;25.00;monofasico
7898585023742;25.00;monofasico
7898585023759;25.00;monofasico
7898585023766;25.00;monofasico
7898585023773;25.00;monofasico
7898585023872;25.00;monofasico
7898585023889;25.00;monofasico
7898585023957;25.00;monofasico
7898585023964;25.00;monofasico
7898585023971;25.00;monofasico
7898585023988;25.00;monofasico
7898585023995;0.00;monofasico
7898585024008;25.00;monofasico
7898585024015;25.00;monofasico
7898585024169;25.00;monofasico
7898585024176;25.00;monofasico
7898585024183;25.00;monofasico
7898585024190;25.00;monofasico
7898585024206;25.00;monofasico
7898585024213;25.00;monofasico
7898585024220;25.00;monofasico
7898585024237;25.00;monofasico
7898585024459;25.00;monofasico
7898585024640;25.00;monofasico
7898585024657;25.00;monofasico
7898585024664;25.00;monofasico
7898585024671;25.00;monofasico
7898585024695;25.00;monofasico
7898585024701;25.00;monofasico
7898585024831;25.00;monofasico
7898585024848;25.00;monofasico
7898585291974;0.00;monofasico
7898585294968;18.00;real
7898586778481;0.00;monofasico
7898587760621;25.00;monofasico
7898587762564;25.00;monofasico
7898587762588;25.00;monofasico
7898587764766;25.00;monofasico
7898587764780;25.00;monofasico
7898587767972;0.00;monofasico
7898587774314;18.00;monofasico
7898587774338;18.00;monofasico
7898587774352;25.00;monofasico
7898587774376;25.00;monofasico
7898588110838;0.00;real
7898588111507;0.00;real
7898588111514;0.00;presumido
7898588111521;0.00;real
7898588111538;0.00;presumido
7898588111545;0.00;real
7898588111552;0.00;presumido
7898588111569;0.00;real
7898588111606;0.00;presumido
7898588111767;0.00;real
7898588111927;0.00;presumido
7898588111972;0.00;presumido
7898588111989;0.00;presumido
7898588111996;0.00;presumido
7898588112061;0.00;real
7898588112078;0.00;real
7898588112085;0.00;presumido
7898588112092;0.00;real
7898588112108;0.00;presumido
7898588112115;0.00;real
7898588112207;0.00;presumido
7898588112214;0.00;presumido
7898588112276;0.00;presumido
7898588113563;0.00;real
7898588113778;0.00;real
7898588113785;0.00;real
7898588113792;0.00;presumido
7898588113846;0.00;real
7898588113969;0.00;presumido
7898588114027;0.00;presumido
7898588114034;0.00;presumido
7898588114041;0.00;real
7898588114188;0.00;presumido
7898588114195;0.00;presumido
7898588114201;0.00;presumido
7898588114300;0.00;real
7898588114331;0.00;presumido
7898588114348;0.00;presumido
7898588114454;0.00;real
7898588114492;0.00;real
7898588114553;0.00;real
7898588114577;0.00;real
7898588114614;0.00;real
7898588114737;0.00;real
7898588114942;0.00;monofasico
7898588114959;0.00;monofasico
7898588114966;0.00;real
7898588114973;0.00;real
7898588321289;25.00;monofasico
7898588321494;25.00;monofasico
7898588321777;0.00;monofasico
7898588321838;0.00;monofasico
7898588321852;25.00;monofasico
7898588321920;25.00;monofasico
7898588321975;25.00;monofasico
7898588323467;0.00;monofasico
7898588323566;0.00;monofasico
7898588323771;25.00;monofasico
7898588324365;0.00;monofasico
7898588324426;25.00;monofasico
7898588324501;25.00;monofasico
7898588324563;0.00;monofasico
7898588325461;25.00;monofasico
7898588326765;25.00;monofasico
7898588327564;0.00;monofasico
7898588328219;25.00;monofasico
7898588328547;0.00;monofasico
7898588328585;0.00;monofasico
7898588329056;0.00;monofasico
7898588329490;25.00;monofasico
7898588329766;25.00;monofasico
7898590584740;25.00;monofasico
7898590584757;25.00;monofasico
7898590584764;25.00;monofasico
7898590584801;25.00;monofasico
7898591451591;18.00;presumido
7898593350298;25.00;monofasico
7898594740012;18.00;monofasico
7898594740036;0.00;monofasico
7898594740043;18.00;monofasico
7898594740050;25.00;monofasico
7898594740067;25.00;monofasico
7898594740074;25.00;monofasico
7898594740098;18.00;monofasico
7898594740104;25.00;real
7898594740142;25.00;monofasico
7898594740159;0.00;monofasico
7898594740197;18.00;monofasico
7898594740203;25.00;monofasico
7898594740210;25.00;monofasico
7898594740364;18.00;monofasico
7898594740371;25.00;real
7898594740449;18.00;monofasico
7898594740470;0.00;monofasico
7898594740494;25.00;real
7898594740500;25.00;real
7898594740517;0.00;monofasico
7898594740562;0.00;real
7898594740579;0.00;presumido
7898594740586;18.00;monofasico
7898594740593;25.00;monofasico
7898594740616;0.00;monofasico
7898594740623;0.00;monofasico
7898594740630;0.00;monofasico
7898594740647;0.00;monofasico
7898594740654;25.00;real
7898594740661;0.00;monofasico
7898594740678;18.00;monofasico
7898594740739;25.00;monofasico
7898594740753;0.00;monofasico
7898594740760;25.00;monofasico
7898594740777;25.00;monofasico
7898594740784;0.00;monofasico
7898594740791;0.00;monofasico
7898594740807;0.00;monofasico
7898594740814;25.00;monofasico
7898594740869;0.00;monofasico
7898594740883;25.00;monofasico
7898594740890;0.00;monofasico
7898594740906;25.00;monofasico
7898594740913;0.00;monofasico
7898594740937;0.00;monofasico
7898594740944;25.00;monofasico
7898594740951;25.00;monofasico
7898594740975;25.00;monofasico
7898594740982;25.00;monofasico
7898594740999;0.00;monofasico
7898594741002;25.00;monofasico
7898594741026;25.00;monofasico
7898594741057;25.00;monofasico
7898594741064;25.00;monofasico
7898594741088;25.00;monofasico
7898594741101;25.00;real
7898594741118;25.00;monofasico
7898594741125;25.00;monofasico
7898594741132;25.00;monofasico
7898594741156;25.00;monofasico
7898594741170;25.00;monofasico
7898594741187;25.00;monofasico
7898594741194;25.00;monofasico
7898594741200;25.00;monofasico
7898594741217;0.00;monofasico
7898594741224;18.00;real
7898594741248;18.00;real
7898594741262;18.00;real
7898594741279;25.00;monofasico
7898594741286;25.00;real
7898594741309;0.00;monofasico
7898594741408;18.00;monofasico
7898594741750;18.00;monofasico
7898594741767;0.00;monofasico
7898594741798;25.00;monofasico
7898594741910;0.00;monofasico
7898594741934;25.00;monofasico
7898594741941;25.00;monofasico
7898594741989;18.00;monofasico
7898594742030;25.00;real
7898594742047;0.00;monofasico
7898594742054;25.00;real
7898594742061;25.00;real
7898594742078;0.00;monofasico
7898594742085;18.00;monofasico
7898594742092;25.00;monofasico
7898594742122;0.00;monofasico
7898594742139;0.00;monofasico
7898594742146;25.00;monofasico
7898594742153;18.00;monofasico
7898594742160;25.00;monofasico
7898594742283;0.00;monofasico
7898594742290;25.00;monofasico
7898594742306;18.00;monofasico
7898594742368;25.00;real
7898594742375;25.00;real
7898594742382;25.00;real
7898594742436;25.00;monofasico
7898594742696;25.00;monofasico
7898594742771;0.00;monofasico
7898594742955;25.00;real
7898594742962;25.00;real
7898594742979;25.00;real
7898594742993;18.00;monofasico
7898594743013;0.00;monofasico
7898594743112;25.00;monofasico
7898594743129;25.00;monofasico
7898594743136;25.00;monofasico
7898594743143;25.00;monofasico
7898594743150;0.00;monofasico
7898594743181;25.00;monofasico
7898594743198;25.00;monofasico
7898594743204;25.00;monofasico
7898594743242;18.00;monofasico
7898594743402;0.00;monofasico
7898594743631;0.00;monofasico
7898594743648;18.00;monofasico
7898594743679;25.00;real
7898594743709;25.00;real
7898594743846;18.00;monofasico
7898594743860;25.00;real
7898594743969;0.00;monofasico
7898594743976;18.00;monofasico
7898594743983;0.00;monofasico
7898594743990;25.00;real
7898594744003;25.00;real
7898594744010;0.00;monofasico
7898594744027;18.00;monofasico
7898594744034;25.00;real
7898594744058;0.00;monofasico
7898594744065;0.00;monofasico
7898594744072;18.00;monofasico
7898594744089;25.00;real
7898594744096;25.00;real
7898594744102;25.00;real
7898594744119;0.00;monofasico
7898594744126;25.00;real
7898594744140;18.00;monofasico
7898594744157;25.00;real
7898594744164;25.00;real
7898594744171;0.00;monofasico
7898594744188;18.00;monofasico
7898594744201;25.00;real
7898594744218;25.00;real
7898594744225;18.00;monofasico
7898594744232;25.00;real
7898594744249;0.00;monofasico
7898594744256;0.00;monofasico
7898594744263;25.00;monofasico
7898594744270;25.00;real
7898594744287;18.00;monofasico
7898594744294;25.00;real
7898594744317;25.00;real
7898594744331;25.00;real
7898594744355;25.00;real
7898594744362;25.00;monofasico
7898594744379;25.00;real
7898594744386;25.00;real
7898594744409;0.00;monofasico
7898594744416;25.00;real
7898594744423;0.00;monofasico
7898594744447;25.00;monofasico
7898594744454;0.00;monofasico
7898594744478;25.00;real
7898594744539;18.00;monofasico
7898594744546;25.00;real
7898594744553;25.00;monofasico
7898594744560;25.00;monofasico
7898594744577;25.00;real
7898594744584;25.00;real
7898594744591;25.00;real
7898594744607;25.00;real
7898594744614;25.00;real
7898594744621;25.00;real
7898594744638;0.00;real
7898594744645;25.00;real
7898594744652;25.00;real
7898594744669;25.00;real
7898594744751;25.00;real
7898594744768;25.00;real
7898594744775;18.00;real
7898594744782;18.00;real
7898594744799;18.00;real
7898594744812;18.00;real
7898594744829;18.00;real
7898594744836;18.00;real
7898594744843;18.00;real
7898594744850;25.00;real
7898594744867;25.00;real
7898594744874;25.00;real
7898594744881;25.00;real
7898594744898;25.00;real
7898594744904;25.00;real
7898594744911;25.00;real
7898594744928;25.00;real
7898594744935;25.00;real
7898594744942;25.00;real
7898594744959;25.00;real
7898594744966;25.00;real
7898594744973;25.00;real
7898594744980;25.00;real
7898594744997;25.00;real
7898594745000;25.00;real
7898594745017;25.00;real
7898594745024;25.00;real
7898594745031;25.00;monofasico
7898594745048;25.00;real
7898594745055;25.00;real
7898594745062;25.00;real
7898594745079;25.00;real
7898594745086;25.00;real
7898594745093;25.00;real
7898594745109;25.00;real
7898594745116;25.00;real
7898594745123;25.00;real
7898594745130;25.00;real
7898594745154;25.00;real
7898594745161;25.00;real
7898594745178;25.00;real
7898594745185;25.00;real
7898594745192;25.00;real
7898594745208;25.00;real
7898594745215;0.00;monofasico
7898594745222;25.00;real
7898594745239;25.00;real
7898594745246;25.00;real
7898594745253;25.00;real
7898594745260;25.00;real
7898594745277;25.00;monofasico
7898594745284;25.00;real
7898594745291;25.00;real
7898594745307;25.00;monofasico
7898594745314;25.00;real
7898594745321;25.00;real
7898594745338;25.00;real
7898594745345;25.00;real
7898594745352;25.00;real
7898594745369;25.00;monofasico
7898594745383;25.00;real
7898594745413;25.00;real
7898594745420;25.00;real
7898595237290;0.00;monofasico
7898595237542;0.00;monofasico
7898595237603;0.00;monofasico
7898595237641;25.00;monofasico
7898595237689;0.00;monofasico
7898595238150;0.00;presumido
7898595238174;0.00;monofasico
7898595239331;0.00;monofasico
7898595239348;0.00;monofasico
7898595239362;0.00;monofasico
7898595270075;18.00;real
7898596080574;18.00;monofasico
7898596081236;18.00;monofasico
7898596082073;18.00;monofasico
7898597484180;0.00;monofasico
7898597484203;25.00;monofasico
7898599850105;0.00;monofasico
7898599850112;0.00;monofasico
7898599850143;0.00;monofasico
7898599850150;0.00;monofasico
7898599850198;0.00;monofasico
7898599850273;25.00;monofasico
7898599850365;0.00;monofasico
7898599850372;0.00;monofasico
7898599850389;0.00;monofasico
7898599850396;0.00;monofasico
7898599850419;18.00;monofasico
7898599850433;18.00;monofasico
7898599850440;25.00;monofasico
7898599850457;0.00;monofasico
7898599850488;0.00;monofasico
7898599850495;0.00;monofasico
7898599850525;0.00;monofasico
7898599850532;0.00;monofasico
7898599850549;0.00;monofasico
7898599850556;0.00;monofasico
7898599850563;0.00;monofasico
7898599850594;0.00;monofasico
7898599850600;0.00;monofasico
7898599850655;25.00;monofasico
7898599850679;25.00;monofasico
7898599850686;25.00;monofasico
7898599850693;25.00;monofasico
7898599850709;25.00;monofasico
7898599850716;0.00;monofasico
7898599850877;18.00;monofasico
7898599850884;18.00;monofasico
7898599850891;18.00;presumido
7898599850907;18.00;presumido
7898599850914;25.00;monofasico
7898599850921;25.00;monofasico
7898599850938;25.00;monofasico
7898599850945;25.00;monofasico
7898599850952;25.00;monofasico
7898599850969;25.00;monofasico
7898599850976;25.00;monofasico
7898599850983;25.00;monofasico
7898599850990;25.00;monofasico
7898599851003;25.00;monofasico
7898599851010;25.00;monofasico
7898599851027;25.00;monofasico
7898599851034;25.00;monofasico
7898599851041;25.00;monofasico
7898599851058;25.00;monofasico
7898599851065;25.00;monofasico
7898599851072;0.00;monofasico
7898599851089;0.00;monofasico
7898599851096;25.00;monofasico
7898599851102;25.00;monofasico
7898599851119;25.00;monofasico
7898599851126;25.00;monofasico
7898599851164;25.00;monofasico
7898599851171;25.00;monofasico
7898599851188;25.00;monofasico
7898599851195;25.00;monofasico
7898599851201;25.00;monofasico
7898599851218;0.00;monofasico
7898599851232;25.00;monofasico
7898599851249;25.00;monofasico
7898599851256;25.00;monofasico
7898599851263;25.00;monofasico
7898599851270;25.00;monofasico
7898599851287;0.00;monofasico
7898599851294;25.00;monofasico
7898599851300;0.00;monofasico
7898599851317;25.00;monofasico
7898599851324;25.00;monofasico
7898599851331;0.00;monofasico
7898599851348;25.00;monofasico
7898599851355;25.00;monofasico
7898599851362;18.00;presumido
7898599851379;18.00;presumido
7898599851386;18.00;presumido
7898599851416;25.00;monofasico
7898599851430;25.00;monofasico
7898599851447;25.00;monofasico
7898599851478;25.00;monofasico
7898599851485;0.00;monofasico
7898599851492;0.00;monofasico
7898599851508;0.00;monofasico
7898599851515;0.00;monofasico
7898599851522;0.00;monofasico
7898599851539;25.00;monofasico
7898599851546;18.00;monofasico
7898599851577;0.00;monofasico
7898599851584;18.00;monofasico
7898599851591;25.00;monofasico
7898599851607;25.00;monofasico
7898599851614;18.00;monofasico
7898599851621;25.00;monofasico
7898599851645;0.00;monofasico
7898599851652;0.00;monofasico
7898599851669;0.00;monofasico
7898599851676;18.00;monofasico
7898599851683;0.00;monofasico
7898599851690;25.00;monofasico
7898599851713;25.00;monofasico
7898599851737;25.00;monofasico
7898599851744;25.00;monofasico
7898599851751;25.00;monofasico
7898599851775;0.00;monofasico
7898599851805;0.00;monofasico
7898599851874;0.00;monofasico
7898599851881;25.00;monofasico
7898599852185;25.00;monofasico
7898599852222;0.00;monofasico
7898599852239;0.00;monofasico
7898599852246;0.00;monofasico
7898599852253;25.00;monofasico
7898599852277;25.00;monofasico
7898599852284;25.00;monofasico
7898599852314;25.00;monofasico
7898599852321;25.00;monofasico
7898599852338;25.00;monofasico
7898599852345;25.00;monofasico
7898599852352;25.00;monofasico
7898599852369;25.00;monofasico
7898599852376;18.00;monofasico
7898599852383;25.00;monofasico
7898599852390;25.00;monofasico
7898599852406;18.00;monofasico
7898599852413;18.00;monofasico
7898599852420;25.00;monofasico
7898599852437;25.00;monofasico
7898599852697;25.00;monofasico
7898599852703;25.00;monofasico
7898599852710;0.00;monofasico
7898599852727;18.00;monofasico
7898599852734;25.00;monofasico
7898599852741;25.00;monofasico
7898599852758;18.00;monofasico
7898599852765;25.00;monofasico
7898599852772;25.00;monofasico
7898599852789;25.00;monofasico
7898599852796;18.00;monofasico
7898599852802;25.00;monofasico
7898599852819;25.00;monofasico
7898599852826;25.00;monofasico
7898599852833;18.00;monofasico
7898599852840;25.00;monofasico
7898599852857;25.00;monofasico
7898599852918;25.00;monofasico
7898599853175;18.00;monofasico
7898599853182;25.00;monofasico
7898599853199;25.00;monofasico
7898599853205;25.00;monofasico
7898599853212;0.00;monofasico
7898599853229;25.00;monofasico
7898599853236;25.00;monofasico
7898599853274;25.00;monofasico
7898599853304;18.00;monofasico
7898599853311;25.00;monofasico
7898599853328;25.00;monofasico
7898599853342;18.00;monofasico
7898599853366;25.00;monofasico
7898599853373;25.00;monofasico
7898599853380;25.00;monofasico
7898599853397;18.00;monofasico
7898599853403;25.00;monofasico
7898599854363;25.00;monofasico
7898599854400;25.00;monofasico
7898599854417;25.00;monofasico
7898599854424;0.00;monofasico
7898599854479;25.00;monofasico
7898599854486;25.00;monofasico
7898599854493;25.00;monofasico
7898599854509;25.00;monofasico
7898599854547;25.00;monofasico
7898599854578;0.00;monofasico
7898599854585;0.00;monofasico
7898599854592;0.00;monofasico
7898599854608;0.00;monofasico
7898599854615;0.00;monofasico
7898599854639;0.00;monofasico
7898599854646;0.00;monofasico
7898599854677;25.00;monofasico
7898599854684;25.00;monofasico
7898599854707;18.00;monofasico
7898599854721;0.00;monofasico
7898599854738;0.00;monofasico
7898599854745;25.00;monofasico
7898599854752;0.00;monofasico
7898599854769;25.00;monofasico
7898599854806;25.00;monofasico
7898599854851;25.00;monofasico
7898599854899;25.00;monofasico
7898599854936;0.00;real
7898599854943;0.00;monofasico
7898599854967;0.00;monofasico
7898599854981;0.00;real
7898599855001;25.00;monofasico
7898599855032;0.00;monofasico
7898599855049;0.00;monofasico
7898599855056;0.00;monofasico
7898599855063;0.00;monofasico
7898599855070;25.00;monofasico
7898599855117;25.00;monofasico
7898599855124;0.00;monofasico
7898600990523;25.00;monofasico
7898600990721;25.00;monofasico
7898600991339;25.00;monofasico
7898600991384;25.00;monofasico
7898600991391;25.00;monofasico
7898600991407;25.00;monofasico
7898600991735;25.00;monofasico
7898600991766;25.00;monofasico
7898600991995;25.00;monofasico
7898600992077;25.00;monofasico
7898600992084;25.00;monofasico
7898600992091;25.00;monofasico
7898600992107;25.00;monofasico
7898600992114;25.00;monofasico
7898600992121;25.00;monofasico
7898600992510;25.00;monofasico
7898600992527;25.00;monofasico
7898600992541;25.00;monofasico
7898600992558;25.00;monofasico
7898600992572;25.00;monofasico
7898600992589;25.00;monofasico
7898600992596;25.00;monofasico
7898600992602;25.00;monofasico
7898600992619;25.00;monofasico
7898600992985;25.00;monofasico
7898600992992;25.00;monofasico
7898600993005;25.00;monofasico
7898600993012;25.00;monofasico
7898600993029;25.00;monofasico
7898600993081;25.00;monofasico
7898600993210;25.00;monofasico
7898600993234;25.00;monofasico
7898600993326;25.00;monofasico
7898600993333;25.00;monofasico
7898600993371;25.00;monofasico
7898600993388;25.00;monofasico
7898600993401;25.00;monofasico
7898600993418;25.00;monofasico
7898600993425;25.00;monofasico
7898600993616;25.00;monofasico
7898600993623;25.00;monofasico
7898600993906;0.00;monofasico
7898600993937;0.00;monofasico
7898600993951;0.00;monofasico
7898600993999;25.00;monofasico
7898600994002;25.00;monofasico
7898600994019;25.00;monofasico
7898600994026;25.00;monofasico
7898600994033;25.00;monofasico
7898600994040;25.00;monofasico
7898600994057;25.00;monofasico
7898600994125;25.00;monofasico
7898600994132;25.00;monofasico
7898600994149;25.00;monofasico
7898600994156;25.00;monofasico
7898600994163;25.00;monofasico
7898600994590;25.00;monofasico
7898600994613;25.00;monofasico
7898600994620;25.00;monofasico
7898600994637;25.00;monofasico
7898600994644;25.00;monofasico
7898600994705;25.00;monofasico
7898600994712;25.00;monofasico
7898600994750;25.00;monofasico
7898600994927;18.00;real
7898600995221;25.00;monofasico
7898600995603;0.00;monofasico
7898600995665;25.00;monofasico
7898600995672;25.00;monofasico
7898600995979;0.00;monofasico
7898600995993;0.00;monofasico
7898600996037;0.00;monofasico
7898600996075;0.00;monofasico
7898600996099;25.00;monofasico
7898600996105;0.00;monofasico
7898600996143;25.00;monofasico
7898600996150;25.00;monofasico
7898600996167;25.00;monofasico
7898600996204;25.00;monofasico
7898600996211;25.00;monofasico
7898600996365;25.00;monofasico
7898600996372;25.00;monofasico
7898600996389;0.00;monofasico
7898600996396;0.00;monofasico
7898600996419;0.00;monofasico
7898600996679;25.00;monofasico
7898600996686;18.00;monofasico
7898600996693;25.00;monofasico
7898600997096;18.00;real
7898600999267;18.00;monofasico
7898600999472;18.00;monofasico
7898600999489;18.00;monofasico
7898600999502;18.00;monofasico
7898600999519;18.00;monofasico
7898600999533;18.00;monofasico
7898600999564;18.00;monofasico
7898600999571;18.00;monofasico
7898600999588;18.00;monofasico
7898600999618;18.00;monofasico
7898600999809;18.00;monofasico
7898600999816;18.00;monofasico
7898600999854;18.00;monofasico
7898605221806;0.00;presumido
7898605221998;0.00;presumido
7898605222179;0.00;presumido
7898605222186;0.00;presumido
7898605222193;0.00;presumido
7898605222261;0.00;presumido
7898605222292;0.00;presumido
7898605222384;0.00;presumido
7898605222391;0.00;presumido
7898605222407;0.00;real
7898605222421;0.00;presumido
7898605222599;0.00;presumido
7898605222612;0.00;real
7898605222629;0.00;presumido
7898605222643;0.00;presumido
7898605222650;0.00;presumido
7898605222674;0.00;presumido
7898605222704;0.00;real
7898605222711;0.00;presumido
7898605222728;0.00;presumido
7898605222759;0.00;presumido
7898605222766;0.00;presumido
7898605222773;0.00;presumido
7898605222841;18.00;presumido
7898605222858;0.00;presumido
7898605222865;0.00;presumido
7898605222872;0.00;presumido
7898605222889;0.00;presumido
7898605222896;0.00;presumido
7898605222933;0.00;presumido
7898605222940;0.00;presumido
7898605222957;0.00;presumido
7898605222964;0.00;presumido
7898605222971;0.00;real
7898605222995;0.00;real
7898605223022;0.00;presumido
7898606630898;0.00;monofasico
7898606630904;0.00;monofasico
7898606630942;0.00;monofasico
7898606631758;25.00;presumido
7898606631765;25.00;presumido
7898606631772;25.00;presumido
7898606631789;0.00;monofasico
7898606631796;25.00;presumido
7898606631802;25.00;presumido
7898606633356;25.00;presumido
7898606633400;25.00;presumido
7898606633417;25.00;presumido
7898606633424;25.00;presumido
7898606633431;25.00;presumido
7898606633448;25.00;presumido
7898606633592;25.00;presumido
7898606633608;0.00;monofasico
7898606633615;0.00;monofasico
7898606633622;25.00;presumido
7898606633639;25.00;presumido
7898606633646;25.00;presumido
7898606634117;0.00;monofasico
7898606634131;25.00;presumido
7898606634148;25.00;presumido
7898606634261;0.00;monofasico
7898606634278;25.00;presumido
7898606634285;25.00;presumido
7898606634292;25.00;presumido
7898606634308;25.00;presumido
7898606634315;25.00;presumido
7898606634490;25.00;presumido
7898606634544;25.00;presumido
7898606634575;25.00;presumido
7898606634582;0.00;monofasico
7898606634599;25.00;presumido
7898606634612;25.00;presumido
7898606634629;25.00;presumido
7898606635015;25.00;presumido
7898606635022;25.00;presumido
7898606635039;25.00;presumido
7898606635053;25.00;presumido
7898606635060;25.00;presumido
7898606635077;0.00;monofasico
7898606635084;25.00;presumido
7898606635091;25.00;presumido
7898606635107;25.00;presumido
7898606635114;25.00;presumido
7898606635121;25.00;presumido
7898606635138;25.00;presumido
7898606635152;25.00;presumido
7898606635169;25.00;presumido
7898606635176;25.00;presumido
7898606635183;25.00;presumido
7898606635718;25.00;presumido
7898606635732;25.00;presumido
7898606635749;25.00;presumido
7898606635756;0.00;monofasico
7898606635770;25.00;presumido
7898606636180;25.00;presumido
7898606636197;25.00;presumido
7898606636203;0.00;monofasico
7898606636210;25.00;presumido
7898606636357;25.00;presumido
7898606636388;25.00;presumido
7898606636395;25.00;presumido
7898606636401;0.00;monofasico
7898606637156;25.00;presumido
7898606637163;25.00;presumido
7898606637170;0.00;monofasico
7898606637576;25.00;presumido
7898606637583;0.00;monofasico
7898606637613;25.00;presumido
7898606638214;25.00;presumido
7898606638252;25.00;presumido
7898606638269;25.00;presumido
7898606638276;25.00;presumido
7898606638283;0.00;monofasico
7898606638290;25.00;presumido
7898606638306;0.00;monofasico
7898606638313;25.00;presumido
7898606638320;25.00;presumido
7898606638344;0.00;presumido
7898606638351;25.00;presumido
7898606638740;25.00;presumido
7898606639044;0.00;monofasico
7898606639211;25.00;presumido
7898606639327;0.00;presumido
7898606639341;0.00;monofasico
7898606639396;25.00;presumido
7898606639419;0.00;monofasico
7898606639457;25.00;presumido
7898606639464;25.00;presumido
7898606639471;25.00;presumido
7898606639679;25.00;presumido
7898606639853;25.00;presumido
7898606639860;0.00;monofasico
7898606639877;0.00;monofasico
7898606639884;25.00;presumido
7898606639891;25.00;presumido
7898606639907;0.00;monofasico
7898606639914;0.00;monofasico
7898606639921;25.00;presumido
7898606639938;25.00;presumido
7898606639945;25.00;presumido
7898606741297;0.00;monofasico
7898606742485;18.00;monofasico
7898606742492;25.00;monofasico
7898606742508;25.00;monofasico
7898606742515;25.00;monofasico
7898606742522;0.00;monofasico
7898606742553;25.00;monofasico
7898606742638;25.00;monofasico
7898606742843;18.00;monofasico
7898606742850;25.00;monofasico
7898606742867;25.00;monofasico
7898606742881;25.00;monofasico
7898606742898;25.00;monofasico
7898606742904;25.00;monofasico
7898606742973;18.00;monofasico
7898606742980;25.00;monofasico
7898606742997;25.00;monofasico
7898606743000;0.00;monofasico
7898606743017;25.00;monofasico
7898606743239;25.00;monofasico
7898606743246;25.00;monofasico
7898606743871;18.00;monofasico
7898606743888;25.00;monofasico
7898606743895;25.00;monofasico
7898606743901;25.00;monofasico
7898606743918;25.00;monofasico
7898606744083;25.00;monofasico
7898606744786;25.00;monofasico
7898606745622;18.00;monofasico
7898606745660;25.00;monofasico
7898606745738;18.00;monofasico
7898606745745;25.00;monofasico
7898606745752;25.00;monofasico
7898606745776;25.00;monofasico
7898606745844;25.00;monofasico
7898606746070;18.00;monofasico
7898609490017;25.00;monofasico
7898609490024;18.00;monofasico
7898609490048;18.00;monofasico
7898609490055;18.00;monofasico
7898609490062;0.00;monofasico
7898609490079;25.00;monofasico
7898609490086;25.00;monofasico
7898609490093;25.00;monofasico
7898609490109;25.00;monofasico
7898609490116;0.00;monofasico
7898609490123;25.00;monofasico
7898609490130;25.00;monofasico
7898609490154;25.00;monofasico
7898609490161;18.00;monofasico
7898609490192;25.00;monofasico
7898609490208;25.00;monofasico
7898610080030;18.00;presumido
7898610080054;18.00;presumido
7898610080061;18.00;presumido
7898610080078;18.00;presumido
7898610080108;0.00;presumido
7898610080115;0.00;presumido
7898610080122;25.00;monofasico
7898610080146;18.00;presumido
7898610080238;18.00;presumido
7898610080245;18.00;presumido
7898610080337;0.00;presumido
7898610080399;0.00;presumido
7898610080412;18.00;presumido
7898610080429;25.00;monofasico
7898610080450;0.00;monofasico
7898610080504;18.00;presumido
7898610080542;18.00;presumido
7898610080627;18.00;presumido
7898610080740;18.00;presumido
7898610080757;18.00;presumido
7898610080764;18.00;presumido
7898610081242;18.00;presumido
7898610082256;0.00;presumido
7898610082263;18.00;presumido
7898610082270;18.00;presumido
7898610082317;18.00;presumido
7898610082379;18.00;presumido
7898610082393;18.00;presumido
7898610082409;18.00;presumido
7898610082416;18.00;presumido
7898610082447;18.00;presumido
7898610082935;18.00;presumido
7898610082959;18.00;presumido
7898610083000;18.00;presumido
7898610370063;18.00;monofasico
7898610370070;25.00;monofasico
7898610370087;18.00;monofasico
7898610370094;25.00;monofasico
7898610370117;25.00;monofasico
7898610370124;25.00;monofasico
7898610370247;25.00;monofasico
7898610370254;25.00;monofasico
7898610370308;25.00;monofasico
7898610370315;25.00;monofasico
7898610370322;25.00;monofasico
7898610370339;25.00;monofasico
7898610370346;25.00;monofasico
7898610370353;25.00;monofasico
7898610370360;25.00;monofasico
7898610370377;25.00;monofasico
7898610370384;25.00;monofasico
7898610370391;25.00;monofasico
7898610370407;25.00;monofasico
7898610370414;25.00;monofasico
7898610370421;25.00;monofasico
7898610370438;25.00;monofasico
7898610370445;25.00;monofasico
7898610370476;25.00;monofasico
7898610370483;25.00;monofasico
7898610370490;25.00;monofasico
7898610370506;25.00;monofasico
7898610370513;25.00;monofasico
7898610370520;25.00;monofasico
7898610370537;25.00;monofasico
7898610370544;25.00;monofasico
7898610370551;25.00;monofasico
7898610370605;25.00;monofasico
7898610370612;25.00;monofasico
7898610370629;25.00;monofasico
7898610370636;25.00;monofasico
7898610370643;25.00;monofasico
7898610370650;25.00;monofasico
7898610370667;25.00;monofasico
7898610370674;25.00;monofasico
7898610370681;25.00;monofasico
7898610370698;25.00;monofasico
7898610370711;25.00;monofasico
7898610370902;18.00;monofasico
7898610370919;18.00;monofasico
7898610370933;25.00;monofasico
7898610370940;25.00;monofasico
7898610370971;0.00;monofasico
7898610371015;25.00;monofasico
7898610371022;25.00;monofasico
7898610371367;25.00;monofasico
7898610371374;25.00;monofasico
7898610371381;25.00;monofasico
7898610371398;25.00;monofasico
7898610371404;25.00;monofasico
7898610371411;25.00;monofasico
7898610371428;25.00;monofasico
7898610371435;25.00;monofasico
7898610371442;25.00;monofasico
7898610371459;25.00;monofasico
7898610371466;25.00;monofasico
7898610371473;25.00;monofasico
7898610371480;25.00;monofasico
7898610371497;25.00;monofasico
7898610371503;25.00;monofasico
7898610371510;25.00;monofasico
7898610371527;25.00;monofasico
7898610371534;25.00;monofasico
7898610371541;25.00;monofasico
7898610371558;25.00;monofasico
7898610371619;25.00;monofasico
7898610371626;25.00;monofasico
7898610371633;25.00;monofasico
7898610371640;25.00;monofasico
7898610372357;18.00;monofasico
7898610372364;25.00;monofasico
7898610372432;18.00;monofasico
7898610372449;18.00;monofasico
7898610372456;25.00;monofasico
7898610372463;25.00;monofasico
7898610372500;25.00;monofasico
7898610372524;25.00;monofasico
7898610372562;18.00;monofasico
7898610372579;18.00;monofasico
7898610372586;25.00;monofasico
7898610372593;25.00;monofasico
7898610372616;25.00;monofasico
7898610372623;25.00;monofasico
7898610372869;25.00;monofasico
7898610372883;25.00;monofasico
7898610372890;25.00;monofasico
7898610372906;25.00;monofasico
7898610372975;25.00;monofasico
7898610372982;18.00;monofasico
7898610372999;18.00;monofasico
7898610373002;25.00;monofasico
7898610373019;25.00;monofasico
7898610373033;25.00;monofasico
7898610373040;25.00;monofasico
7898610373156;25.00;monofasico
7898610373187;25.00;monofasico
7898610373200;18.00;monofasico
7898610373217;25.00;monofasico
7898610373224;18.00;monofasico
7898610373231;25.00;monofasico
7898610373385;25.00;monofasico
7898610373408;18.00;monofasico
7898610373415;18.00;monofasico
7898610373422;25.00;monofasico
7898610373439;25.00;monofasico
7898610373453;0.00;monofasico
7898610373460;25.00;monofasico
7898610373507;25.00;monofasico
7898610373514;25.00;monofasico
7898610373682;25.00;monofasico
7898610373699;25.00;monofasico
7898610373880;25.00;monofasico
7898610373927;25.00;monofasico
7898610373941;25.00;monofasico
7898610373958;25.00;monofasico
7898610373965;25.00;monofasico
7898610373972;25.00;monofasico
7898610373989;25.00;monofasico
7898610373996;25.00;monofasico
7898610374009;25.00;monofasico
7898610374016;25.00;monofasico
7898610374023;25.00;monofasico
7898610374030;25.00;monofasico
7898610374047;25.00;monofasico
7898610374054;25.00;monofasico
7898610374061;25.00;monofasico
7898610374078;25.00;monofasico
7898610374085;25.00;monofasico
7898610374092;25.00;monofasico
7898610374108;25.00;monofasico
7898610374115;25.00;monofasico
7898610374122;25.00;monofasico
7898610374139;25.00;monofasico
7898610374146;25.00;monofasico
7898610374153;25.00;monofasico
7898610374160;25.00;monofasico
7898610374177;25.00;monofasico
7898610374184;25.00;monofasico
7898610374191;25.00;monofasico
7898610375037;25.00;monofasico
7898610375044;25.00;monofasico
7898610375051;25.00;monofasico
7898610375068;25.00;monofasico
7898610375075;25.00;monofasico
7898610375082;25.00;monofasico
7898610375099;25.00;monofasico
7898610375105;25.00;monofasico
7898610375112;25.00;monofasico
7898610375129;25.00;monofasico
7898610375136;25.00;monofasico
7898610375143;25.00;monofasico
7898610375150;25.00;monofasico
7898610375167;25.00;monofasico
7898610375174;25.00;monofasico
7898610375181;25.00;monofasico
7898610375198;25.00;monofasico
7898610375211;25.00;monofasico
7898610375228;25.00;monofasico
7898610375235;25.00;monofasico
7898610375242;25.00;monofasico
7898610375259;25.00;monofasico
7898610375266;25.00;monofasico
7898610375273;25.00;monofasico
7898610375280;18.00;monofasico
7898610375297;18.00;monofasico
7898610375303;18.00;monofasico
7898610375310;25.00;monofasico
7898610375327;25.00;monofasico
7898610375334;18.00;monofasico
7898610375341;25.00;monofasico
7898610375358;18.00;monofasico
7898610375365;25.00;monofasico
7898610375372;25.00;monofasico
7898610375389;25.00;monofasico
7898610375396;25.00;monofasico
7898610375402;25.00;monofasico
7898610375419;25.00;monofasico
7898610375426;25.00;monofasico
7898610375433;18.00;monofasico
7898610375440;25.00;monofasico
7898610375457;25.00;monofasico
7898610375464;25.00;monofasico
7898610375471;25.00;monofasico
7898610375488;25.00;monofasico
7898610375495;25.00;monofasico
7898610375501;25.00;monofasico
7898610375518;25.00;monofasico
7898610375525;25.00;monofasico
7898610375532;25.00;monofasico
7898610375549;25.00;monofasico
7898610375556;25.00;monofasico
7898610375563;25.00;monofasico
7898610375860;18.00;monofasico
7898610375877;25.00;monofasico
7898610375884;25.00;monofasico
7898610375891;0.00;monofasico
7898610375907;25.00;monofasico
7898610375914;0.00;monofasico
7898610375952;25.00;monofasico
7898610375969;18.00;monofasico
7898610375976;25.00;monofasico
7898610375983;25.00;monofasico
7898610375990;25.00;monofasico
7898610376003;25.00;monofasico
7898610376010;18.00;monofasico
7898610376027;25.00;monofasico
7898610376034;25.00;monofasico
7898610376072;0.00;monofasico
7898610376355;0.00;monofasico
7898610376362;0.00;monofasico
7898610376393;25.00;monofasico
7898610376409;0.00;monofasico
7898610376928;0.00;monofasico
7898610377000;25.00;monofasico
7898610377017;25.00;monofasico
7898610377024;25.00;monofasico
7898610377031;25.00;monofasico
7898610377178;25.00;monofasico
7898610377277;18.00;monofasico
7898610377284;18.00;monofasico
7898610377291;25.00;monofasico
7898610377307;25.00;monofasico
7898610377314;25.00;monofasico
7898610377321;25.00;monofasico
7898610377338;25.00;monofasico
7898610377345;25.00;monofasico
7898610377352;25.00;monofasico
7898610377369;25.00;monofasico
7898610377413;25.00;monofasico
7898610377444;25.00;monofasico
7898610377451;25.00;monofasico
7898610377468;25.00;monofasico
7898610377574;18.00;monofasico
7898610377581;18.00;monofasico
7898610377598;25.00;monofasico
7898610377604;25.00;monofasico
7898610377611;25.00;monofasico
7898610377628;25.00;monofasico
7898610377635;25.00;monofasico
7898610377642;25.00;monofasico
7898610377833;0.00;monofasico
7898610377857;0.00;monofasico
7898610377864;0.00;monofasico
7898610377871;18.00;monofasico
7898610377888;25.00;monofasico
7898610377895;25.00;monofasico
7898610377901;25.00;monofasico
7898610377918;25.00;monofasico
7898610377925;25.00;monofasico
7898610377932;25.00;monofasico
7898610377949;25.00;monofasico
7898610377956;25.00;monofasico
7898610378045;25.00;monofasico
7898610378113;25.00;monofasico
7898610378120;18.00;monofasico
7898610378151;0.00;monofasico
7898610378298;18.00;monofasico
7898610378304;18.00;monofasico
7898610378311;18.00;monofasico
7898610378328;25.00;monofasico
7898610378335;18.00;monofasico
7898610378403;25.00;monofasico
7898610378441;18.00;monofasico
7898610378502;25.00;monofasico
7898610378540;18.00;monofasico
7898610378557;25.00;monofasico
7898610378564;25.00;monofasico
7898610378571;25.00;monofasico
7898610378595;18.00;monofasico
7898610378601;25.00;monofasico
7898610378618;25.00;monofasico
7898610378625;25.00;monofasico
7898610378632;25.00;monofasico
7898610379233;25.00;monofasico
7898610379608;18.00;monofasico
7898610379615;25.00;monofasico
7898610379622;25.00;monofasico
7898610379639;25.00;monofasico
7898614300936;25.00;monofasico
7898614300967;25.00;monofasico
7898614301001;25.00;monofasico
7898614301018;25.00;monofasico
7898614301032;0.00;monofasico
7898614301087;25.00;monofasico
7898614301193;25.00;monofasico
7898614301780;0.00;monofasico
7898614301810;25.00;monofasico
7898614301834;25.00;monofasico
7898614301841;0.00;monofasico
7898614301919;25.00;monofasico
7898614302190;0.00;monofasico
7898614302299;25.00;monofasico
7898614302329;0.00;monofasico
7898614302374;25.00;monofasico
7898614302381;25.00;monofasico
7898614302480;25.00;monofasico
7898614302503;25.00;monofasico
7898614303081;25.00;monofasico
7898614303111;0.00;monofasico
7898614303128;0.00;monofasico
7898614303296;25.00;monofasico
7898614303319;25.00;monofasico
7898614303326;25.00;monofasico
7898614303630;0.00;monofasico
7898614303647;0.00;monofasico
7898614303746;0.00;monofasico
7898614303753;25.00;monofasico
7898614306112;25.00;monofasico
7898614306334;0.00;monofasico
7898614306389;0.00;monofasico
7898614306570;25.00;monofasico
7898614306624;25.00;monofasico
7898614306822;25.00;monofasico
7898614307959;0.00;monofasico
7898614307966;0.00;monofasico
7898614307980;0.00;monofasico
7898614308000;0.00;monofasico
7898614308161;25.00;monofasico
7898614308192;25.00;monofasico
7898614308222;25.00;monofasico
7898614308239;25.00;monofasico
7898614308246;25.00;monofasico
7898614308253;0.00;monofasico
7898614308260;0.00;monofasico
7898614308512;25.00;monofasico
7898614309519;25.00;monofasico
7898614309526;25.00;monofasico
7898614309533;25.00;monofasico
7898614309540;25.00;monofasico
7898614309557;25.00;monofasico
7898614309564;25.00;monofasico
7898614309915;25.00;monofasico
7898614309922;25.00;monofasico
7898614309939;25.00;monofasico
7898614309953;25.00;monofasico
7898614309960;25.00;monofasico
7898614309977;25.00;monofasico
7898617520058;0.00;monofasico
7898617520119;0.00;monofasico
7898617520133;12.00;monofasico
7898617520188;0.00;monofasico
7898617520201;12.00;monofasico
7898617520225;12.00;monofasico
7898617520294;12.00;monofasico
7898617520607;12.00;monofasico
7898617520614;0.00;monofasico
7898617520850;12.00;monofasico
7898617520928;0.00;monofasico
7898617520935;12.00;monofasico
7898617520942;12.00;monofasico
7898617520959;12.00;monofasico
7898617520980;12.00;monofasico
7898617521130;12.00;monofasico
7898617521147;12.00;monofasico
7898617521239;12.00;monofasico
7898617521246;12.00;monofasico
7898617521253;12.00;monofasico
7898617521260;12.00;monofasico
7898617521277;12.00;monofasico
7898617521284;12.00;monofasico
7898617521291;12.00;monofasico
7898617521307;12.00;monofasico
7898617521314;12.00;monofasico
7898617521321;12.00;monofasico
7898617521338;12.00;monofasico
7898617521345;12.00;monofasico
7898617521352;12.00;monofasico
7898617521369;25.00;monofasico
7898617521376;12.00;monofasico
7898617521383;12.00;monofasico
7898617521390;12.00;monofasico
7898617521406;12.00;monofasico
7898617521413;12.00;monofasico
7898617521420;12.00;monofasico
7898617521437;12.00;monofasico
7898617521444;12.00;monofasico
7898617521499;12.00;monofasico
7898617521512;12.00;monofasico
7898617521529;12.00;monofasico
7898617521536;12.00;monofasico
7898617521550;12.00;monofasico
7898617521567;12.00;monofasico
7898617521574;12.00;monofasico
7898617521581;12.00;monofasico
7898617521598;12.00;monofasico
7898617521604;12.00;monofasico
7898617521611;0.00;monofasico
7898617521628;12.00;monofasico
7898617521635;12.00;monofasico
7898617521642;12.00;monofasico
7898617521659;12.00;monofasico
7898617521666;12.00;monofasico
7898617521673;12.00;monofasico
7898617521703;12.00;monofasico
7898617521710;12.00;monofasico
7898617521727;12.00;monofasico
7898617521734;12.00;monofasico
7898617521741;12.00;monofasico
7898617521758;12.00;monofasico
7898617521765;12.00;monofasico
7898617521772;12.00;monofasico
7898617521789;12.00;monofasico
7898617521796;12.00;monofasico
7898617521802;12.00;monofasico
7898617521819;12.00;monofasico
7898617521826;12.00;monofasico
7898617521833;12.00;monofasico
7898617521840;12.00;monofasico
7898617521857;12.00;monofasico
7898617521864;12.00;monofasico
7898617521871;12.00;monofasico
7898617521895;12.00;monofasico
7898617521901;12.00;monofasico
7898617521918;12.00;monofasico
7898617521925;12.00;monofasico
7898617522038;0.00;monofasico
7898617522052;12.00;monofasico
7898617522069;12.00;monofasico
7898617522076;12.00;monofasico
7898617522083;12.00;monofasico
7898617522090;12.00;monofasico
7898617522106;12.00;monofasico
7898617522113;12.00;monofasico
7898617522144;12.00;monofasico
7898617522151;12.00;monofasico
7898617522175;12.00;monofasico
7898617522182;25.00;monofasico
7898617522199;12.00;monofasico
7898617522205;12.00;monofasico
7898617522212;12.00;monofasico
7898617522243;12.00;monofasico
7898617522250;12.00;monofasico
7898617522267;25.00;monofasico
7898617522281;12.00;monofasico
7898617522915;0.00;monofasico
7898617522922;12.00;monofasico
7898617522991;12.00;monofasico
7898617523004;12.00;monofasico
7898617523011;12.00;monofasico
7898617523028;12.00;monofasico
7898617523035;12.00;monofasico
7898617523097;12.00;monofasico
7898617523103;12.00;monofasico
7898617523196;12.00;monofasico
7898617523219;12.00;monofasico
7898617523837;12.00;monofasico
7898617523844;25.00;monofasico
7898617524186;12.00;monofasico
7898617524193;12.00;monofasico
7898617524209;12.00;monofasico
7898617524216;12.00;monofasico
7898617524223;25.00;monofasico
7898617524230;12.00;monofasico
7898617524247;12.00;monofasico
7898617524261;12.00;monofasico
7898617524278;12.00;monofasico
7898617524285;12.00;monofasico
7898617524292;12.00;monofasico
7898617524308;12.00;monofasico
7898617524315;12.00;monofasico
7898617524322;12.00;monofasico
7898617524339;12.00;monofasico
7898617524346;12.00;monofasico
7898617524353;12.00;monofasico
7898617524551;0.00;monofasico
7898617524582;0.00;monofasico
7898617524612;0.00;monofasico
7898617525190;0.00;monofasico
7898617525428;0.00;monofasico
7898617525435;0.00;monofasico
7898617525466;0.00;monofasico
7898617525480;0.00;monofasico
7898617525978;12.00;monofasico
7898617525985;0.00;monofasico
7898617526036;12.00;monofasico
7898617526142;25.00;monofasico
7898617526166;0.00;monofasico
7898617526258;12.00;monofasico
7898617526593;12.00;monofasico
7898617526609;0.00;monofasico
7898617526630;0.00;monofasico
7898617526661;25.00;monofasico
7898617526685;0.00;monofasico
7898617526715;12.00;monofasico
7898617526739;12.00;monofasico
7898617526944;0.00;monofasico
7898617527095;12.00;monofasico
7898617527101;12.00;monofasico
7898617527118;12.00;monofasico
7898617527125;12.00;monofasico
7898617527132;12.00;monofasico
7898617527149;12.00;monofasico
7898617527248;12.00;monofasico
7898617527279;12.00;monofasico
7898617527286;0.00;monofasico
7898617527378;12.00;monofasico
7898617527385;12.00;monofasico
7898617527392;0.00;monofasico
7898617527408;12.00;monofasico
7898617527415;12.00;monofasico
7898617527422;0.00;monofasico
7898617527576;12.00;monofasico
7898617527590;12.00;monofasico
7898617527606;12.00;monofasico
7898617527613;12.00;monofasico
7898617527804;12.00;monofasico
7898617527811;12.00;monofasico
7898617527842;0.00;monofasico
7898617527859;0.00;monofasico
7898617527873;12.00;monofasico
7898617527897;12.00;monofasico
7898617527910;12.00;monofasico
7898617527934;0.00;monofasico
7898617527958;0.00;monofasico
7898617527965;0.00;monofasico
7898617527972;12.00;monofasico
7898617527989;0.00;monofasico
7898617527996;0.00;monofasico
7898617528009;0.00;monofasico
7898617528016;0.00;monofasico
7898617528221;0.00;monofasico
7898617528269;0.00;monofasico
7898617528665;12.00;monofasico
7898617528672;12.00;monofasico
7898617528696;12.00;monofasico
7898617528962;0.00;monofasico
7898617528979;0.00;monofasico
7898617528986;0.00;monofasico
7898617529181;0.00;monofasico
7898617529198;0.00;monofasico
7898617529211;25.00;monofasico
7898617529297;25.00;monofasico
7898617529303;25.00;monofasico
7898617529334;25.00;monofasico
7898617529396;25.00;monofasico
7898617529402;12.00;monofasico
7898617529419;12.00;monofasico
7898617529426;25.00;monofasico
7898617529471;12.00;monofasico
7898617529549;0.00;presumido
7898617529617;0.00;presumido
7898617529631;12.00;monofasico
7898617529648;12.00;monofasico
7898617529655;12.00;monofasico
7898617529662;12.00;monofasico
7898617529679;12.00;monofasico
7898617529686;12.00;monofasico
7898617529693;12.00;monofasico
7898617529709;12.00;monofasico
7898617529716;12.00;monofasico
7898617529723;12.00;monofasico
7898617529730;12.00;monofasico
7898617529747;12.00;monofasico
7898617529754;12.00;monofasico
7898617529761;12.00;monofasico
7898617529778;12.00;monofasico
7898617529785;12.00;monofasico
7898617529792;12.00;monofasico
7898617529808;12.00;monofasico
7898617529815;12.00;monofasico
7898617529822;12.00;monofasico
7898619334615;4.00;real
7898619336619;4.00;real
7898619336626;4.00;real
7898619336633;4.00;real
7898619339849;4.00;real
7898620181895;25.00;monofasico
7898620181901;25.00;monofasico
7898620181918;25.00;real
7898620181925;25.00;monofasico
7898620181932;25.00;monofasico
7898620181949;25.00;monofasico
7898620181970;25.00;monofasico
7898620181987;25.00;monofasico
7898620182014;25.00;monofasico
7898620182021;25.00;monofasico
7898620182045;25.00;monofasico
7898620183738;0.00;monofasico
7898620186975;18.00;monofasico
7898620189068;0.00;monofasico
7898620189198;25.00;monofasico
7898620189228;25.00;monofasico
7898620189372;25.00;real
7898620189433;25.00;real
7898620189440;25.00;real
7898620189457;25.00;real
7898620189464;25.00;real
7898620189471;18.00;presumido
7898620271077;12.00;real
7898620272579;0.00;real
7898620272715;18.00;real
7898622119384;0.00;monofasico
7898623240018;12.00;monofasico
7898623240094;12.00;monofasico
7898623240100;12.00;monofasico
7898623240322;12.00;monofasico
7898623240339;12.00;monofasico
7898623240360;12.00;monofasico
7898623240674;0.00;monofasico
7898623240681;0.00;monofasico
7898623240742;12.00;monofasico
7898623240827;12.00;monofasico
7898623240834;12.00;monofasico
7898623240841;12.00;monofasico
7898623240858;12.00;monofasico
7898623240933;0.00;monofasico
7898623240957;12.00;monofasico
7898623241046;12.00;monofasico
7898623241060;12.00;monofasico
7898623241237;12.00;monofasico
7898623241435;12.00;monofasico
7898623241541;12.00;monofasico
7898623241589;12.00;monofasico
7898623241664;12.00;monofasico
7898623241671;12.00;monofasico
7898623241688;12.00;monofasico
7898623241695;12.00;monofasico
7898623241725;12.00;monofasico
7898623241732;12.00;monofasico
7898623241756;12.00;monofasico
7898623241763;12.00;monofasico
7898623241770;12.00;monofasico
7898623241893;0.00;monofasico
7898623242012;12.00;monofasico
7898623242449;12.00;monofasico
7898623242456;12.00;monofasico
7898623242463;0.00;monofasico
7898623242470;0.00;monofasico
7898623242487;12.00;monofasico
7898623242494;12.00;monofasico
7898623242500;18.00;monofasico
7898623242630;12.00;monofasico
7898623242654;12.00;monofasico
7898623242661;12.00;monofasico
7898623242883;12.00;monofasico
7898623242890;0.00;monofasico
7898623242906;12.00;monofasico
7898623242913;12.00;monofasico
7898623242920;12.00;monofasico
7898623242937;12.00;monofasico
7898623242944;12.00;monofasico
7898623243095;12.00;monofasico
7898623243101;12.00;monofasico
7898623243118;12.00;monofasico
7898623243125;12.00;monofasico
7898623243132;12.00;monofasico
7898623243149;12.00;monofasico
7898623243217;12.00;monofasico
7898623243231;12.00;monofasico
7898623243248;12.00;monofasico
7898623243255;12.00;monofasico
7898623243408;12.00;monofasico
7898623243422;0.00;monofasico
7898623243446;12.00;monofasico
7898623243453;12.00;monofasico
7898623243514;12.00;monofasico
7898623243521;12.00;monofasico
7898623243538;12.00;monofasico
7898623243545;12.00;monofasico
7898623243552;0.00;monofasico
7898623243651;12.00;monofasico
7898623243668;12.00;monofasico
7898623243958;12.00;monofasico
7898623244047;12.00;monofasico
7898623244054;12.00;monofasico
7898623244061;12.00;monofasico
7898623244078;12.00;monofasico
7898623244085;12.00;monofasico
7898623244092;12.00;monofasico
7898623244115;12.00;monofasico
7898623244139;12.00;monofasico
7898623244146;12.00;monofasico
7898623244153;12.00;monofasico
7898623244160;12.00;monofasico
7898623244177;12.00;monofasico
7898623244184;12.00;monofasico
7898623244191;12.00;monofasico
7898623244207;12.00;monofasico
7898623244214;12.00;monofasico
7898623244221;12.00;monofasico
7898623244238;12.00;monofasico
7898623244320;12.00;monofasico
7898623244337;12.00;monofasico
7898623244344;12.00;monofasico
7898623244351;12.00;monofasico
7898623244368;12.00;monofasico
7898623244375;12.00;monofasico
7898623244382;25.00;monofasico
7898623244399;12.00;monofasico
7898623244405;18.00;monofasico
7898623244412;12.00;monofasico
7898623244429;12.00;monofasico
7898623244436;12.00;monofasico
7898623244443;12.00;monofasico
7898623244450;12.00;monofasico
7898623244467;12.00;monofasico
7898623244474;12.00;monofasico
7898623244481;12.00;monofasico
7898623244498;0.00;monofasico
7898623244542;12.00;monofasico
7898623244559;12.00;monofasico
7898623244566;12.00;monofasico
7898623244696;0.00;monofasico
7898623244702;0.00;monofasico
7898623244719;12.00;monofasico
7898623244740;12.00;monofasico
7898623950023;25.00;monofasico
7898623950030;12.00;monofasico
7898623950047;12.00;monofasico
7898623950078;12.00;monofasico
7898623950504;12.00;monofasico
7898623950559;0.00;monofasico
7898623950764;12.00;monofasico
7898623950856;12.00;monofasico
7898623950870;12.00;monofasico
7898623950894;12.00;monofasico
7898623950924;12.00;monofasico
7898623951082;12.00;monofasico
7898623951099;12.00;monofasico
7898623951167;12.00;monofasico
7898623951174;12.00;monofasico
7898623951198;12.00;monofasico
7898623951266;12.00;monofasico
7898623951273;12.00;monofasico
7898623951525;12.00;monofasico
7898623951617;12.00;monofasico
7898623951662;12.00;monofasico
7898623951709;25.00;monofasico
7898623951723;12.00;monofasico
7898623951914;12.00;monofasico
7898623951921;12.00;monofasico
7898623951938;12.00;monofasico
7898623951952;12.00;monofasico
7898623951976;12.00;monofasico
7898623952119;0.00;presumido
7898623952324;12.00;monofasico
7898623952386;12.00;monofasico
7898623952393;12.00;monofasico
7898623952416;12.00;monofasico
7898623952430;12.00;monofasico
7898623952676;12.00;monofasico
7898623952690;12.00;monofasico
7898623952706;18.00;monofasico
7898623952713;0.00;monofasico
7898623952737;12.00;monofasico
7898623952751;12.00;monofasico
7898623952782;0.00;monofasico
7898623952942;12.00;monofasico
7898623953222;0.00;monofasico
7898623953260;12.00;monofasico
7898623953536;12.00;monofasico
7898623953550;12.00;monofasico
7898623954045;25.00;monofasico
7898623954076;12.00;monofasico
7898623954304;12.00;monofasico
7898623954915;12.00;monofasico
7898623955059;12.00;monofasico
7898623955431;12.00;monofasico
7898623955523;12.00;monofasico
7898623955561;12.00;monofasico
7898623955776;18.00;monofasico
7898623955790;18.00;monofasico
7898623956032;12.00;monofasico
7898623956049;0.00;real
7898623956162;0.00;monofasico
7898623956193;12.00;monofasico
7898623956209;12.00;monofasico
7898623956711;12.00;monofasico
7898623956759;0.00;monofasico
7898623956773;12.00;monofasico
7898623956780;12.00;monofasico
7898623956797;12.00;monofasico
7898623956872;12.00;monofasico
7898623956919;25.00;monofasico
7898623956926;25.00;monofasico
7898623957015;12.00;monofasico
7898623957053;25.00;monofasico
7898623957060;12.00;monofasico
7898623957343;12.00;monofasico
7898623957350;12.00;monofasico
7898624220019;0.00;real
7898624221092;0.00;real
7898625790153;0.00;monofasico
7898625790269;0.00;monofasico
7898625790733;0.00;monofasico
7898625790993;0.00;monofasico
7898625791051;0.00;monofasico
7898625791532;25.00;monofasico
7898625791556;0.00;monofasico
7898625791808;18.00;monofasico
7898625791839;25.00;monofasico
7898625791891;25.00;monofasico
7898625792355;0.00;monofasico
7898625793642;25.00;monofasico
7898625793666;25.00;monofasico
7898625793697;25.00;monofasico
7898625793703;25.00;monofasico
7898625793772;25.00;monofasico
7898625793789;25.00;monofasico
7898625793819;25.00;monofasico
7898625793833;25.00;monofasico
7898625793857;25.00;monofasico
7898625793888;25.00;monofasico
7898625793895;25.00;monofasico
7898625793925;25.00;monofasico
7898625793970;25.00;monofasico
7898625793987;25.00;monofasico
7898625794007;25.00;monofasico
7898625794014;25.00;monofasico
7898625794038;25.00;monofasico
7898625794052;25.00;monofasico
7898625794106;25.00;monofasico
7898625794557;25.00;monofasico
7898625794564;18.00;monofasico
7898625794571;25.00;monofasico
7898625794663;18.00;monofasico
7898625794670;25.00;monofasico
7898625794687;25.00;monofasico
7898625794724;25.00;monofasico
7898625794731;25.00;monofasico
7898625795400;0.00;monofasico
7898625795448;18.00;monofasico
7898625795455;25.00;monofasico
7898625795462;18.00;monofasico
7898625795479;25.00;monofasico
7898625795486;25.00;monofasico
7898625795493;25.00;monofasico
7898625795691;18.00;monofasico
7898625795721;25.00;monofasico
7898625795745;25.00;monofasico
7898625795868;18.00;monofasico
7898625795875;25.00;monofasico
7898625795929;25.00;monofasico
7898625795981;25.00;monofasico
7898625796001;25.00;monofasico
7898625797893;18.00;monofasico
7898625797909;25.00;monofasico
7898625797916;18.00;monofasico
7898625797923;25.00;monofasico
7898625798036;25.00;monofasico
7898625798104;25.00;monofasico
7898625798395;18.00;monofasico
7898625798906;18.00;monofasico
7898625798937;18.00;monofasico
7898625799583;18.00;monofasico
7898625799613;25.00;monofasico
7898625799767;25.00;monofasico
7898625799873;25.00;monofasico
7898625799958;25.00;monofasico
7898627528969;0.00;monofasico
7898628920991;0.00;monofasico
7898628921004;25.00;monofasico
7898628921011;25.00;monofasico
7898628921455;25.00;monofasico
7898629148073;18.00;presumido
7898629148677;18.00;presumido
7898630110106;0.00;monofasico
7898630110298;25.00;monofasico
7898630110311;0.00;monofasico
7898630110342;25.00;monofasico
7898630110380;0.00;monofasico
7898630111288;18.00;monofasico
7898630111295;25.00;monofasico
7898630111301;25.00;monofasico
7898630111318;25.00;monofasico
7898630111325;18.00;monofasico
7898630111332;25.00;monofasico
7898630111349;25.00;monofasico
7898630111356;25.00;monofasico
7898630111363;18.00;monofasico
7898630111370;25.00;monofasico
7898630111387;0.00;monofasico
7898630111394;25.00;monofasico
7898630111400;25.00;monofasico
7898630111417;25.00;monofasico
7898630111424;25.00;monofasico
7898630111431;25.00;monofasico
7898630111615;25.00;monofasico
7898630111622;25.00;monofasico
7898630111639;25.00;monofasico
7898630111646;25.00;monofasico
7898630111653;25.00;monofasico
7898630111813;25.00;monofasico
7898630111868;25.00;monofasico
7898630111899;25.00;monofasico
7898630111929;25.00;monofasico
7898630111936;25.00;monofasico
7898630111967;25.00;monofasico
7898630111974;18.00;monofasico
7898630111981;25.00;monofasico
7898630111998;25.00;monofasico
7898630112001;25.00;monofasico
7898630112018;25.00;monofasico
7898630112025;25.00;monofasico
7898630112032;25.00;monofasico
7898630112049;18.00;monofasico
7898630112056;25.00;monofasico
7898630112063;25.00;monofasico
7898630112070;25.00;monofasico
7898630112094;25.00;monofasico
7898630112155;18.00;monofasico
7898630112162;25.00;monofasico
7898630112179;18.00;monofasico
7898630112186;25.00;monofasico
7898630112193;25.00;monofasico
7898630112209;25.00;monofasico
7898630112322;18.00;monofasico
7898630112339;25.00;monofasico
7898630112353;25.00;monofasico
7898630112360;25.00;monofasico
7898630112384;18.00;monofasico
7898630112391;18.00;monofasico
7898630112414;18.00;monofasico
7898630112421;18.00;monofasico
7898630112438;18.00;monofasico
7898630112445;18.00;monofasico
7898630112452;25.00;monofasico
7898630112469;25.00;monofasico
7898630112476;25.00;monofasico
7898630112490;25.00;monofasico
7898630112506;25.00;monofasico
7898630112513;18.00;monofasico
7898630112520;25.00;monofasico
7898630112537;25.00;monofasico
7898630112636;25.00;monofasico
7898630112643;25.00;monofasico
7898630112650;25.00;monofasico
7898630112667;25.00;monofasico
7898630112711;18.00;monofasico
7898630112728;25.00;monofasico
7898630112735;25.00;monofasico
7898630112742;25.00;monofasico
7898630112759;25.00;monofasico
7898630112766;25.00;monofasico
7898630112773;25.00;monofasico
7898630112780;25.00;monofasico
7898630112797;25.00;monofasico
7898630112803;25.00;monofasico
7898630112810;25.00;monofasico
7898630112827;25.00;monofasico
7898630112834;25.00;monofasico
7898630112841;25.00;monofasico
7898630112858;25.00;monofasico
7898630112865;25.00;monofasico
7898630112872;25.00;monofasico
7898630112889;25.00;monofasico
7898630112896;25.00;monofasico
7898630112902;25.00;monofasico
7898630112919;18.00;monofasico
7898630112926;25.00;monofasico
7898630112933;25.00;monofasico
7898630112940;25.00;monofasico
7898630112957;25.00;monofasico
7898630112964;25.00;monofasico
7898630112971;25.00;monofasico
7898630112988;25.00;monofasico
7898630112995;25.00;monofasico
7898630113008;25.00;monofasico
7898630113015;25.00;monofasico
7898630113022;25.00;monofasico
7898630113039;25.00;monofasico
7898630113046;25.00;monofasico
7898630113053;25.00;monofasico
7898630113145;25.00;monofasico
7898630113152;25.00;monofasico
7898630113169;25.00;monofasico
7898630113176;0.00;monofasico
7898630113244;0.00;monofasico
7898630113251;0.00;monofasico
7898630113268;0.00;monofasico
7898630113275;0.00;monofasico
7898630113282;0.00;monofasico
7898630113312;25.00;monofasico
7898630113497;18.00;monofasico
7898630113510;25.00;monofasico
7898630113527;25.00;monofasico
7898630113541;25.00;monofasico
7898630113558;0.00;monofasico
7898630113978;18.00;monofasico
7898630113985;25.00;monofasico
7898630113992;25.00;monofasico
7898630114005;25.00;monofasico
7898632470024;18.00;monofasico
7898632470291;18.00;presumido
7898632470321;18.00;presumido
7898632470390;18.00;monofasico
7898632470529;12.00;real
7898632470628;0.00;monofasico
7898632470635;25.00;real
7898632470796;18.00;monofasico
7898632470857;0.00;presumido
7898632470864;18.00;monofasico
7898632470895;0.00;presumido
7898632470901;0.00;monofasico
7898632471083;18.00;monofasico
7898632471199;0.00;presumido
7898632471205;18.00;monofasico
7898632471458;25.00;monofasico
7898632471465;18.00;monofasico
7898632471632;25.00;monofasico
7898632471649;25.00;monofasico
7898632471656;25.00;monofasico
7898632471984;12.00;monofasico
7898632472028;0.00;monofasico
7898632472240;18.00;monofasico
7898632472288;0.00;monofasico
7898632472295;12.00;monofasico
7898632472318;18.00;monofasico
7898632472332;18.00;presumido
7898632472578;12.00;monofasico
7898632472592;12.00;monofasico
7898632472639;12.00;real
7898632472677;12.00;monofasico
7898632472721;12.00;real
7898632472745;0.00;monofasico
7898632472790;0.00;monofasico
7898632472813;18.00;monofasico
7898632472820;18.00;monofasico
7898632472837;18.00;monofasico
7898632472844;0.00;monofasico
7898632472875;18.00;presumido
7898632472974;18.00;presumido
7898632472981;12.00;monofasico
7898632472998;0.00;monofasico
7898632473025;12.00;monofasico
7898632473049;18.00;monofasico
7898632473056;18.00;monofasico
7898632473063;18.00;monofasico
7898632473070;25.00;monofasico
7898632473087;0.00;monofasico
7898632473124;0.00;monofasico
7898632473131;0.00;monofasico
7898632473162;0.00;monofasico
7898632473179;0.00;monofasico
7898632473193;12.00;monofasico
7898632473209;12.00;monofasico
7898632473216;18.00;monofasico
7898632473223;0.00;monofasico
7898632473230;0.00;monofasico
7898632473247;25.00;monofasico
7898632473261;18.00;monofasico
7898632473278;18.00;monofasico
7898632473285;18.00;monofasico
7898632473292;18.00;monofasico
7898632473315;0.00;presumido
7898632473322;0.00;presumido
7898632473339;0.00;presumido
7898632473391;12.00;monofasico
7898632473438;0.00;monofasico
7898632473445;25.00;monofasico
7898632473469;25.00;monofasico
7898632473483;0.00;monofasico
7898632473506;18.00;monofasico
7898632473742;25.00;monofasico
7898632473773;25.00;monofasico
7898632474190;12.00;monofasico
7898632474220;12.00;real
7898632474701;18.00;monofasico
7898632474718;18.00;presumido
7898632474725;18.00;presumido
7898632474732;18.00;presumido
7898632474879;12.00;monofasico
7898632474886;12.00;monofasico
7898632474893;12.00;real
7898632474923;12.00;monofasico
7898632474978;12.00;monofasico
7898632474985;12.00;monofasico
7898632475005;12.00;monofasico
7898632475043;0.00;monofasico
7898632475050;25.00;monofasico
7898632475081;25.00;monofasico
7898632475098;0.00;monofasico
7898632475104;18.00;monofasico
7898632475128;25.00;monofasico
7898632475135;0.00;monofasico
7898632475142;18.00;monofasico
7898632475166;25.00;monofasico
7898632475173;0.00;monofasico
7898632475203;18.00;monofasico
7898632475227;18.00;monofasico
7898632475234;18.00;monofasico
7898632475241;18.00;monofasico
7898632475258;18.00;monofasico
7898632475265;18.00;monofasico
7898632475326;18.00;monofasico
7898632475333;18.00;monofasico
7898632475340;18.00;monofasico
7898632475357;25.00;monofasico
7898632475395;12.00;monofasico
7898632475401;12.00;monofasico
7898632475418;12.00;monofasico
7898632475470;12.00;real
7898632475494;12.00;real
7898632475739;18.00;monofasico
7898632475852;12.00;monofasico
7898632475876;12.00;monofasico
7898632475913;12.00;monofasico
7898632475920;12.00;monofasico
7898632475937;12.00;monofasico
7898632475944;18.00;monofasico
7898632475951;18.00;monofasico
7898632475968;18.00;monofasico
7898632475975;18.00;monofasico
7898632475982;18.00;monofasico
7898632476040;25.00;monofasico
7898632476057;0.00;monofasico
7898632476064;12.00;monofasico
7898632476095;12.00;monofasico
7898632476101;12.00;monofasico
7898632476149;18.00;monofasico
7898632476224;12.00;monofasico
7898632476231;12.00;monofasico
7898632476279;12.00;monofasico
7898632476309;0.00;monofasico
7898632476316;0.00;monofasico
7898632476385;12.00;monofasico
7898632476415;12.00;monofasico
7898632476422;12.00;monofasico
7898632476446;12.00;monofasico
7898632476545;18.00;monofasico
7898632476552;18.00;monofasico
7898632476606;12.00;monofasico
7898632476613;12.00;monofasico
7898632476620;12.00;monofasico
7898632476637;12.00;monofasico
7898632476644;12.00;monofasico
7898632476651;12.00;monofasico
7898632476668;18.00;monofasico
7898632476675;18.00;monofasico
7898632476682;18.00;monofasico
7898632476699;18.00;monofasico
7898632476705;18.00;monofasico
7898632476712;18.00;monofasico
7898632476729;18.00;monofasico
7898632476736;18.00;monofasico
7898632476743;12.00;monofasico
7898632476750;12.00;monofasico
7898632476767;12.00;monofasico
7898632476774;12.00;monofasico
7898632476781;12.00;monofasico
7898632476798;12.00;monofasico
7898634214749;25.00;monofasico
7898634214756;25.00;monofasico
7898634214763;25.00;monofasico
7898634214770;25.00;monofasico
7898634214787;25.00;monofasico
7898634214794;25.00;monofasico
7898634214916;25.00;monofasico
7898634214978;25.00;monofasico
7898634214985;25.00;monofasico
7898634214992;25.00;monofasico
7898634215005;25.00;monofasico
7898634215012;25.00;monofasico
7898634215340;25.00;monofasico
7898634215531;25.00;monofasico
7898634215548;25.00;monofasico
7898634218914;0.00;monofasico
7898634218921;0.00;monofasico
7898634218938;0.00;monofasico
7898634218945;0.00;monofasico
7898634218969;0.00;monofasico
7898634218976;0.00;monofasico
7898634581759;0.00;monofasico
7898636190027;18.00;real
7898636190324;25.00;monofasico
7898636190515;25.00;monofasico
7898636190522;25.00;monofasico
7898636190577;25.00;monofasico
7898636190584;25.00;monofasico
7898636190706;25.00;monofasico
7898636190836;25.00;monofasico
7898636190874;18.00;monofasico
7898636190928;25.00;monofasico
7898636190973;25.00;monofasico
7898636191048;25.00;monofasico
7898636191055;0.00;monofasico
7898636191345;25.00;monofasico
7898636191369;25.00;monofasico
7898636191376;25.00;monofasico
7898636191383;18.00;monofasico
7898636191406;0.00;monofasico
7898636191581;25.00;monofasico
7898636191802;25.00;monofasico
7898636191833;25.00;monofasico
7898636191994;25.00;monofasico
7898636192007;25.00;monofasico
7898636192144;18.00;monofasico
7898636192151;25.00;monofasico
7898636192342;25.00;monofasico
7898636192441;18.00;real
7898636192458;18.00;real
7898636192465;25.00;monofasico
7898636192489;18.00;monofasico
7898636192595;0.00;monofasico
7898636192854;25.00;monofasico
7898636193103;0.00;presumido
7898636193110;18.00;monofasico
7898636193127;18.00;monofasico
7898636193578;25.00;monofasico
7898636193899;25.00;monofasico
7898636193905;18.00;monofasico
7898636193912;18.00;monofasico
7898636193929;18.00;monofasico
7898636193936;18.00;monofasico
7898636193950;18.00;monofasico
7898636193967;25.00;monofasico
7898636194049;0.00;real
7898636194056;0.00;monofasico
7898636194063;25.00;monofasico
7898636194230;18.00;monofasico
7898636194254;18.00;monofasico
7898636194261;18.00;monofasico
7898636194346;25.00;monofasico
7898636194353;25.00;monofasico
7898636194407;25.00;monofasico
7898636194490;18.00;monofasico
7898636194506;18.00;monofasico
7898636194513;18.00;monofasico
7898636194551;25.00;monofasico
7898636194568;25.00;monofasico
7898636194575;25.00;monofasico
7898636194582;25.00;real
7898636194629;25.00;monofasico
7898637622411;25.00;monofasico
7898637622879;25.00;monofasico
7898637622893;25.00;monofasico
7898637622916;12.00;monofasico
7898637622930;25.00;monofasico
7898637622954;25.00;monofasico
7898637623241;25.00;monofasico
7898637623258;25.00;monofasico
7898637623289;25.00;monofasico
7898637623296;25.00;monofasico
7898637623302;25.00;monofasico
7898637623326;18.00;monofasico
7898637623401;25.00;monofasico
7898637623418;25.00;monofasico
7898637623432;25.00;monofasico
7898637623487;25.00;monofasico
7898637623494;25.00;monofasico
7898637623500;25.00;monofasico
7898637623524;25.00;monofasico
7898637623531;12.00;monofasico
7898637623555;25.00;monofasico
7898637623807;25.00;monofasico
7898637623814;25.00;monofasico
7898637623869;12.00;monofasico
7898637623890;25.00;monofasico
7898637623906;0.00;monofasico
7898637623975;25.00;monofasico
7898637623982;25.00;monofasico
7898637624088;12.00;monofasico
7898637624095;12.00;monofasico
7898637624101;0.00;monofasico
7898637624118;0.00;monofasico
7898638300837;18.00;monofasico
7898638302480;18.00;monofasico
7898639659330;0.00;monofasico
7898639790057;25.00;monofasico
7898639790170;25.00;monofasico
7898639790231;18.00;real
7898639790262;18.00;monofasico
7898639790279;25.00;monofasico
7898639790620;25.00;monofasico
7898639790668;18.00;monofasico
7898639790675;25.00;monofasico
7898639790859;25.00;monofasico
7898639791023;18.00;monofasico
7898639791047;25.00;monofasico
7898639791054;18.00;real
7898639791214;25.00;monofasico
7898639791412;25.00;monofasico
7898639791702;18.00;monofasico
7898639791719;25.00;monofasico
7898639791740;25.00;monofasico
7898639791757;18.00;monofasico
7898639791948;18.00;monofasico
7898639792006;18.00;monofasico
7898639792013;25.00;monofasico
7898639792020;25.00;monofasico
7898639792037;25.00;monofasico
7898639792051;25.00;monofasico
7898639792426;25.00;monofasico
7898639792457;25.00;monofasico
7898639792648;18.00;monofasico
7898639792655;25.00;monofasico
7898639792860;0.00;monofasico
7898639793577;0.00;monofasico
7898639793874;25.00;monofasico
7898639793881;25.00;monofasico
7898639793980;25.00;monofasico
7898639794352;18.00;monofasico
7898639794369;25.00;monofasico
7898639794376;25.00;monofasico
7898639794383;25.00;monofasico
7898639794611;18.00;monofasico
7898639794628;25.00;monofasico
7898639794635;25.00;monofasico
7898639794826;25.00;monofasico
7898639795113;25.00;monofasico
7898639795120;25.00;monofasico
7898639795731;18.00;monofasico
7898639795748;18.00;real
7898639795960;0.00;monofasico
7898639796127;18.00;monofasico
7898639796134;25.00;monofasico
7898639796172;25.00;monofasico
7898639796189;25.00;monofasico
7898640654959;25.00;monofasico
7898640654966;25.00;monofasico
7898640654980;25.00;monofasico
7898640654997;25.00;monofasico
7898640655000;25.00;monofasico
7898640655017;25.00;monofasico
7898640655024;25.00;monofasico
7898640655031;25.00;monofasico
7898640655048;25.00;monofasico
7898640655116;0.00;monofasico
7898640655130;0.00;monofasico
7898640655239;0.00;monofasico
7898640655246;0.00;monofasico
7898640655253;0.00;monofasico
7898640655260;0.00;monofasico
7898640655307;25.00;monofasico
7898640655314;25.00;monofasico
7898640655321;25.00;monofasico
7898640655338;25.00;monofasico
7898640655345;25.00;monofasico
7898640655369;25.00;monofasico
7898640655376;25.00;monofasico
7898640655383;25.00;monofasico
7898640655420;0.00;monofasico
7898640655437;0.00;monofasico
7898640655499;25.00;monofasico
7898640655512;25.00;monofasico
7898640655536;25.00;monofasico
7898640656090;0.00;monofasico
7898640656168;25.00;monofasico
7898640656380;25.00;monofasico
7898640656953;25.00;monofasico
7898640656977;25.00;monofasico
7898640656991;25.00;monofasico
7898640657004;25.00;monofasico
7898640657042;25.00;monofasico
7898640657073;18.00;real
7898640657684;25.00;monofasico
7898640657691;25.00;monofasico
7898640658421;25.00;monofasico
7898640658438;0.00;monofasico
7898640658445;25.00;monofasico
7898640658452;0.00;monofasico
7898640658520;0.00;monofasico
7898640659282;25.00;monofasico
7898640659305;25.00;monofasico
7898640659367;25.00;monofasico
7898644830335;0.00;monofasico
7898644830342;0.00;monofasico
7898647680784;0.00;real
7898647680791;0.00;real
7898649050349;0.00;monofasico
7898649050592;0.00;monofasico
7898649051407;25.00;monofasico
7898649051568;0.00;monofasico
7898649051575;0.00;monofasico
7898652874352;25.00;monofasico
7898652874369;0.00;monofasico
7898652874376;25.00;monofasico
7898652874468;25.00;monofasico
7898652874482;0.00;monofasico
7898652874550;0.00;monofasico
7898652874567;25.00;monofasico
7898652874642;0.00;monofasico
7898652874666;25.00;monofasico
7898652874673;25.00;monofasico
7898652874741;25.00;monofasico
7898652874758;25.00;monofasico
7898652874765;25.00;monofasico
7898652874789;25.00;monofasico
7898652874796;0.00;monofasico
7898652874819;0.00;monofasico
7898652874826;0.00;monofasico
7898652874840;25.00;monofasico
7898652874857;25.00;monofasico
7898652874864;25.00;monofasico
7898652874888;25.00;monofasico
7898652874895;25.00;monofasico
7898652874901;25.00;monofasico
7898652874918;0.00;monofasico
7898652875007;0.00;monofasico
7898652875052;0.00;monofasico
7898652875069;18.00;monofasico
7898652875106;0.00;monofasico
7898652875113;0.00;monofasico
7898652875144;18.00;monofasico
7898652876899;18.00;monofasico
7898652876912;25.00;monofasico
7898652876936;25.00;monofasico
7898652876943;25.00;monofasico
7898652876950;25.00;monofasico
7898652876967;25.00;monofasico
7898652876974;25.00;monofasico
7898652876998;25.00;monofasico
7898652877209;25.00;monofasico
7898652877445;25.00;monofasico
7898652877469;25.00;monofasico
7898652877698;25.00;monofasico
7898652877704;25.00;monofasico
7898652877865;18.00;monofasico
7898652877919;18.00;monofasico
7898652877926;18.00;monofasico
7898652877933;25.00;monofasico
7898652877940;25.00;monofasico
7898652877957;25.00;monofasico
7898652877964;25.00;monofasico
7898652877971;25.00;monofasico
7898652877988;25.00;monofasico
7898652877995;25.00;monofasico
7898652878060;18.00;monofasico
7898652878077;18.00;monofasico
7898652878084;25.00;monofasico
7898652878091;25.00;monofasico
7898652878107;25.00;monofasico
7898652878176;25.00;monofasico
7898652878183;25.00;monofasico
7898652878527;25.00;monofasico
7898652878541;25.00;monofasico
7898652878589;0.00;monofasico
7898652878596;18.00;monofasico
7898652878602;25.00;monofasico
7898652878619;25.00;monofasico
7898652879005;25.00;monofasico
7898652879036;25.00;monofasico
7898652879623;25.00;monofasico
7898652879630;25.00;monofasico
7898652879647;25.00;monofasico
7898652879784;25.00;monofasico
7898652879791;25.00;monofasico
7898652879807;25.00;monofasico
7898652879814;25.00;monofasico
7898652879821;25.00;monofasico
7898652879838;18.00;monofasico
7898652879890;25.00;monofasico
7898652879906;25.00;monofasico
7898652879913;25.00;monofasico
7898656411225;0.00;monofasico
7898657691367;0.00;presumido
7898657692838;0.00;presumido
7898657692845;0.00;presumido
7898657692852;0.00;presumido
7898658620083;0.00;monofasico
7898658620144;0.00;monofasico
7898658620281;0.00;monofasico
7898658620380;0.00;monofasico
7898658620564;0.00;monofasico
7898658620878;0.00;monofasico
7898658621035;0.00;monofasico
7898658621042;25.00;monofasico
7898658621059;0.00;monofasico
7898658621110;0.00;monofasico
7898658621127;0.00;monofasico
7898658621134;0.00;monofasico
7898658621158;0.00;monofasico
7898658621202;0.00;monofasico
7898658621240;0.00;monofasico
7898658621295;0.00;monofasico
7898658622421;0.00;monofasico
7898658622469;0.00;monofasico
7898658624050;0.00;monofasico
7898658624241;0.00;monofasico
7898658624951;0.00;monofasico
7898658624968;0.00;monofasico
7898658625507;0.00;monofasico
7898658625514;0.00;monofasico
7898658625811;0.00;monofasico
7898658626948;0.00;monofasico
7898658627761;0.00;monofasico
7898658627778;0.00;monofasico
7898658627839;0.00;monofasico
7898658980057;0.00;monofasico
7898658980118;25.00;monofasico
7898658980460;25.00;monofasico
7898658980767;18.00;monofasico
7898658980774;25.00;monofasico
7898658980965;25.00;monofasico
7898658981535;25.00;monofasico
7898658981542;0.00;monofasico
7898658981566;25.00;monofasico
7898658982792;18.00;monofasico
7898658982839;18.00;monofasico
7898658982853;18.00;monofasico
7898658982860;25.00;monofasico
7898658983010;0.00;monofasico
7898659705642;0.00;monofasico
7898659705680;0.00;monofasico
7898662061520;18.00;monofasico
7898663110012;18.00;monofasico
7898663110029;18.00;monofasico
7898663110036;0.00;monofasico
7898663110241;18.00;monofasico
7898663110265;18.00;monofasico
7898663110777;18.00;monofasico
7898663110784;18.00;monofasico
7898663110791;18.00;monofasico
7898663110807;18.00;monofasico
7898663110814;18.00;monofasico
7898663110821;18.00;monofasico
7898663110838;18.00;monofasico
7898663110845;18.00;monofasico
7898663110852;0.00;monofasico
7898663110869;25.00;monofasico
7898663110876;0.00;monofasico
7898663110883;25.00;monofasico
7898663110951;18.00;monofasico
7898663110968;18.00;monofasico
7898663110982;25.00;monofasico
7898663111002;18.00;real
7898663111019;18.00;monofasico
7898663111026;18.00;monofasico
7898663111033;18.00;monofasico
7898663111040;18.00;monofasico
7898663111057;18.00;monofasico
7898663111064;18.00;monofasico
7898663111071;18.00;monofasico
7898663111088;18.00;monofasico
7898663111101;25.00;monofasico
7898663111132;0.00;monofasico
7898663111149;25.00;monofasico
7898663111156;25.00;monofasico
7898663111163;18.00;monofasico
7898663111170;18.00;monofasico
7898663111187;18.00;monofasico
7898663111194;18.00;monofasico
7898663111200;18.00;monofasico
7898663111217;25.00;monofasico
7898663111224;25.00;monofasico
7898663111231;18.00;monofasico
7898663111248;18.00;monofasico
7898663111309;25.00;monofasico
7898663111316;18.00;presumido
7898663111323;18.00;presumido
7898663111330;18.00;presumido
7898663111347;18.00;presumido
7898663111354;18.00;presumido
7898663111361;18.00;presumido
7898663111439;18.00;monofasico
7898663111446;18.00;monofasico
7898663111453;18.00;monofasico
7898663111460;18.00;monofasico
7898663111477;18.00;monofasico
7898663111507;25.00;real
7898663111514;18.00;presumido
7898663111521;18.00;presumido
7898663111538;18.00;monofasico
7898663111545;18.00;monofasico
7898663111552;18.00;presumido
7898663111569;18.00;real
7898663111576;18.00;real
7898663111606;18.00;monofasico
7898663111620;18.00;monofasico
7898663111637;18.00;monofasico
7898663111644;18.00;monofasico
7898663111675;18.00;monofasico
7898663111682;18.00;monofasico
7898663111699;18.00;monofasico
7898663111705;18.00;monofasico
7898663111712;18.00;monofasico
7898663111729;18.00;monofasico
7898663111736;18.00;monofasico
7898663111743;18.00;monofasico
7898663111750;18.00;monofasico
7898663111767;18.00;monofasico
7898663111774;18.00;monofasico
7898663111781;18.00;monofasico
7898663111842;18.00;monofasico
7898663111859;18.00;monofasico
7898663112092;18.00;monofasico
7898663112108;18.00;monofasico
7898663112115;18.00;monofasico
7898663112313;18.00;monofasico
7898663112320;18.00;monofasico
7898663112436;18.00;monofasico
7898663112443;18.00;monofasico
7898663112450;18.00;monofasico
7898663112467;18.00;monofasico
7898663112474;18.00;monofasico
7898663112481;18.00;monofasico
7898664976242;0.00;monofasico
7898667820023;0.00;real
7898667820061;0.00;monofasico
7898667820245;0.00;real
7898667820528;0.00;real
7898667820702;0.00;monofasico
7898667820719;0.00;real
7898667820726;25.00;monofasico
7898667820771;18.00;monofasico
7898667820986;0.00;monofasico
7898667821006;18.00;monofasico
7898667821020;0.00;real
7898667821051;0.00;monofasico
7898667821099;0.00;real
7898667821105;0.00;monofasico
7898667821112;25.00;monofasico
7898667821136;25.00;monofasico
7898667821167;0.00;monofasico
7898667821174;25.00;monofasico
7898667821211;18.00;monofasico
7898667821297;0.00;monofasico
7898667821327;25.00;monofasico
7898667821365;0.00;monofasico
7898667821389;0.00;monofasico
7898667821396;18.00;monofasico
7898667821433;25.00;monofasico
7898667821440;25.00;monofasico
7898667821457;25.00;monofasico
7898667821464;0.00;real
7898667821471;18.00;monofasico
7898667821532;0.00;monofasico
7898667821549;0.00;monofasico
7898667821563;0.00;real
7898667821600;18.00;monofasico
7898667821624;25.00;monofasico
7898667821648;25.00;monofasico
7898667821662;25.00;monofasico
7898667821679;25.00;monofasico
7898667821693;25.00;monofasico
7898667821709;0.00;monofasico
7898667821808;0.00;monofasico
7898667821815;25.00;monofasico
7898667821846;0.00;monofasico
7898667821853;18.00;monofasico
7898667821877;25.00;monofasico
7898667821891;25.00;monofasico
7898667821914;25.00;monofasico
7898667821921;25.00;monofasico
7898667821938;0.00;monofasico
7898667821945;25.00;monofasico
7898667821952;25.00;monofasico
7898667821969;0.00;monofasico
7898667822027;0.00;real
7898667822034;0.00;real
7898667822089;0.00;real
7898667822263;18.00;monofasico
7898667822270;25.00;monofasico
7898667822300;25.00;monofasico
7898667822324;18.00;monofasico
7898667822331;25.00;monofasico
7898667822362;0.00;monofasico
7898667822386;18.00;monofasico
7898667822393;25.00;monofasico
7898667822423;25.00;monofasico
7898667822447;18.00;monofasico
7898667822454;25.00;monofasico
7898667822485;0.00;monofasico
7898667822492;0.00;monofasico
7898667822522;25.00;monofasico
7898667822546;0.00;monofasico
7898667822553;0.00;monofasico
7898667822560;25.00;monofasico
7898667822744;25.00;monofasico
7898667822898;0.00;real
7898667822911;0.00;real
7898667822928;25.00;monofasico
7898667822935;0.00;real
7898667822942;0.00;real
7898667822959;0.00;real
7898667823017;0.00;monofasico
7898667823024;25.00;monofasico
7898667823062;25.00;monofasico
7898667823093;25.00;monofasico
7898667823260;18.00;monofasico
7898667823277;25.00;monofasico
7898667823284;25.00;monofasico
7898669950100;25.00;real
7898669950117;25.00;monofasico
7898669950186;0.00;presumido
7898669950223;0.00;presumido
7898669950261;0.00;presumido
7898669951299;18.00;presumido
7898669951305;18.00;presumido
7898669952036;25.00;monofasico
7898669952050;25.00;monofasico
7898669952357;25.00;monofasico
7898669952364;25.00;monofasico
7898669952371;25.00;monofasico
7898670904512;0.00;monofasico
7898670906790;0.00;monofasico
7898671421711;0.00;monofasico
7898671421728;25.00;monofasico
7898671421735;25.00;monofasico
7898671421759;0.00;monofasico
7898671422220;25.00;monofasico
7898671422244;0.00;monofasico
7898671422275;25.00;monofasico
7898671422480;0.00;monofasico
7898671422824;0.00;monofasico
7898671423999;0.00;monofasico
7898671424002;0.00;monofasico
7898671424019;25.00;monofasico
7898671424248;0.00;monofasico
7898671424293;0.00;monofasico
7898671424361;25.00;monofasico
7898671424422;25.00;monofasico
7898671424439;0.00;monofasico
7898671424750;0.00;monofasico
7898671424798;0.00;monofasico
7898671424866;0.00;monofasico
7898671424910;0.00;monofasico
7898671425115;0.00;monofasico
7898671425122;0.00;monofasico
7898671425535;0.00;monofasico
7898671425542;0.00;monofasico
7898671425825;0.00;monofasico
7898671425870;0.00;monofasico
7898671427560;0.00;monofasico
7898671427577;0.00;monofasico
7898671427584;0.00;monofasico
7898671427713;0.00;monofasico
7898671427720;0.00;monofasico
7898671427829;0.00;monofasico
7898671427959;0.00;monofasico
7898671427997;0.00;monofasico
7898671428185;0.00;monofasico
7898671428932;25.00;monofasico
7898671428949;0.00;monofasico
7898671428956;0.00;monofasico
7898671429205;0.00;monofasico
7898671429748;25.00;monofasico
7898671600642;25.00;monofasico
7898671600789;18.00;real
7898671600796;25.00;presumido
7898671600802;25.00;presumido
7898671600871;25.00;presumido
7898671600963;25.00;presumido
7898671600970;25.00;presumido
7898671600987;25.00;presumido
7898671600994;25.00;presumido
7898671601007;0.00;monofasico
7898671601069;25.00;presumido
7898671601267;25.00;monofasico
7898671601274;25.00;presumido
7898671601281;25.00;presumido
7898671601366;25.00;presumido
7898671601519;0.00;monofasico
7898671601540;18.00;presumido
7898671601564;0.00;presumido
7898671601601;18.00;real
7898671601748;0.00;monofasico
7898671602448;25.00;presumido
7898671603032;25.00;presumido
7898671603049;25.00;presumido
7898671603438;25.00;presumido
7898671603445;0.00;monofasico
7898671603490;25.00;presumido
7898671603506;25.00;presumido
7898671603513;25.00;presumido
7898671603964;25.00;presumido
7898671604107;25.00;presumido
7898671604589;0.00;monofasico
7898671604596;0.00;monofasico
7898671604732;25.00;presumido
7898671604749;25.00;presumido
7898671604756;25.00;presumido
7898671604763;18.00;real
7898671604770;18.00;real
7898671604787;18.00;real
7898671605470;18.00;real
7898671605487;25.00;presumido
7898671605494;25.00;monofasico
7898671605517;25.00;presumido
7898671605876;18.00;presumido
7898671605883;25.00;presumido
7898671605890;18.00;monofasico
7898671605906;0.00;presumido
7898671605913;18.00;real
7898671605920;25.00;presumido
7898671605937;18.00;real
7898671605944;25.00;presumido
7898671605951;0.00;presumido
7898671606019;25.00;presumido
7898671606026;18.00;real
7898671606330;0.00;monofasico
7898671606347;0.00;monofasico
7898671606392;25.00;presumido
7898671606798;25.00;presumido
7898671606804;0.00;presumido
7898671606811;25.00;presumido
7898671606835;25.00;presumido
7898671606842;0.00;monofasico
7898671606859;25.00;presumido
7898671607078;25.00;presumido
7898671607085;25.00;presumido
7898671607191;25.00;presumido
7898671607207;25.00;presumido
7898671607214;25.00;presumido
7898671607221;18.00;real
7898671607238;18.00;real
7898671607337;25.00;monofasico
7898671607375;25.00;presumido
7898671607382;25.00;presumido
7898671607399;25.00;presumido
7898671607412;25.00;presumido
7898671607429;0.00;presumido
7898671607436;25.00;monofasico
7898671607450;25.00;presumido
7898671607467;25.00;presumido
7898671607474;25.00;presumido
7898671607481;25.00;presumido
7898671607597;0.00;monofasico
7898671607610;0.00;monofasico
7898671607627;0.00;monofasico
7898671607634;25.00;monofasico
7898671607641;25.00;presumido
7898671607696;25.00;presumido
7898671607702;25.00;presumido
7898671607719;25.00;presumido
7898671607887;25.00;presumido
7898671607894;25.00;presumido
7898671607900;25.00;presumido
7898671607917;0.00;monofasico
7898671607931;0.00;monofasico
7898671608013;25.00;presumido
7898671608020;25.00;monofasico
7898671608037;0.00;monofasico
7898671608044;25.00;presumido
7898671608129;25.00;presumido
7898671608433;0.00;monofasico
7898671608440;0.00;monofasico
7898671608457;0.00;monofasico
7898671608464;25.00;presumido
7898671608501;25.00;presumido
7898671608648;0.00;monofasico
7898671608655;0.00;monofasico
7898671608761;25.00;presumido
7898671608778;0.00;monofasico
7898671608785;25.00;presumido
7898671608815;25.00;presumido
7898671608822;25.00;presumido
7898671608839;25.00;presumido
7898671608853;18.00;real
7898671608860;25.00;presumido
7898671608877;25.00;presumido
7898671608891;25.00;presumido
7898671608907;25.00;presumido
7898671608914;25.00;presumido
7898671608921;18.00;real
7898671609225;25.00;monofasico
7898671609270;0.00;monofasico
7898671609430;0.00;monofasico
7898671609454;25.00;presumido
7898671609478;25.00;presumido
7898671609485;18.00;real
7898671609492;25.00;presumido
7898671609515;25.00;presumido
7898671609522;25.00;presumido
7898673550082;0.00;monofasico
7898673550266;0.00;monofasico
7898673550495;0.00;monofasico
7898673550563;0.00;monofasico
7898673550938;0.00;monofasico
7898674401246;0.00;monofasico
7898683860225;18.00;monofasico
7898683860232;25.00;monofasico
7898683860454;25.00;monofasico
7898683860461;0.00;monofasico
7898683860478;25.00;monofasico
7898683860522;25.00;monofasico
7898683860638;25.00;monofasico
7898683860874;25.00;monofasico
7898683860904;25.00;monofasico
7898683860911;25.00;monofasico
7898683861352;25.00;monofasico
7898683970313;25.00;monofasico
7898683970337;25.00;monofasico
7898683970443;25.00;monofasico
7898683970481;25.00;monofasico
7898683970498;0.00;monofasico
7898683970504;25.00;monofasico
7898683970511;25.00;monofasico
7898683970566;0.00;monofasico
7898688011172;0.00;monofasico
7898688011189;0.00;monofasico
7898688011196;0.00;monofasico
7898688011202;0.00;monofasico
7898688011370;0.00;monofasico
7898688011738;0.00;monofasico
7898688011745;0.00;monofasico
7898688012018;0.00;monofasico
7898697024972;25.00;monofasico
7898697024989;25.00;monofasico
7898697025573;25.00;monofasico
7898697025580;25.00;monofasico
7898697025597;25.00;monofasico
7898697025610;25.00;monofasico
7898697025870;25.00;monofasico
7898697026563;25.00;monofasico
7898697027737;25.00;monofasico
7898697027744;25.00;monofasico
7898697027751;25.00;monofasico
7898697027768;25.00;monofasico
7898697028307;0.00;monofasico
7898697102441;18.00;presumido
7898697105848;18.00;real
7898698882052;0.00;real
7898699380793;25.00;monofasico
7898699841041;0.00;monofasico
7898699845193;25.00;monofasico
7898699845209;25.00;monofasico
7898699845223;25.00;monofasico
7898699845247;25.00;monofasico
7898699845261;25.00;monofasico
7898699845278;25.00;monofasico
7898699845285;25.00;monofasico
7898699845292;25.00;monofasico
7898699845308;25.00;monofasico
7898699845315;25.00;monofasico
7898699845322;25.00;monofasico
7898699845339;25.00;monofasico
7898699845353;0.00;monofasico
7898699845926;25.00;monofasico
7898699846602;25.00;monofasico
7898699846664;25.00;monofasico
7898699846763;0.00;monofasico
7898699846787;0.00;monofasico
7898699846848;0.00;monofasico
7898699846855;25.00;monofasico
7898702147313;0.00;monofasico
7898702160008;0.00;monofasico
7898702160350;0.00;monofasico
7898702161067;0.00;monofasico
7898702161074;0.00;monofasico
7898702161081;0.00;monofasico
7898702161098;0.00;monofasico
7898702161104;0.00;monofasico
7898702161111;0.00;monofasico
7898702161166;0.00;monofasico
7898706690167;0.00;monofasico
7898707452023;18.00;real
7898708470347;12.00;real
7898711711512;0.00;monofasico
7898711711529;0.00;monofasico
7898711711604;12.00;monofasico
7898711711642;0.00;monofasico
7898713920165;25.00;monofasico
7898713920172;25.00;monofasico
7898713920189;25.00;monofasico
7898713920196;25.00;monofasico
7898713920202;25.00;monofasico
7898713920219;25.00;monofasico
7898713920226;25.00;monofasico
7898713920233;25.00;monofasico
7898713920295;25.00;monofasico
7898713920301;25.00;monofasico
7898713920318;25.00;monofasico
7898713920325;25.00;monofasico
7898713920332;25.00;monofasico
7898713920349;25.00;monofasico
7898713920356;25.00;monofasico
7898713920448;25.00;monofasico
7898713920455;25.00;monofasico
7898713920462;25.00;monofasico
7898713920479;25.00;monofasico
7898713920486;25.00;monofasico
7898713920493;25.00;monofasico
7898713920509;25.00;monofasico
7898713920516;25.00;monofasico
7898713920530;25.00;monofasico
7898713920547;25.00;monofasico
7898713920554;25.00;monofasico
7898713920578;25.00;monofasico
7898713920608;25.00;monofasico
7898713920622;25.00;monofasico
7898713920639;25.00;monofasico
7898713920646;25.00;monofasico
7898713920653;25.00;monofasico
7898713920707;25.00;monofasico
7898713920714;25.00;monofasico
7898713920721;25.00;monofasico
7898713920738;25.00;monofasico
7898713920745;25.00;monofasico
7898713921155;25.00;monofasico
7898713921162;25.00;monofasico
7898713921179;25.00;monofasico
7898713921186;25.00;monofasico
7898713921230;25.00;monofasico
7898713921247;25.00;monofasico
7898713921254;25.00;monofasico
7898713921339;25.00;monofasico
7898713921346;25.00;monofasico
7898713921360;25.00;monofasico
7898713921377;25.00;monofasico
7898713921391;25.00;monofasico
7898713921407;25.00;monofasico
7898713921520;25.00;monofasico
7898713921537;25.00;monofasico
7898713921575;25.00;monofasico
7898713921582;25.00;monofasico
7898713921629;25.00;monofasico
7898713921995;25.00;monofasico
7898713922008;25.00;monofasico
7898713922015;25.00;monofasico
7898713922121;25.00;monofasico
7898713922138;25.00;monofasico
7898713922145;25.00;monofasico
7898713922152;25.00;monofasico
7898713922169;25.00;monofasico
7898713922176;25.00;monofasico
7898713922183;0.00;monofasico
7898713922190;25.00;monofasico
7898713922206;25.00;monofasico
7898713922213;25.00;monofasico
7898713922220;25.00;monofasico
7898713922480;0.00;monofasico
7898713922497;25.00;monofasico
7898713922503;25.00;monofasico
7898713922510;25.00;monofasico
7898713922527;25.00;monofasico
7898713922541;25.00;monofasico
7898713922558;25.00;monofasico
7898713922572;25.00;monofasico
7898713922589;25.00;monofasico
7898713922596;25.00;monofasico
7898713922619;25.00;monofasico
7898713922626;0.00;monofasico
7898713922633;25.00;monofasico
7898713922640;25.00;monofasico
7898713922657;25.00;monofasico
7898713922701;0.00;monofasico
7898713922718;25.00;monofasico
7898713922725;25.00;monofasico
7898713922732;25.00;monofasico
7898713922756;25.00;monofasico
7898713922763;25.00;monofasico
7898713922770;25.00;monofasico
7898713922800;25.00;monofasico
7898713922817;25.00;monofasico
7898713922824;25.00;monofasico
7898713922831;25.00;monofasico
7898713922848;25.00;monofasico
7898713922855;25.00;monofasico
7898713922862;25.00;monofasico
7898713923500;25.00;monofasico
7898713923678;25.00;monofasico
7898713923685;0.00;monofasico
7898713923692;0.00;monofasico
7898713923708;25.00;monofasico
7898713923739;25.00;monofasico
7898713923746;25.00;monofasico
7898713923753;25.00;monofasico
7898713923760;25.00;monofasico
7898713923777;25.00;monofasico
7898713923784;25.00;monofasico
7898713923791;25.00;monofasico
7898713923814;25.00;monofasico
7898713923821;25.00;monofasico
7898713923890;25.00;monofasico
7898713923906;25.00;monofasico
7898713923920;25.00;monofasico
7898713924873;18.00;monofasico
7898713924880;18.00;monofasico
7898713924897;18.00;monofasico
7898713924903;18.00;monofasico
7898713924910;18.00;monofasico
7898713924927;18.00;monofasico
7898713924941;18.00;monofasico
7898713924958;18.00;monofasico
7898713924965;18.00;monofasico
7898713924972;18.00;monofasico
7898713924989;18.00;monofasico
7898713925023;18.00;monofasico
7898713925030;18.00;monofasico
7898713925047;18.00;monofasico
7898713925061;18.00;monofasico
7898713925085;18.00;monofasico
7898713925429;25.00;monofasico
7898713925436;0.00;monofasico
7898713925450;25.00;monofasico
7898713925498;25.00;monofasico
7898713925542;25.00;monofasico
7898713925559;25.00;monofasico
7898713925566;25.00;monofasico
7898713925573;25.00;monofasico
7898713925580;25.00;monofasico
7898713925597;25.00;monofasico
7898713925603;25.00;monofasico
7898713925627;25.00;monofasico
7898713925726;18.00;monofasico
7898713925733;18.00;monofasico
7898713925757;25.00;monofasico
7898713925764;25.00;monofasico
7898713925771;25.00;monofasico
7898713925788;25.00;monofasico
7898713925795;25.00;monofasico
7898713925801;25.00;monofasico
7898713925818;25.00;monofasico
7898713925825;25.00;monofasico
7898713926136;25.00;monofasico
7898713926174;25.00;monofasico
7898713926204;25.00;monofasico
7898713926211;25.00;monofasico
7898713926259;25.00;monofasico
7898713926266;25.00;monofasico
7898713926280;25.00;monofasico
7898713926297;25.00;monofasico
7898713926310;25.00;monofasico
7898713926358;25.00;monofasico
7898713926365;25.00;monofasico
7898713926372;25.00;monofasico
7898713926525;25.00;monofasico
7898713926549;25.00;monofasico
7898713926556;25.00;monofasico
7898713926563;25.00;monofasico
7898713926587;25.00;monofasico
7898713926594;25.00;monofasico
7898713926617;25.00;monofasico
7898713926624;25.00;monofasico
7898713926631;25.00;monofasico
7898713926648;25.00;monofasico
7898713926655;25.00;monofasico
7898713926662;25.00;monofasico
7898713926679;25.00;monofasico
7898713926686;25.00;monofasico
7898713926693;25.00;monofasico
7898713926709;25.00;monofasico
7898713926716;25.00;monofasico
7898713926730;25.00;monofasico
7898713926747;25.00;monofasico
7898713926754;25.00;monofasico
7898713926761;18.00;monofasico
7898713926778;18.00;monofasico
7898713926785;18.00;monofasico
7898713926792;18.00;monofasico
7898713926853;18.00;monofasico
7898713926860;18.00;monofasico
7898713926877;18.00;monofasico
7898713926884;18.00;monofasico
7898713927089;25.00;monofasico
7898713927096;25.00;monofasico
7898713927157;18.00;monofasico
7898715606234;0.00;monofasico
7898715606401;0.00;monofasico
7898715606814;0.00;monofasico
7898715607132;0.00;monofasico
7898715607279;0.00;monofasico
789871567132;18.00;real
7898715810174;0.00;monofasico
7898715810341;25.00;monofasico
7898715810440;0.00;monofasico
7898715810471;0.00;monofasico
7898715810488;0.00;monofasico
7898715810679;0.00;monofasico
7898715810693;0.00;monofasico
7898715810839;0.00;monofasico
7898715810884;0.00;monofasico
7898715810907;0.00;monofasico
7898715810938;0.00;monofasico
7898715811041;25.00;monofasico
7898715811096;0.00;monofasico
7898715811102;25.00;monofasico
7898715811157;18.00;monofasico
7898715811294;25.00;monofasico
7898715811409;25.00;monofasico
7898715811416;25.00;monofasico
7898715811935;0.00;monofasico
7898715812055;25.00;monofasico
7898715812192;0.00;monofasico
7898715812383;0.00;monofasico
7898715812505;0.00;monofasico
7898715812642;25.00;monofasico
7898715812697;25.00;monofasico
7898715812703;0.00;monofasico
7898715812826;0.00;monofasico
7898715813045;0.00;monofasico
7898715813267;0.00;monofasico
7898715813274;0.00;monofasico
7898715813366;0.00;monofasico
7898715813526;0.00;monofasico
7898715813588;0.00;monofasico
7898715813595;25.00;monofasico
7898715813717;0.00;monofasico
7898715813939;0.00;monofasico
7898715814073;0.00;monofasico
7898715814097;0.00;monofasico
7898715814110;0.00;monofasico
7898715814127;0.00;monofasico
7898715814141;0.00;monofasico
7898715814158;0.00;monofasico
7898715814240;25.00;monofasico
7898715814295;0.00;monofasico
7898715814387;25.00;monofasico
7898715814523;0.00;monofasico
7898715814561;0.00;monofasico
7898715814776;0.00;monofasico
7898715814790;0.00;monofasico
7898715814844;0.00;monofasico
7898715815292;0.00;monofasico
7898715815322;0.00;monofasico
7898715815506;0.00;monofasico
7898715815612;25.00;monofasico
7898715815674;0.00;monofasico
7898715815735;25.00;monofasico
7898715815742;0.00;monofasico
7898715815780;0.00;monofasico
7898715815803;0.00;monofasico
7898715815865;0.00;monofasico
7898715815988;0.00;monofasico
7898715816008;0.00;monofasico
7898715816039;0.00;monofasico
7898715816251;0.00;monofasico
7898715816466;0.00;monofasico
7898715816480;0.00;monofasico
7898715816602;0.00;monofasico
7898715816619;0.00;monofasico
7898715816763;0.00;monofasico
7898715817463;0.00;monofasico
7898715817500;0.00;monofasico
7898715818156;0.00;monofasico
7898715818163;0.00;monofasico
7898716456920;18.00;presumido
7898717910513;0.00;presumido
7898717910520;12.00;monofasico
7898717910544;12.00;monofasico
7898717910551;12.00;monofasico
7898717910698;12.00;monofasico
7898717910704;25.00;real
7898717910766;18.00;monofasico
7898717910810;4.00;real
7898717911145;18.00;monofasico
7898717911152;18.00;monofasico
7898717911312;18.00;monofasico
7898717911367;12.00;monofasico
7898717911510;12.00;monofasico
7898717911534;18.00;monofasico
7898717911602;18.00;real
7898717911879;18.00;monofasico
7898717911978;18.00;monofasico
7898717911985;18.00;monofasico
7898718590608;25.00;monofasico
7898720561078;4.00;monofasico
7898720561085;0.00;monofasico
7898720561092;4.00;presumido
7898720561108;4.00;monofasico
7898720561115;4.00;presumido
7898720561122;0.00;monofasico
7898720561139;4.00;monofasico
7898720561849;4.00;presumido
7898720561856;4.00;presumido
7898720561870;4.00;presumido
7898720563553;4.00;monofasico
7898720563560;4.00;monofasico
7898720563577;4.00;monofasico
7898720563584;0.00;monofasico
7898720565984;4.00;monofasico
7898720566011;4.00;monofasico
7898720566103;4.00;monofasico
7898720566110;4.00;monofasico
7898720566219;4.00;monofasico
7898720566462;0.00;monofasico
7898720566479;0.00;monofasico
7898720566486;0.00;monofasico
7898720566493;0.00;monofasico
7898720566899;4.00;monofasico
7898720568381;18.00;presumido
7898720568398;4.00;presumido
7898720569357;18.00;presumido
7898720569364;18.00;presumido
7898722480353;0.00;monofasico
7898722480360;12.00;monofasico
7898722480599;12.00;monofasico
7898724570489;0.00;monofasico
7898724570496;25.00;monofasico
7898724570502;0.00;monofasico
7898724570519;25.00;monofasico
7898724570526;25.00;monofasico
7898724570533;0.00;monofasico
7898724570540;0.00;monofasico
7898724570557;0.00;monofasico
7898724570571;0.00;monofasico
7898724570632;25.00;monofasico
7898724570649;0.00;monofasico
7898724570656;0.00;monofasico
7898724570663;0.00;monofasico
7898724570670;0.00;monofasico
7898724570687;0.00;monofasico
7898724570694;0.00;monofasico
7898724570700;0.00;monofasico
7898724570717;0.00;monofasico
7898724570724;0.00;monofasico
7898724570731;0.00;monofasico
7898724570885;25.00;monofasico
7898724570892;0.00;monofasico
7898724570922;25.00;monofasico
7898724570984;0.00;monofasico
7898724571035;25.00;monofasico
7898724571042;25.00;monofasico
7898724571059;0.00;monofasico
7898724571066;0.00;monofasico
7898724571073;0.00;monofasico
7898724571080;0.00;monofasico
7898724571097;0.00;monofasico
7898724571103;25.00;monofasico
7898724571127;25.00;monofasico
7898724571134;25.00;monofasico
7898724571141;0.00;monofasico
7898724571158;0.00;monofasico
7898724571165;25.00;monofasico
7898724571172;25.00;monofasico
7898724571202;0.00;monofasico
7898724571219;0.00;monofasico
7898724571233;0.00;monofasico
7898724571240;0.00;monofasico
7898724571257;0.00;monofasico
7898724571264;0.00;monofasico
7898724571288;0.00;monofasico
7898724571295;0.00;monofasico
7898724571318;0.00;monofasico
7898724571325;0.00;monofasico
7898724571356;25.00;monofasico
7898724571363;25.00;monofasico
7898724571417;25.00;monofasico
7898724572315;25.00;monofasico
7898724572322;0.00;monofasico
7898724572353;25.00;monofasico
7898724572377;0.00;monofasico
7898724572612;25.00;monofasico
7898724572629;0.00;monofasico
7898724572643;25.00;monofasico
7898724572704;18.00;monofasico
7898724572711;0.00;monofasico
7898724572780;25.00;monofasico
7898724572896;0.00;monofasico
7898724572902;25.00;monofasico
7898724572919;25.00;monofasico
7898724572926;25.00;monofasico
7898724572933;25.00;monofasico
7898724572940;25.00;monofasico
7898724572957;25.00;monofasico
7898724572964;25.00;monofasico
7898724572971;25.00;monofasico
7898724572988;25.00;monofasico
7898724572995;25.00;monofasico
7898724573022;25.00;monofasico
7898724573053;25.00;monofasico
7898724573077;25.00;monofasico
7898724573084;25.00;monofasico
7898724573107;25.00;monofasico
7898724573145;25.00;monofasico
7898724573404;25.00;monofasico
7898724573411;25.00;monofasico
7898724573428;25.00;monofasico
7898724573435;25.00;monofasico
7898724573503;25.00;monofasico
7898724573718;25.00;monofasico
7898724573800;25.00;monofasico
7898724573817;25.00;monofasico
7898724573824;25.00;monofasico
7898724573831;25.00;monofasico
7898724573848;25.00;monofasico
7898724573855;25.00;monofasico
7898725490830;0.00;monofasico
7898729254261;0.00;monofasico
7898729254506;0.00;monofasico
7898729254513;0.00;monofasico
7898729258818;0.00;monofasico
7898732015569;25.00;real
7898733360101;18.00;presumido
7898733360156;25.00;monofasico
7898733360163;25.00;monofasico
7898735986262;18.00;real
7898735987221;18.00;real
7898739652002;0.00;monofasico
7898739652026;0.00;monofasico
7898741530015;25.00;monofasico
7898741530336;25.00;monofasico
7898741530343;25.00;monofasico
7898741530350;25.00;monofasico
7898741530367;25.00;monofasico
7898741530374;25.00;monofasico
7898741530381;25.00;monofasico
7898741530398;18.00;real
7898741530404;25.00;monofasico
7898741530411;0.00;monofasico
7898741530510;0.00;presumido
7898741530671;25.00;monofasico
7898741530688;25.00;monofasico
7898741530695;0.00;monofasico
7898741800002;25.00;monofasico
7898741800019;25.00;monofasico
7898741800026;25.00;monofasico
7898741800033;25.00;monofasico
7898741800040;25.00;monofasico
7898741800057;25.00;monofasico
7898741800064;25.00;monofasico
7898741800071;25.00;monofasico
7898741800088;25.00;monofasico
7898741800095;25.00;monofasico
7898741800101;25.00;monofasico
7898741800118;25.00;monofasico
7898741800187;18.00;presumido
7898741800194;18.00;presumido
7898741800200;0.00;monofasico
7898741800217;18.00;real
7898741800224;18.00;real
7898741800255;0.00;monofasico
7898741800262;0.00;monofasico
7898741800286;18.00;monofasico
7898741800439;18.00;monofasico
7898741800446;18.00;monofasico
7898741800453;18.00;monofasico
7898741800460;18.00;monofasico
7898741800651;12.00;monofasico
7898741800668;12.00;monofasico
7898741800699;12.00;monofasico
7898741800743;12.00;monofasico
7898741800767;12.00;monofasico
7898741800798;12.00;monofasico
7898741800927;0.00;monofasico
7898741801115;18.00;real
7898741801122;18.00;real
7898741801160;18.00;real
7898741801177;18.00;real
7898741801184;18.00;real
7898741801214;18.00;real
7898741801221;0.00;monofasico
7898741801238;0.00;monofasico
7898741801245;18.00;presumido
7898741801269;18.00;presumido
7898741801276;18.00;presumido
7898741801283;18.00;real
7898741801290;18.00;real
7898741801337;18.00;real
7898741801351;18.00;real
7898741801375;25.00;real
7898741801405;25.00;real
7898741801412;25.00;monofasico
7898741801597;0.00;monofasico
7898741801641;18.00;real
7898741801658;18.00;real
7898741801672;18.00;real
7898741801719;18.00;presumido
7898741801726;18.00;presumido
7898741801795;25.00;real
7898741801801;25.00;real
7898741801818;0.00;real
7898741801825;18.00;real
7898741801931;12.00;monofasico
7898741802006;18.00;real
7898741802020;18.00;real
7898741802037;18.00;real
7898741802044;18.00;real
7898741802051;18.00;real
7898741802068;18.00;real
7898741802075;18.00;real
7898741802082;18.00;real
7898741802129;18.00;real
7898741802136;18.00;real
7898741802167;18.00;real
7898741802174;18.00;real
7898741802198;18.00;real
7898741802242;18.00;real
7898741802266;18.00;real
7898741802273;18.00;real
7898741802280;18.00;real
7898741802297;18.00;real
7898741802303;18.00;real
7898741802310;18.00;real
7898741802327;18.00;real
7898741802365;18.00;real
7898741802396;25.00;real
7898741802402;25.00;real
7898741802433;25.00;monofasico
7898741802457;25.00;monofasico
7898741802464;25.00;real
7898741802471;25.00;real
7898741802488;25.00;monofasico
7898741802495;25.00;real
7898741802570;25.00;monofasico
7898741802587;0.00;monofasico
7898741802594;25.00;monofasico
7898741802600;25.00;monofasico
7898741802679;25.00;real
7898741802686;25.00;real
7898741802693;25.00;real
7898741802709;25.00;monofasico
7898741802716;25.00;real
7898741802723;25.00;real
7898741802730;25.00;real
7898741802945;25.00;real
7898741802952;25.00;real
7898741802969;25.00;real
7898741802976;25.00;monofasico
7898741802983;25.00;real
7898741803027;18.00;monofasico
7898741803034;18.00;monofasico
7898741803041;18.00;monofasico
7898741803058;18.00;monofasico
7898741803300;18.00;real
7898741803317;18.00;real
7898741803324;18.00;real
7898741803331;18.00;real
7898741803348;18.00;real
7898741803355;18.00;real
7898741803362;18.00;real
7898741803379;18.00;real
7898741803454;18.00;real
7898741803461;18.00;real
7898741803485;18.00;presumido
7898741803492;18.00;real
7898741803508;18.00;presumido
7898741803515;18.00;presumido
7898741803522;18.00;real
7898741803546;18.00;real
7898741803553;18.00;real
7898741803560;18.00;real
7898741803577;18.00;real
7898741803584;18.00;real
7898741803591;18.00;real
7898741803607;18.00;real
7898741803614;18.00;real
7898741803621;18.00;real
7898741803645;18.00;real
7898741803652;18.00;real
7898741803669;18.00;real
7898741803683;18.00;real
7898741803690;18.00;real
7898741803706;18.00;real
7898741803775;25.00;real
7898741803782;25.00;real
7898741803829;25.00;real
7898741803836;25.00;real
7898741803843;25.00;real
7898741803850;25.00;real
7898741803867;25.00;monofasico
7898741803874;25.00;real
7898741803881;25.00;real
7898741803898;25.00;real
7898741803904;25.00;real
7898741803911;25.00;real
7898741803935;25.00;real
7898741803997;18.00;real
7898741804000;18.00;real
7898741804017;18.00;real
7898741804024;25.00;real
7898741804031;25.00;real
7898741804048;25.00;real
7898741804055;25.00;real
7898741804093;25.00;real
7898741804109;25.00;real
7898741804154;25.00;monofasico
7898741804178;25.00;real
7898741804185;25.00;real
7898741804192;25.00;monofasico
7898741804208;25.00;monofasico
7898741804215;25.00;real
7898741804222;25.00;real
7898741804239;25.00;real
7898741804246;25.00;monofasico
7898741804253;25.00;real
7898741804260;25.00;real
7898741804277;25.00;real
7898741804284;25.00;real
7898741804291;25.00;real
7898741804307;25.00;real
7898741804376;18.00;real
7898741804383;18.00;real
7898741804390;18.00;real
7898741804406;18.00;real
7898741804413;18.00;real
7898741804420;18.00;real
7898741804437;18.00;real
7898741804444;18.00;real
7898741804451;12.00;monofasico
7898741804475;12.00;monofasico
7898741804482;12.00;monofasico
7898741804499;12.00;monofasico
7898741804512;12.00;monofasico
7898741804529;12.00;monofasico
7898741804574;25.00;real
7898741804628;18.00;real
7898741804635;18.00;real
7898741804642;18.00;real
7898741804659;18.00;real
7898741804666;25.00;real
7898741804673;25.00;real
7898741804680;25.00;real
7898741804697;25.00;real
7898741804703;25.00;real
7898741804710;25.00;real
7898741804727;25.00;real
7898741804734;25.00;real
7898741804802;18.00;real
7898741804819;0.00;monofasico
7898741804888;18.00;real
7898741804895;18.00;real
7898741804994;12.00;monofasico
7898741805007;25.00;real
7898741805014;25.00;real
7898741805021;25.00;real
7898741805038;25.00;real
7898741805199;18.00;real
7898741805205;18.00;real
7898741805212;18.00;real
7898741805229;18.00;real
7898741805236;18.00;real
7898741805243;18.00;real
7898741805250;18.00;real
7898741805267;18.00;real
7898741805274;18.00;real
7898741805281;18.00;real
7898741805298;18.00;real
7898741805304;18.00;real
7898741805311;18.00;real
7898741805595;25.00;monofasico
7898741805663;0.00;monofasico
7898741805687;25.00;monofasico
7898741805694;25.00;monofasico
7898741805700;25.00;monofasico
7898741805717;25.00;monofasico
7898741805724;25.00;monofasico
7898741805731;25.00;monofasico
7898741805755;25.00;monofasico
7898741805762;25.00;monofasico
7898741805779;25.00;monofasico
7898741805786;25.00;monofasico
7898741805793;25.00;monofasico
7898741805809;25.00;monofasico
7898741805816;25.00;monofasico
7898741805823;25.00;monofasico
7898741805830;25.00;monofasico
7898741805847;25.00;monofasico
7898741805854;25.00;monofasico
7898741805977;25.00;monofasico
7898741805984;25.00;monofasico
7898741805991;25.00;monofasico
7898741806004;25.00;monofasico
7898741806011;25.00;monofasico
7898741806028;25.00;monofasico
7898741806035;0.00;monofasico
7898741806042;25.00;monofasico
7898741806059;25.00;monofasico
7898741806066;25.00;monofasico
7898741806097;0.00;monofasico
7898741806196;0.00;monofasico
7898741806202;25.00;monofasico
7898741806219;25.00;monofasico
7898741806226;25.00;monofasico
7898741806233;25.00;monofasico
7898741806240;25.00;monofasico
7898741806257;25.00;monofasico
7898741806264;25.00;monofasico
7898741806271;25.00;monofasico
7898741806288;25.00;monofasico
7898741806318;12.00;monofasico
7898741806325;25.00;monofasico
7898741806332;25.00;monofasico
7898741806349;25.00;monofasico
7898741806356;25.00;monofasico
7898741806370;0.00;monofasico
7898741806387;0.00;monofasico
7898741806431;25.00;monofasico
7898741806448;25.00;monofasico
7898741806455;25.00;monofasico
7898741806462;25.00;monofasico
7898741806479;25.00;monofasico
7898741806486;25.00;monofasico
7898741806493;25.00;monofasico
7898741807001;0.00;monofasico
7898741807018;0.00;monofasico
7898741807025;0.00;monofasico
7898741807032;0.00;monofasico
7898741807049;25.00;monofasico
7898741807056;25.00;monofasico
7898741807063;25.00;monofasico
7898741807070;25.00;monofasico
7898741807087;25.00;monofasico
7898741807094;25.00;monofasico
7898741807100;25.00;monofasico
7898741807117;25.00;monofasico
7898741807124;0.00;monofasico
7898741807131;25.00;monofasico
7898741807148;25.00;monofasico
7898741807155;25.00;monofasico
7898741807315;0.00;monofasico
7898741807322;25.00;monofasico
7898741807353;25.00;real
7898741807360;25.00;real
7898741807391;0.00;monofasico
7898741807568;25.00;monofasico
7898741807575;25.00;real
7898741807582;25.00;real
7898741807599;25.00;real
7898741807605;25.00;monofasico
7898741807612;25.00;real
7898741807636;0.00;monofasico
7898741807698;25.00;monofasico
7898741807704;25.00;monofasico
7898741807728;0.00;monofasico
7898741807773;25.00;monofasico
7898741807797;25.00;monofasico
7898741807803;25.00;monofasico
7898741807827;25.00;monofasico
7898741807865;0.00;monofasico
7898741807872;25.00;monofasico
7898741808527;25.00;monofasico
7898741808558;0.00;monofasico
7898741808565;25.00;monofasico
7898741808572;25.00;monofasico
7898741808589;25.00;monofasico
7898741808596;25.00;monofasico
7898741808657;0.00;monofasico
7898741808664;25.00;monofasico
7898741808961;12.00;monofasico
7898741808985;12.00;monofasico
7898741808992;12.00;monofasico
7898741809005;12.00;monofasico
7898741809012;12.00;monofasico
7898741809029;12.00;monofasico
7898741809036;12.00;monofasico
7898741809043;12.00;monofasico
7898741809050;12.00;monofasico
7898741809067;12.00;monofasico
7898741809074;12.00;monofasico
7898741809081;12.00;monofasico
7898741809098;12.00;monofasico
7898741809104;12.00;monofasico
7898741809234;18.00;monofasico
7898741809241;18.00;monofasico
7898741809272;0.00;monofasico
7898741809289;25.00;monofasico
7898741809296;25.00;monofasico
7898741809302;25.00;monofasico
7898741809319;0.00;monofasico
7898741809326;0.00;monofasico
7898741809333;25.00;monofasico
7898741809340;25.00;monofasico
7898741809357;25.00;monofasico
7898741809364;25.00;monofasico
7898741809654;25.00;monofasico
7898741809661;25.00;monofasico
7898741809678;25.00;monofasico
7898741809685;25.00;monofasico
7898741809692;25.00;monofasico
7898741809708;25.00;monofasico
7898741809715;0.00;monofasico
7898741809722;0.00;monofasico
7898741809739;0.00;presumido
7898741809746;0.00;presumido
7898741809852;25.00;monofasico
7898741809869;18.00;monofasico
7898741809876;18.00;monofasico
7898741809883;18.00;monofasico
7898741809890;18.00;monofasico
7898741809906;18.00;monofasico
7898741809920;18.00;monofasico
7898741809982;18.00;real
7898741809999;18.00;real
7898742230006;18.00;presumido
7898744780127;0.00;monofasico
7898744780202;0.00;monofasico
7898744780332;0.00;monofasico
7898744780356;0.00;monofasico
7898744780462;0.00;monofasico
7898744780769;0.00;monofasico
7898744783302;0.00;monofasico
7898744783319;0.00;monofasico
7898745170125;0.00;monofasico
7898745173225;0.00;monofasico
7898745173881;4.00;presumido
7898745173898;4.00;presumido
7898745173904;4.00;presumido
7898745173959;4.00;presumido
7898745175366;4.00;presumido
7898745175458;4.00;presumido
7898745175687;4.00;presumido
7898745178466;0.00;monofasico
7898745178473;0.00;monofasico
7898745178480;0.00;monofasico
7898745178572;0.00;monofasico
7898745178619;0.00;monofasico
7898745179449;0.00;monofasico
7898746930032;0.00;monofasico
7898746930087;0.00;monofasico
7898746930117;0.00;monofasico
7898746930285;0.00;monofasico
7898746930308;0.00;monofasico
7898746930452;0.00;monofasico
7898746930469;25.00;monofasico
7898746930476;25.00;monofasico
7898746930483;0.00;monofasico
7898746930537;0.00;monofasico
7898746930544;0.00;monofasico
7898746930858;0.00;monofasico
7898746930926;0.00;presumido
7898746930988;0.00;real
7898746931015;0.00;monofasico
7898746931022;0.00;presumido
7898746931039;0.00;monofasico
7898746931060;0.00;presumido
7898746931091;0.00;monofasico
7898746931107;0.00;monofasico
7898746931121;0.00;presumido
7898746931138;0.00;monofasico
7898746931275;12.00;monofasico
7898746931282;12.00;monofasico
7898746931299;12.00;monofasico
7898746931435;12.00;monofasico
7898746931442;0.00;monofasico
7898746931459;12.00;monofasico
7898746931466;12.00;monofasico
7898746931473;12.00;monofasico
7898746931480;12.00;monofasico
7898746931497;0.00;monofasico
7898746931503;0.00;monofasico
7898746931510;12.00;monofasico
7898746931527;12.00;monofasico
7898746931534;0.00;monofasico
7898746931541;12.00;monofasico
7898746931763;0.00;monofasico
7898746931770;0.00;monofasico
7898746931787;0.00;monofasico
7898746931947;12.00;monofasico
7898746932043;12.00;monofasico
7898746932272;12.00;monofasico
7898746932319;12.00;monofasico
7898746932517;0.00;presumido
7898746932524;0.00;presumido
7898746932531;0.00;real
7898746932548;0.00;presumido
7898746932555;0.00;real
7898746932975;12.00;monofasico
7898746932982;12.00;monofasico
7898746932999;12.00;monofasico
7898746933002;12.00;monofasico
7898746933019;12.00;monofasico
7898746933101;0.00;real
7898746933118;0.00;real
7898746933125;25.00;real
7898746933132;0.00;presumido
7898746933149;0.00;real
7898746933262;12.00;monofasico
7898746933279;0.00;monofasico
7898746933286;12.00;monofasico
7898746933293;0.00;monofasico
7898746933309;0.00;monofasico
7898746933316;12.00;monofasico
7898746933323;12.00;monofasico
7898746933330;12.00;monofasico
7898746933347;12.00;monofasico
7898746933354;12.00;monofasico
7898746933361;12.00;monofasico
7898746933378;12.00;monofasico
7898746933385;12.00;monofasico
7898746933392;0.00;monofasico
7898746933408;12.00;monofasico
7898746933774;25.00;monofasico
7898746933781;12.00;monofasico
7898746933798;12.00;monofasico
7898746933804;12.00;monofasico
7898746933811;12.00;monofasico
7898746933828;0.00;monofasico
7898746933835;12.00;monofasico
7898746934474;0.00;monofasico
7898746934481;0.00;monofasico
7898746934580;0.00;monofasico
7898746934597;0.00;monofasico
7898746934641;0.00;monofasico
7898746934672;0.00;monofasico
7898747593199;12.00;monofasico
7898747593205;12.00;monofasico
7898747593212;12.00;monofasico
7898747593243;12.00;monofasico
7898747593267;12.00;monofasico
7898747593274;12.00;monofasico
7898747593281;12.00;monofasico
7898747593298;12.00;monofasico
7898747593311;12.00;monofasico
7898747593335;12.00;monofasico
7898747593359;12.00;monofasico
7898747593366;12.00;monofasico
7898747593373;12.00;monofasico
7898747593380;12.00;monofasico
7898747593397;12.00;monofasico
7898747593434;12.00;monofasico
7898747593441;12.00;monofasico
7898747593458;12.00;monofasico
7898747593526;12.00;monofasico
7898747593533;12.00;monofasico
7898747593540;12.00;monofasico
7898747593557;12.00;monofasico
7898747593571;12.00;monofasico
7898747593601;12.00;monofasico
7898747593625;12.00;monofasico
7898747593663;12.00;monofasico
7898747593687;12.00;monofasico
7898747593694;12.00;monofasico
7898747593700;12.00;monofasico
7898747593717;12.00;monofasico
7898747593731;12.00;monofasico
7898747593748;12.00;monofasico
7898747593755;12.00;monofasico
7898747593762;12.00;monofasico
7898747593779;12.00;monofasico
7898747593823;12.00;monofasico
7898747593830;12.00;monofasico
7898747593847;12.00;monofasico
7898747593861;12.00;monofasico
7898747593885;12.00;monofasico
7898747593908;12.00;monofasico
7898747593939;12.00;monofasico
7898747593946;12.00;monofasico
7898747595582;12.00;monofasico
7898747595605;12.00;monofasico
7898747595612;12.00;monofasico
7898747595629;12.00;monofasico
7898747595643;12.00;monofasico
7898747595698;12.00;monofasico
7898747595728;12.00;monofasico
7898747595735;12.00;monofasico
7898747595742;12.00;monofasico
7898747595773;12.00;monofasico
7898747595780;12.00;monofasico
7898747595933;12.00;monofasico
7898747596046;12.00;monofasico
7898747596091;12.00;monofasico
7898748710335;25.00;real
7898748710434;25.00;real
7898748710441;25.00;real
7898748712148;25.00;real
7898748712216;25.00;real
7898748712254;25.00;real
7898748712278;25.00;real
7898748712438;25.00;real
7898748712469;25.00;real
7898748712537;25.00;real
7898748712568;25.00;real
7898748712582;25.00;real
7898748712667;25.00;real
7898748712735;25.00;real
7898748712773;25.00;real
7898748712780;25.00;real
7898748712896;25.00;real
7898748712902;25.00;real
7898748712995;25.00;real
7898748713008;25.00;real
7898748713022;25.00;real
7898748713404;25.00;real
7898748713411;25.00;real
7898748713428;25.00;real
7898748714630;25.00;real
7898748714661;25.00;real
7898748714838;25.00;real
7898748715231;25.00;real
7898748715255;25.00;real
7898748715262;25.00;real
7898748715408;25.00;real
7898748715439;25.00;real
7898749570211;25.00;monofasico
7898749570228;25.00;monofasico
7898749570358;0.00;monofasico
7898749570433;18.00;monofasico
7898749570440;25.00;monofasico
7898749570457;25.00;monofasico
7898749570471;18.00;monofasico
7898749570488;25.00;monofasico
7898749570501;25.00;monofasico
7898749570525;25.00;monofasico
7898749570563;25.00;monofasico
7898749570570;18.00;monofasico
7898749570587;25.00;monofasico
7898749570617;25.00;monofasico
7898749570624;18.00;monofasico
7898749570631;25.00;monofasico
7898749570655;0.00;monofasico
7898749570730;0.00;monofasico
7898749571751;18.00;monofasico
7898749571850;25.00;monofasico
7898749571881;25.00;monofasico
7898749571904;18.00;monofasico
7898749571911;25.00;monofasico
7898749571928;25.00;monofasico
7898749571935;25.00;monofasico
7898749572079;25.00;monofasico
7898749572451;25.00;monofasico
7898749572550;25.00;monofasico
7898749572833;25.00;monofasico
7898749573052;18.00;monofasico
7898749573069;25.00;monofasico
7898749573298;25.00;monofasico
7898749573304;25.00;monofasico
7898749574080;25.00;monofasico
7898749970318;25.00;monofasico
7898749971100;18.00;monofasico
7898749971117;18.00;monofasico
7898749971124;18.00;monofasico
7898749971131;18.00;monofasico
7898752140180;0.00;monofasico
7898752140197;0.00;monofasico
7898752140456;18.00;monofasico
7898752141804;18.00;monofasico
7898752141828;18.00;monofasico
7898752290007;0.00;monofasico
7898752290069;3.51;monofasico
7898752290083;18.00;monofasico
7898752290090;18.00;monofasico
7898752290113;3.51;monofasico
7898752290120;3.51;monofasico
7898752290137;3.51;monofasico
7898752290144;3.51;monofasico
7898752290151;3.51;monofasico
7898752290175;3.51;monofasico
7898752290199;3.51;monofasico
7898752290212;3.51;monofasico
7898752290229;3.51;monofasico
7898752290236;3.51;monofasico
7898752290243;3.51;monofasico
7898752290281;3.51;monofasico
7898752290311;3.51;monofasico
7898752290342;3.51;monofasico
7898752290359;3.51;monofasico
7898752290366;3.51;monofasico
7898752290380;3.51;monofasico
7898752290410;3.51;monofasico
7898752290434;3.51;monofasico
7898752290502;3.51;monofasico
7898752290526;3.51;monofasico
7898758081029;0.00;monofasico
7898758081036;0.00;monofasico
7898758081043;0.00;monofasico
7898758081050;0.00;monofasico
7898758081081;0.00;monofasico
7898758081241;0.00;monofasico
7898758081289;0.00;monofasico
7898758081722;0.00;monofasico
7898758081739;0.00;monofasico
7898758081753;0.00;monofasico
7898758081791;0.00;monofasico
7898758081814;0.00;monofasico
7898758081838;0.00;monofasico
7898758081876;25.00;monofasico
7898758081883;25.00;monofasico
7898758081906;0.00;monofasico
7898758081913;0.00;monofasico
7898758081920;0.00;monofasico
7898758081944;0.00;monofasico
7898758081975;25.00;monofasico
7898758081982;0.00;monofasico
7898758082002;25.00;monofasico
7898758082019;0.00;monofasico
7898758082033;0.00;monofasico
7898758082057;0.00;monofasico
7898758082088;0.00;monofasico
7898758082101;0.00;monofasico
7898758082125;25.00;monofasico
7898758082132;0.00;monofasico
7898758082163;0.00;monofasico
7898758082170;25.00;monofasico
7898758082187;0.00;monofasico
7898758082194;0.00;monofasico
7898758082200;25.00;monofasico
7898758082224;0.00;monofasico
7898758082231;0.00;monofasico
7898758082255;0.00;monofasico
7898758082262;25.00;monofasico
7898758082286;25.00;monofasico
7898758082316;0.00;monofasico
7898758082323;0.00;monofasico
7898758082330;0.00;monofasico
7898758082354;0.00;monofasico
7898758082361;0.00;monofasico
7898758082385;0.00;monofasico
7898758082392;25.00;monofasico
7898758082491;0.00;monofasico
7898758082644;0.00;monofasico
7898758082705;0.00;monofasico
7898758082750;0.00;monofasico
7898758082798;0.00;monofasico
7898758082897;0.00;monofasico
7898758082910;0.00;monofasico
7898758082941;0.00;monofasico
7898758082958;0.00;monofasico
7898758083085;0.00;monofasico
7898758083139;0.00;monofasico
7898758083160;0.00;monofasico
7898758083252;0.00;monofasico
7898758083375;0.00;monofasico
7898758083382;0.00;monofasico
7898758083399;0.00;monofasico
7898758083450;0.00;monofasico
7898758083474;25.00;monofasico
7898758083481;25.00;monofasico
7898758083504;25.00;monofasico
7898758083597;25.00;monofasico
7898758083603;25.00;monofasico
7898758083610;25.00;monofasico
7898758083641;25.00;monofasico
7898758084105;0.00;monofasico
7898758084129;0.00;monofasico
7898758084136;0.00;monofasico
7898758084266;0.00;monofasico
7898758084297;0.00;monofasico
7898758084457;0.00;monofasico
7898758084464;0.00;monofasico
7898758084471;0.00;monofasico
7898758084488;0.00;monofasico
7898758084495;0.00;monofasico
7898758084501;25.00;monofasico
7898758084518;0.00;monofasico
7898758084525;0.00;monofasico
7898758084532;0.00;monofasico
7898758084549;0.00;monofasico
7898758084556;0.00;monofasico
7898758084563;25.00;monofasico
7898758084570;0.00;monofasico
7898758084587;0.00;monofasico
7898758084594;0.00;monofasico
7898758084600;25.00;monofasico
7898758084617;0.00;monofasico
7898758084624;0.00;monofasico
7898758084631;0.00;monofasico
7898758084648;25.00;monofasico
7898758086697;25.00;monofasico
7898758086765;25.00;monofasico
7898759110018;18.00;monofasico
7898759110025;25.00;monofasico
7898759110032;25.00;monofasico
7898759110056;18.00;monofasico
7898759110063;25.00;monofasico
7898759110070;25.00;monofasico
7898759110087;0.00;monofasico
7898759110094;18.00;monofasico
7898759110100;25.00;monofasico
7898759110117;25.00;monofasico
7898759110124;25.00;monofasico
7898759110131;18.00;monofasico
7898759110148;25.00;monofasico
7898759110162;18.00;monofasico
7898759110179;25.00;monofasico
7898759110186;25.00;monofasico
7898759110209;25.00;monofasico
7898759110216;18.00;monofasico
7898759110223;25.00;monofasico
7898759110230;25.00;monofasico
7898759110247;25.00;monofasico
7898759110254;18.00;monofasico
7898759110261;25.00;monofasico
7898759110278;0.00;monofasico
7898759110285;25.00;monofasico
7898759110292;25.00;monofasico
7898759110308;25.00;monofasico
7898759110315;25.00;monofasico
7898759110322;25.00;monofasico
7898759110339;25.00;monofasico
7898759110346;25.00;monofasico
7898759110353;25.00;monofasico
7898759110360;25.00;monofasico
7898759110377;25.00;monofasico
7898759110384;25.00;monofasico
7898759110391;25.00;monofasico
7898759110407;25.00;monofasico
7898759110414;25.00;monofasico
7898759110421;25.00;monofasico
7898759110438;25.00;monofasico
7898759110445;25.00;monofasico
7898759110452;25.00;monofasico
7898760140011;25.00;real
7898760140028;25.00;real
7898760140059;25.00;real
7898760140066;25.00;real
7898760140073;25.00;real
7898760140080;25.00;real
7898760140097;25.00;real
7898760140103;25.00;real
7898760140196;0.00;monofasico
7898760140219;0.00;monofasico
7898760940048;0.00;monofasico
7898760940055;0.00;monofasico
7898760940062;0.00;monofasico
7898760940079;0.00;monofasico
7898760940505;0.00;monofasico
7898760940512;0.00;monofasico
7898760940536;0.00;monofasico
7898760940543;0.00;monofasico
7898760940567;0.00;monofasico
7898760940741;0.00;monofasico
7898760940758;0.00;monofasico
7898760940765;0.00;monofasico
7898760940895;25.00;monofasico
7898760940901;25.00;monofasico
7898760940956;0.00;monofasico
7898760941014;0.00;monofasico
7898760941038;0.00;monofasico
7898760941045;0.00;monofasico
7898760941144;25.00;monofasico
7898760941502;18.00;monofasico
7898760941519;18.00;monofasico
7898760941533;18.00;monofasico
7898760941892;18.00;monofasico
7898760941977;0.00;monofasico
7898760942202;0.00;monofasico
7898760942264;0.00;monofasico
7898760942271;0.00;monofasico
7898760942288;0.00;monofasico
7898760942295;0.00;monofasico
7898760942301;0.00;monofasico
7898760942318;25.00;monofasico
7898760942349;0.00;monofasico
7898763801629;0.00;monofasico
7898763802138;0.00;monofasico
7898763802916;25.00;monofasico
7898763802930;0.00;monofasico
7898763802961;0.00;monofasico
7898763803043;18.00;presumido
7898764280201;0.00;monofasico
7898764280218;0.00;monofasico
7898764280379;0.00;monofasico
7898764280386;0.00;monofasico
7898764280423;0.00;monofasico
7898767820213;25.00;monofasico
7898767820220;25.00;monofasico
7898767823733;25.00;monofasico
7898767823894;25.00;monofasico
7898767824822;25.00;monofasico
7898770944104;0.00;monofasico
7898771210147;25.00;presumido
7898771210284;25.00;presumido
7898771210307;25.00;presumido
7898771210314;25.00;presumido
7898771210321;25.00;presumido
7898771210338;25.00;presumido
7898771210345;25.00;presumido
7898771210352;25.00;presumido
7898772540007;18.00;real
7898772540014;18.00;real
7898772540021;18.00;real
7898772540052;18.00;real
7898774030056;0.00;monofasico
7898774032678;0.00;monofasico
7898782240010;18.00;real
7898782820038;0.00;monofasico
7898782820045;0.00;monofasico
7898782820052;0.00;monofasico
7898782820328;0.00;monofasico
7898782820359;0.00;monofasico
7898782820373;0.00;monofasico
7898782820519;0.00;monofasico
7898796234135;0.00;real
7898878211993;0.00;presumido
789888134174;0.00;monofasico
789888134242;0.00;monofasico
789888134297;0.00;monofasico
7898881342974;0.00;monofasico
789888134402;0.00;monofasico
789888134419;0.00;monofasico
789888134471;0.00;monofasico
789888134624;0.00;monofasico
789888134679;0.00;monofasico
789888134686;0.00;monofasico
789888134907;0.00;monofasico
789888134969;18.00;presumido
789888134976;0.00;monofasico
7898901202011;0.00;presumido
7898901202035;0.00;presumido
7898903097042;18.00;real
7898903652159;12.00;monofasico
7898903652166;12.00;monofasico
7898903652197;12.00;monofasico
7898903652203;12.00;monofasico
7898903652340;12.00;monofasico
7898903652357;12.00;monofasico
7898903652364;0.00;monofasico
7898903652388;12.00;monofasico
7898903652395;12.00;monofasico
7898903652401;12.00;monofasico
7898903652913;25.00;monofasico
7898903652951;12.00;monofasico
7898903652968;12.00;monofasico
7898903925437;25.00;monofasico
7898905356000;0.00;monofasico
7898905356185;18.00;monofasico
7898905356246;18.00;real
7898905356567;18.00;monofasico
7898905356727;18.00;monofasico
7898905885852;25.00;monofasico
7898905885906;25.00;monofasico
7898905885913;25.00;monofasico
7898905885920;25.00;monofasico
7898907206785;0.00;monofasico
7898907206792;25.00;monofasico
7898907206808;0.00;monofasico
7898907206815;25.00;monofasico
7898907206969;25.00;monofasico
7898907206976;25.00;monofasico
7898907349406;25.00;monofasico
7898908621730;0.00;monofasico
7898908685800;0.00;real
7898910012823;0.00;monofasico
7898910084790;18.00;real
7898911309007;25.00;real
7898911309014;25.00;monofasico
7898911309021;25.00;monofasico
7898911309038;25.00;real
7898911309045;25.00;real
7898911309069;25.00;real
7898911309076;25.00;real
7898911309083;18.00;real
7898911309090;25.00;monofasico
7898911309106;0.00;monofasico
7898911309113;0.00;monofasico
7898911309120;25.00;real
7898911309137;0.00;monofasico
7898911309144;0.00;monofasico
7898911309151;0.00;monofasico
7898911309175;0.00;monofasico
7898911309182;25.00;real
7898911309205;25.00;real
7898911309212;18.00;real
7898911309243;25.00;real
7898911309250;25.00;real
7898911309281;0.00;monofasico
7898911309298;25.00;real
7898911309304;18.00;real
7898911309311;25.00;real
7898911309359;25.00;real
7898911309366;25.00;real
7898911309373;25.00;real
7898911309380;18.00;real
7898911309397;25.00;real
7898911309427;25.00;real
7898911309458;25.00;real
7898911309465;18.00;real
7898911309472;18.00;real
7898911309489;18.00;real
7898911309502;18.00;real
7898911309526;0.00;monofasico
7898911309533;0.00;presumido
7898911309540;18.00;real
7898911309557;18.00;real
7898911309564;18.00;real
7898911309571;25.00;real
7898911309588;18.00;real
7898911309595;18.00;real
7898911309601;18.00;real
7898911309625;18.00;real
7898911309632;25.00;real
7898911309649;25.00;monofasico
7898911309670;18.00;real
7898911309687;25.00;real
7898911309694;18.00;real
7898911309717;18.00;real
7898911309724;18.00;real
7898911309731;18.00;real
7898911309748;18.00;real
7898911689130;25.00;monofasico
7898911689147;25.00;monofasico
7898911689185;25.00;real
7898911689192;25.00;monofasico
7898911689208;25.00;monofasico
7898911689376;25.00;monofasico
7898911689383;25.00;monofasico
7898911689390;18.00;presumido
7898911689536;25.00;monofasico
7898911689659;25.00;monofasico
7898911689673;25.00;monofasico
7898911689802;25.00;monofasico
7898912665126;25.00;monofasico
7898912665133;25.00;monofasico
7898913182639;0.00;real
7898915049428;12.00;real
7898915744552;18.00;monofasico
7898915744569;25.00;monofasico
7898915744576;25.00;monofasico
7898915744866;25.00;monofasico
7898917182017;18.00;monofasico
7898917182246;25.00;monofasico
7898917182376;0.00;monofasico
7898917182475;0.00;monofasico
7898917182499;25.00;monofasico
7898917182505;0.00;monofasico
7898917182635;0.00;monofasico
7898917182789;0.00;monofasico
7898917182819;0.00;monofasico
7898917182826;0.00;monofasico
7898917182840;25.00;monofasico
7898917182895;0.00;monofasico
7898917182918;18.00;monofasico
7898917182925;25.00;monofasico
7898917182994;25.00;monofasico
7898918428930;0.00;monofasico
7898918428947;0.00;monofasico
7898918428954;0.00;monofasico
7898918942153;25.00;monofasico
7898918942160;0.00;monofasico
7898918942443;25.00;monofasico
7898918942450;25.00;monofasico
7898918942641;25.00;monofasico
7898918942795;0.00;monofasico
7898919411900;25.00;monofasico
7898919411917;18.00;monofasico
7898919411931;18.00;monofasico
7898919412181;0.00;monofasico
7898919412259;18.00;monofasico
7898919412266;18.00;monofasico
7898919412273;0.00;monofasico
7898919412280;0.00;monofasico
7898919412297;25.00;monofasico
7898919412303;25.00;monofasico
7898919412327;25.00;monofasico
7898919412334;25.00;monofasico
7898919412341;25.00;monofasico
7898919412372;25.00;monofasico
7898919412389;0.00;monofasico
7898920038608;0.00;monofasico
7898920038615;0.00;monofasico
7898920038622;0.00;monofasico
7898920038639;0.00;monofasico
7898920038646;0.00;monofasico
7898920038660;12.00;monofasico
7898920038677;0.00;monofasico
7898920038684;25.00;monofasico
7898920038691;0.00;monofasico
7898920038707;0.00;monofasico
7898920038721;0.00;monofasico
7898920038738;12.00;monofasico
7898920038745;0.00;monofasico
7898920038752;0.00;monofasico
7898920038769;25.00;monofasico
7898920080232;25.00;monofasico
7898920080249;25.00;monofasico
7898920080256;25.00;monofasico
7898920080782;25.00;monofasico
7898920231535;18.00;monofasico
7898921567121;0.00;monofasico
7898922580044;18.00;presumido
7898923104478;0.00;real
7898924486016;18.00;real
7898924486023;25.00;real
7898924486047;25.00;real
7898924486085;18.00;real
7898924486139;25.00;real
7898924486146;25.00;real
7898924487020;18.00;real
7898924487044;25.00;real
7898924487051;25.00;real
7898924487068;18.00;real
7898924487075;25.00;real
7898924487082;18.00;real
7898924487099;0.00;monofasico
7898924487150;18.00;real
7898924487167;18.00;real
7898924487174;18.00;real
7898924487181;18.00;real
7898924487204;25.00;real
7898924487235;25.00;real
7898924487242;25.00;real
7898924602904;25.00;monofasico
7898924603819;18.00;monofasico
7898924603826;25.00;monofasico
7898924603949;18.00;monofasico
7898924603956;25.00;monofasico
7898924603963;25.00;monofasico
7898924887165;12.00;presumido
7898926854523;18.00;monofasico
7898927114077;25.00;monofasico
7898927114459;18.00;presumido
7898927114527;25.00;monofasico
7898927469443;0.00;presumido
7898927469559;0.00;presumido
7898927469771;0.00;presumido
7898927471606;0.00;presumido
7898927472009;0.00;presumido
7898927472818;25.00;monofasico
7898927473136;18.00;real
7898927473181;0.00;presumido
7898928488566;0.00;monofasico
7898928577536;18.00;real
7898929261885;0.00;monofasico
7898929293985;0.00;monofasico
7898929813008;0.00;presumido
7898929813145;0.00;presumido
7898930142654;0.00;monofasico
7898930508016;25.00;monofasico
7898930508023;25.00;monofasico
7898930508085;18.00;presumido
7898930508122;25.00;monofasico
7898930508139;25.00;monofasico
7898930508153;25.00;monofasico
7898930508160;25.00;monofasico
7898930508214;25.00;monofasico
7898930508344;25.00;monofasico
7898930508351;25.00;monofasico
7898930508375;18.00;presumido
7898930508573;25.00;monofasico
7898930508580;25.00;monofasico
7898930508597;18.00;presumido
7898930508610;18.00;monofasico
7898930508665;18.00;presumido
7898930508689;18.00;presumido
7898930508696;18.00;presumido
7898930508702;18.00;presumido
7898930508757;18.00;presumido
7898930508955;25.00;monofasico
7898930509303;0.00;presumido
7898930509365;18.00;monofasico
7898930509396;18.00;monofasico
7898930509532;25.00;monofasico
7898930509549;25.00;monofasico
7898930509648;25.00;monofasico
7898930509662;18.00;presumido
7898930509709;25.00;monofasico
7898930509723;25.00;monofasico
7898930509754;0.00;presumido
7898930509761;18.00;monofasico
7898930509778;18.00;monofasico
7898930509785;18.00;monofasico
7898930509792;25.00;monofasico
7898930518879;0.00;monofasico
7898930770062;4.00;monofasico
7898930770291;4.00;real
7898931019252;0.00;real
7898931019269;18.00;real
7898931242162;0.00;monofasico
7898934519186;0.00;real
7898934861209;4.00;presumido
7898934861230;4.00;presumido
7898934861247;4.00;presumido
7898934861810;4.00;presumido
7898934861865;4.00;presumido
7898934861872;4.00;presumido
7898934861889;4.00;presumido
7898934861896;4.00;presumido
7898934861902;4.00;presumido
7898934861919;4.00;presumido
7898935352003;25.00;monofasico
7898935352010;0.00;monofasico
7898935352126;25.00;monofasico
7898935352164;0.00;monofasico
7898935352249;0.00;monofasico
7898935352829;0.00;monofasico
7898935352843;25.00;monofasico
7898935352850;0.00;monofasico
7898935352867;0.00;monofasico
7898935352874;0.00;monofasico
7898935352881;25.00;monofasico
7898935352898;25.00;monofasico
7898935352904;25.00;monofasico
7898935352911;0.00;monofasico
7898935352928;25.00;monofasico
7898935352935;25.00;monofasico
7898935352942;0.00;monofasico
7898935352959;25.00;monofasico
7898935352966;25.00;monofasico
7898935352973;0.00;monofasico
7898935352980;25.00;monofasico
7898935352997;25.00;monofasico
7898936737151;25.00;monofasico
7898936737175;25.00;monofasico
7898936737250;25.00;monofasico
7898936737267;25.00;monofasico
7898936737465;25.00;monofasico
7898936737472;25.00;monofasico
7898936737489;25.00;monofasico
7898936737496;25.00;monofasico
7898936737502;25.00;monofasico
7898936737526;25.00;monofasico
7898936737533;25.00;monofasico
7898936737564;25.00;monofasico
7898936737663;25.00;monofasico
7898936737793;25.00;monofasico
7898936737878;25.00;monofasico
7898936737960;25.00;monofasico
7898936737977;25.00;monofasico
7898936769398;12.00;monofasico
7898936769473;12.00;monofasico
7898936769626;12.00;monofasico
7898936769947;12.00;monofasico
7898936770110;12.00;monofasico
7898936770820;12.00;monofasico
7898936770837;12.00;monofasico
7898936770875;12.00;monofasico
7898936770929;12.00;monofasico
7898936770943;12.00;monofasico
7898936770967;12.00;monofasico
7898936770981;12.00;monofasico
7898936771360;12.00;monofasico
7898936771513;12.00;monofasico
7898936771575;12.00;monofasico
7898936771681;12.00;monofasico
7898937469389;25.00;presumido
7898937469396;25.00;presumido
7898937469402;25.00;presumido
7898937469419;25.00;presumido
7898937469426;25.00;presumido
7898937469433;25.00;presumido
7898937469440;25.00;presumido
7898938422017;18.00;presumido
7898938592512;25.00;monofasico
7898938592529;0.00;monofasico
7898938890007;0.00;monofasico
7898938890052;0.00;real
7898938890076;0.00;monofasico
7898938890083;0.00;real
7898938890113;0.00;monofasico
7898938890137;0.00;real
7898939082548;12.00;monofasico
7898939082555;12.00;monofasico
7898939082562;12.00;monofasico
7898939082579;12.00;monofasico
7898939082586;12.00;monofasico
7898939082593;25.00;monofasico
7898939082609;12.00;monofasico
7898939082616;25.00;monofasico
7898939082654;12.00;monofasico
7898939082951;25.00;monofasico
7898939098037;18.00;presumido
7898939098044;18.00;presumido
7898939098051;0.00;monofasico
7898939098068;18.00;presumido
7898939098747;18.00;presumido
7898939101140;18.00;monofasico
7898939101157;25.00;monofasico
7898939101645;0.00;monofasico
7898939101652;25.00;monofasico
7898939101669;25.00;monofasico
7898939101676;25.00;monofasico
7898939101683;25.00;monofasico
7898939101690;25.00;monofasico
7898939101706;25.00;monofasico
7898939101911;25.00;monofasico
7898939101928;25.00;monofasico
7898939113204;12.00;real
7898939113846;12.00;real
7898939113853;12.00;real
7898939113860;12.00;real
7898939113891;12.00;real
7898939183726;0.00;monofasico
7898939740394;18.00;real
7898939740493;0.00;real
7898939740554;0.00;real
7898940400157;18.00;real
7898940881338;0.00;monofasico
7898942213052;25.00;monofasico
7898942316043;0.00;real
7898943477002;12.00;monofasico
7898943477088;12.00;monofasico
7898943477095;12.00;monofasico
7898943477194;12.00;monofasico
7898943477200;12.00;monofasico
7898943477217;12.00;monofasico
7898943477224;12.00;monofasico
7898943477255;12.00;monofasico
7898943477262;12.00;monofasico
7898943477279;12.00;monofasico
7898943477286;12.00;monofasico
7898943477293;12.00;monofasico
7898943477309;12.00;monofasico
7898943477316;12.00;monofasico
7898943477361;12.00;monofasico
7898943477378;12.00;monofasico
7898943477385;12.00;monofasico
7898943477422;0.00;monofasico
7898943477439;0.00;monofasico
7898943477453;12.00;monofasico
7898943477521;0.00;monofasico
7898943477606;12.00;monofasico
7898943477613;12.00;monofasico
7898943477620;12.00;monofasico
7898943477637;12.00;monofasico
7898943477644;12.00;monofasico
7898943477651;12.00;monofasico
7898943477668;12.00;monofasico
7898943477682;12.00;monofasico
7898943477699;12.00;monofasico
7898943477705;12.00;monofasico
7898943477712;12.00;monofasico
7898943477729;12.00;monofasico
7898943477736;12.00;monofasico
7898943477743;12.00;monofasico
7898943477750;12.00;monofasico
7898943477767;12.00;monofasico
7898943477774;12.00;monofasico
7898943477828;12.00;monofasico
7898943477842;12.00;monofasico
7898943477941;12.00;monofasico
7898943477958;12.00;monofasico
7898943477965;12.00;monofasico
7898943477972;12.00;monofasico
7898943477989;12.00;monofasico
7898943477996;12.00;monofasico
7898943854162;0.00;monofasico
7898943854360;18.00;monofasico
7898943855466;0.00;monofasico
7898943855503;18.00;monofasico
7898944050020;0.00;monofasico
7898944073012;25.00;monofasico
7898944073036;25.00;monofasico
7898944073166;18.00;monofasico
7898944073173;18.00;monofasico
7898944073180;25.00;monofasico
7898944073197;25.00;monofasico
7898944073210;25.00;monofasico
7898944073241;18.00;monofasico
7898944073258;18.00;monofasico
7898944073265;25.00;monofasico
7898944073272;25.00;monofasico
7898944073296;25.00;monofasico
7898944073395;18.00;monofasico
7898944073401;18.00;monofasico
7898944073418;25.00;monofasico
7898944073494;25.00;monofasico
7898944073517;25.00;monofasico
7898944073579;18.00;monofasico
7898944073586;25.00;monofasico
7898944073593;18.00;monofasico
7898944073609;25.00;monofasico
7898944073616;18.00;monofasico
7898944073623;25.00;monofasico
7898944073951;18.00;monofasico
7898944073968;25.00;monofasico
7898944073975;18.00;monofasico
7898944073982;25.00;monofasico
7898944073999;18.00;monofasico
7898944074477;18.00;monofasico
7898944074484;25.00;monofasico
7898944075238;18.00;monofasico
7898944075245;18.00;monofasico
7898944075252;25.00;monofasico
7898944075269;25.00;monofasico
7898944075276;25.00;monofasico
7898944265523;12.00;monofasico
7898944265592;12.00;monofasico
7898944660182;0.00;monofasico
7898944660434;0.00;monofasico
7898944660441;0.00;monofasico
7898944660540;0.00;monofasico
7898944660663;0.00;monofasico
7898944660670;0.00;monofasico
7898944660687;0.00;monofasico
7898944660700;0.00;monofasico
7898944660847;0.00;monofasico
7898944661387;0.00;monofasico
7898944661394;0.00;monofasico
7898944661462;0.00;monofasico
7898944661608;0.00;monofasico
7898944661967;0.00;monofasico
7898946058277;0.00;monofasico
7898946058833;25.00;monofasico
7898946058871;18.00;monofasico
7898946252033;25.00;monofasico
7898946252057;25.00;monofasico
7898946252064;25.00;monofasico
7898946252071;25.00;monofasico
7898946252088;25.00;monofasico
7898946252132;25.00;monofasico
7898946252156;25.00;monofasico
7898946252187;25.00;monofasico
7898946252194;25.00;monofasico
7898946252224;25.00;monofasico
7898946252255;25.00;monofasico
7898946252279;25.00;monofasico
7898946252309;25.00;monofasico
7898946252316;25.00;monofasico
7898946252323;0.00;monofasico
7898946252347;25.00;monofasico
7898946252354;25.00;monofasico
7898946252378;25.00;monofasico
7898946252392;25.00;monofasico
7898946252613;25.00;monofasico
7898946252668;25.00;monofasico
7898946252729;0.00;monofasico
7898946252743;25.00;monofasico
7898946252774;25.00;monofasico
7898946252798;25.00;monofasico
7898946252804;0.00;monofasico
7898946252811;25.00;monofasico
7898946252828;25.00;monofasico
7898946252835;25.00;monofasico
7898946252842;0.00;monofasico
7898946252989;25.00;monofasico
7898946252996;25.00;monofasico
7898946253061;0.00;monofasico
7898946253139;25.00;monofasico
7898946253177;0.00;monofasico
7898946253184;0.00;monofasico
7898946253207;25.00;monofasico
7898946253252;25.00;monofasico
7898946253269;25.00;monofasico
7898946253320;25.00;monofasico
7898946253375;0.00;monofasico
7898946253399;25.00;monofasico
7898946253429;0.00;monofasico
7898946253450;25.00;monofasico
7898946253559;25.00;monofasico
7898946253610;25.00;monofasico
7898946253689;25.00;monofasico
7898946253740;25.00;monofasico
7898947017129;0.00;monofasico
7898947144030;18.00;real
7898947144047;18.00;real
7898947144054;18.00;real
7898947144153;0.00;monofasico
7898947144788;0.00;monofasico
7898947144795;0.00;monofasico
7898947389950;0.00;monofasico
7898947801100;25.00;monofasico
7898947801124;18.00;monofasico
7898947801131;25.00;monofasico
7898947801247;18.00;monofasico
7898947801254;25.00;monofasico
7898947801414;25.00;monofasico
7898947801438;25.00;monofasico
7898947801445;25.00;monofasico
7898947801735;25.00;monofasico
7898947801742;25.00;monofasico
7898947801841;25.00;monofasico
7898947801902;18.00;monofasico
7898947801964;25.00;monofasico
7898947802336;25.00;monofasico
7898947802343;25.00;monofasico
7898947802350;25.00;monofasico
7898947802367;25.00;monofasico
7898947802374;25.00;monofasico
7898947802381;25.00;monofasico
7898947802398;25.00;monofasico
7898947802404;25.00;monofasico
7898947802428;25.00;monofasico
7898947802442;25.00;monofasico
7898947802459;25.00;monofasico
7898947802466;25.00;monofasico
7898947802473;25.00;monofasico
7898947802480;25.00;monofasico
7898947802497;25.00;monofasico
7898947802534;25.00;monofasico
7898947802541;25.00;monofasico
7898947802565;25.00;monofasico
7898947802572;25.00;monofasico
7898947802589;25.00;monofasico
7898947802596;25.00;monofasico
7898947802602;25.00;monofasico
7898947802619;25.00;monofasico
7898947802664;25.00;monofasico
7898947802671;25.00;monofasico
7898947802732;18.00;monofasico
7898947802794;25.00;monofasico
7898947802800;25.00;monofasico
7898947870755;18.00;real
7898947942308;18.00;monofasico
7898947942315;25.00;monofasico
7898947942551;25.00;monofasico
7898947942582;25.00;monofasico
7898947942605;18.00;monofasico
7898947942766;25.00;monofasico
7898947942780;18.00;monofasico
7898947942902;25.00;monofasico
7898947943046;18.00;monofasico
7898947943053;25.00;monofasico
7898947943176;0.00;monofasico
7898947943183;0.00;monofasico
7898947943206;0.00;monofasico
7898947943718;25.00;monofasico
7898947943756;0.00;monofasico
7898947943770;25.00;monofasico
7898947943794;0.00;monofasico
7898947943800;0.00;monofasico
7898947943817;25.00;monofasico
7898947943824;0.00;monofasico
7898947943831;25.00;real
7898947943855;25.00;monofasico
7898947943862;25.00;monofasico
7898947959054;0.00;monofasico
7898947959108;0.00;monofasico
7898947959191;0.00;monofasico
7898947959207;0.00;monofasico
7898947959757;25.00;monofasico
7898947959849;25.00;monofasico
7898947959924;0.00;monofasico
7898948665329;0.00;monofasico
7898949409519;18.00;monofasico
7898949409533;18.00;monofasico
7898949409540;18.00;monofasico
7898949409557;18.00;monofasico
7898949409564;18.00;monofasico
7898949409625;25.00;monofasico
7898949409632;25.00;monofasico
7898949409717;18.00;monofasico
7898949409724;18.00;monofasico
7898949409731;18.00;monofasico
7898949409748;18.00;monofasico
7898949409762;25.00;monofasico
7898949409847;25.00;monofasico
7898949409915;25.00;monofasico
7898949409922;18.00;monofasico
7898949409939;25.00;monofasico
7898950172358;0.00;monofasico
7898951285040;18.00;presumido
7898951285095;18.00;presumido
7898951285101;18.00;real
7898951285248;18.00;real
7898951285354;18.00;presumido
7898951285613;18.00;real
7898951285903;18.00;real
7898951285927;18.00;real
7898951850118;0.00;monofasico
7898952149112;0.00;monofasico
7898952516037;12.00;presumido
7898952516044;12.00;presumido
7898952516075;25.00;monofasico
7898952577021;12.00;monofasico
7898952577083;0.00;monofasico
7898952577090;12.00;monofasico
7898952577212;12.00;monofasico
7898952577236;12.00;monofasico
7898952577250;12.00;monofasico
7898952577380;12.00;monofasico
7898952577465;12.00;monofasico
7898952577472;25.00;monofasico
7898952577489;12.00;monofasico
7898952577540;0.00;monofasico
7898952577557;25.00;monofasico
7898952577564;12.00;monofasico
7898952577571;12.00;monofasico
7898952577588;12.00;monofasico
7898952577687;12.00;monofasico
7898952577694;12.00;monofasico
7898952577700;12.00;monofasico
7898952577717;12.00;monofasico
7898952577885;12.00;monofasico
7898952577892;12.00;monofasico
7898952577908;12.00;monofasico
7898952727990;18.00;real
7898952774017;18.00;presumido
7898953148169;0.00;monofasico
7898953148220;0.00;monofasico
7898953819328;0.00;monofasico
7898954042626;4.00;real
7898954042633;4.00;real
7898954042640;4.00;real
7898954165790;0.00;monofasico
7898955134092;25.00;monofasico
7898955134108;0.00;monofasico
7898955134115;0.00;monofasico
7898955134139;0.00;monofasico
7898955134184;25.00;monofasico
7898955134207;18.00;monofasico
7898955134238;0.00;monofasico
7898955134245;18.00;monofasico
7898955134252;0.00;monofasico
7898955134269;0.00;monofasico
7898955134306;0.00;monofasico
7898955134771;0.00;monofasico
7898955638163;25.00;monofasico
7898955638217;18.00;real
7898955638859;25.00;monofasico
7898955638996;25.00;monofasico
7898956377108;25.00;monofasico
7898958542733;25.00;monofasico
7898958542832;25.00;monofasico
7898958542849;25.00;monofasico
7898958681012;25.00;monofasico
7898958681029;25.00;monofasico
7898958681043;25.00;monofasico
7898958681050;25.00;monofasico
7898958681128;25.00;monofasico
7898958681135;25.00;monofasico
7898958681234;25.00;monofasico
7898958681241;25.00;monofasico
7898958681258;25.00;monofasico
7898958681319;25.00;monofasico
7898958681432;25.00;monofasico
7898958681463;25.00;monofasico
7898958681722;0.00;monofasico
7898958681821;0.00;monofasico
7898958681883;0.00;monofasico
7898959654015;0.00;monofasico
7898959654022;0.00;monofasico
7898959654046;0.00;monofasico
7898959654053;0.00;monofasico
7898959654060;0.00;monofasico
7898959654114;0.00;monofasico
7898959654305;0.00;monofasico
7898961069166;0.00;monofasico
7898961069173;0.00;monofasico
7898961069180;0.00;monofasico
7898961069425;0.00;monofasico
7898961069432;0.00;monofasico
7898961069685;0.00;monofasico
7898961069708;0.00;monofasico
7898961069715;0.00;monofasico
7898961258256;18.00;monofasico
7898961258324;12.00;monofasico
7898961258447;18.00;monofasico
7898961258454;0.00;presumido
7898961258461;0.00;presumido
7898961258539;12.00;monofasico
7898961258638;18.00;monofasico
7898961258942;12.00;monofasico
7898961258959;12.00;monofasico
7898961952307;0.00;monofasico
7898961952314;0.00;monofasico
7898961952321;0.00;monofasico
7898961952338;0.00;monofasico
7898961952345;0.00;monofasico
7898961952352;0.00;monofasico
7898961952369;0.00;monofasico
7898961952376;0.00;monofasico
7898961952383;0.00;monofasico
7898961952390;18.00;monofasico
7898961952406;0.00;monofasico
7898961952413;0.00;monofasico
7898961952451;18.00;monofasico
7898961952468;0.00;monofasico
7898961952475;0.00;monofasico
7898961952482;18.00;monofasico
7898961952499;25.00;monofasico
7898961952505;0.00;monofasico
7898961952512;0.00;monofasico
7898961952529;0.00;monofasico
7898961952536;0.00;monofasico
7898961952543;18.00;monofasico
7898961952550;0.00;monofasico
7898961952567;0.00;monofasico
7898961952574;18.00;monofasico
7898961952581;0.00;monofasico
7898961952611;0.00;monofasico
7898961952628;0.00;monofasico
7898961952987;0.00;monofasico
7898961952994;0.00;monofasico
7898962662113;0.00;monofasico
7898962662120;0.00;monofasico
7898962662205;0.00;monofasico
7898962662212;0.00;monofasico
7898962662229;18.00;monofasico
7898962662267;0.00;monofasico
7898962662380;25.00;monofasico
7898962662786;25.00;monofasico
7898962662793;0.00;monofasico
7898962662960;0.00;monofasico
7898962794166;0.00;monofasico
7898962932193;25.00;monofasico
7898962932209;0.00;monofasico
7898962971161;0.00;monofasico
7898962971369;25.00;presumido
7898962971376;25.00;presumido
7898962971468;18.00;real
7898962971475;25.00;presumido
7898962971758;18.00;real
7898962971765;25.00;presumido
7898965137175;0.00;monofasico
7898965137670;25.00;monofasico
7898965429027;18.00;monofasico
7898965429041;25.00;monofasico
7898965429058;25.00;monofasico
7898965429096;25.00;monofasico
7898965429102;25.00;monofasico
7898965429126;25.00;monofasico
7898965429195;25.00;monofasico
7898965429232;25.00;monofasico
7898965429249;25.00;monofasico
7898965429348;25.00;monofasico
7898965429362;0.00;monofasico
7898965429379;0.00;monofasico
7898965429461;25.00;monofasico
7898965429478;25.00;monofasico
7898965429508;25.00;monofasico
7898965429539;18.00;monofasico
7898965429638;0.00;monofasico
7898965429645;18.00;monofasico
7898965429720;25.00;monofasico
7898965429904;18.00;monofasico
7898965463052;18.00;real
7898965535452;25.00;monofasico
7898965535469;25.00;monofasico
7898965535476;25.00;monofasico
7898965535483;25.00;monofasico
7898965535490;25.00;monofasico
7898965535506;25.00;monofasico
7898965535544;25.00;monofasico
7898965535629;25.00;monofasico
7898965535636;0.00;monofasico
7898965535643;18.00;monofasico
7898965559656;3.51;monofasico
7898965559670;0.00;monofasico
7898965559687;3.51;monofasico
7898965559694;3.51;monofasico
7898965559700;3.51;monofasico
7898965559717;3.51;monofasico
7898965559724;0.00;monofasico
7898965559731;3.51;monofasico
7898965559748;3.51;monofasico
7898965559793;3.51;monofasico
7898965559809;3.51;monofasico
7898965559823;3.51;monofasico
7898965559830;3.51;monofasico
7898965559861;0.00;monofasico
7898965559885;0.00;monofasico
7898965559892;3.51;monofasico
7898965559939;0.00;monofasico
7898965559946;3.51;monofasico
7898965559953;3.51;monofasico
7898965559977;3.51;monofasico
7898965559984;0.00;monofasico
7898965559991;3.51;monofasico
7898965666002;12.00;monofasico
7898965666033;18.00;monofasico
7898965666040;12.00;monofasico
7898965666057;12.00;monofasico
7898965666309;12.00;monofasico
7898965666323;12.00;monofasico
7898965666354;18.00;monofasico
7898965666361;12.00;monofasico
7898965666378;18.00;monofasico
7898965666385;12.00;monofasico
7898965666408;18.00;monofasico
7898965666415;0.00;monofasico
7898965666422;18.00;monofasico
7898965666439;18.00;monofasico
7898965666446;12.00;monofasico
7898965666453;0.00;monofasico
7898965666477;0.00;monofasico
7898965666484;12.00;monofasico
7898965666491;12.00;monofasico
7898965666507;0.00;monofasico
7898965666521;18.00;monofasico
7898965666538;12.00;monofasico
7898965666545;18.00;monofasico
7898965666552;12.00;monofasico
7898965666583;12.00;monofasico
7898965666613;12.00;monofasico
7898965666637;12.00;monofasico
7898965666644;18.00;monofasico
7898965666651;12.00;monofasico
7898965666668;0.00;monofasico
7898965666675;0.00;monofasico
7898965666682;12.00;monofasico
7898965666699;0.00;monofasico
7898965666705;0.00;monofasico
7898965666736;12.00;monofasico
7898965666743;12.00;monofasico
7898965666750;18.00;monofasico
7898965666767;0.00;monofasico
7898965666958;12.00;monofasico
7898965666965;12.00;monofasico
7898965666972;12.00;monofasico
7898965666989;12.00;monofasico
7898965666996;12.00;monofasico
7898966475009;0.00;presumido
7898966475023;18.00;presumido
7898966475030;18.00;presumido
7898966475047;18.00;presumido
7898966475054;18.00;presumido
7898966475061;18.00;presumido
7898966475078;18.00;presumido
7898966475085;18.00;presumido
7898966475092;18.00;real
7898966475108;18.00;presumido
7898966475115;18.00;presumido
7898966475122;18.00;presumido
7898966475146;18.00;presumido
7898966475412;0.00;monofasico
7898966475429;0.00;monofasico
7898966475436;0.00;monofasico
7898966475443;0.00;monofasico
7898966475450;0.00;monofasico
7898966475467;0.00;monofasico
7898966937040;0.00;monofasico
7898966937064;0.00;monofasico
7898966937101;25.00;real
7898966937187;0.00;monofasico
7898966937194;0.00;monofasico
7898966937217;0.00;monofasico
7898966937224;0.00;monofasico
7898966937255;0.00;monofasico
7898966937262;0.00;monofasico
7898966937286;0.00;monofasico
7898966937514;0.00;monofasico
7898966937521;0.00;monofasico
7898966937736;0.00;monofasico
7898966937835;0.00;monofasico
7898967535092;18.00;monofasico
7898967535108;18.00;monofasico
7898967535115;18.00;monofasico
7898967535184;18.00;monofasico
7898967535191;18.00;monofasico
7898967535207;18.00;monofasico
7898967535214;18.00;monofasico
7898967535221;18.00;monofasico
7898967535245;18.00;monofasico
7898967535344;18.00;monofasico
7898967535351;18.00;monofasico
7898967535368;18.00;monofasico
7898967535375;18.00;monofasico
7898967535382;18.00;monofasico
7898967535405;18.00;monofasico
7898967535412;18.00;monofasico
7898967535436;18.00;monofasico
7898967535443;18.00;monofasico
7898967535450;18.00;monofasico
7898967535467;18.00;monofasico
7898967535474;18.00;monofasico
7898967535498;0.00;real
7898967535528;0.00;real
7898967535535;18.00;monofasico
7898967535542;18.00;monofasico
7898967535559;0.00;real
7898967535573;0.00;real
7898967535580;0.00;real
7898967535603;0.00;real
7898967535627;0.00;real
7898967535641;0.00;real
7898967535658;0.00;real
7898967535665;0.00;real
7898967535672;0.00;real
7898967535689;0.00;real
7898967535696;0.00;real
7898967535702;0.00;real
7898967535719;0.00;real
7898967535726;0.00;real
7898967642004;25.00;monofasico
7898967642257;25.00;monofasico
7898967642264;25.00;monofasico
7898968070202;25.00;monofasico
7898968070318;12.00;monofasico
7898968070356;12.00;monofasico
7898968070363;12.00;monofasico
7898968224612;25.00;presumido
7898968224629;25.00;presumido
7898968224643;18.00;presumido
7898969501002;25.00;monofasico
7898969501019;25.00;monofasico
7898969501026;25.00;monofasico
7898969501071;25.00;monofasico
7898969501088;25.00;monofasico
7898969501125;25.00;monofasico
7898969501132;25.00;monofasico
7898969501149;0.00;monofasico
7898969501156;25.00;monofasico
7898969501163;25.00;monofasico
7898969501170;25.00;monofasico
7898969501194;25.00;monofasico
7898969501200;25.00;monofasico
7898969501217;25.00;monofasico
7898969501224;0.00;monofasico
7898969501231;25.00;monofasico
7898969501248;25.00;monofasico
7898969501255;0.00;monofasico
7898969501262;0.00;monofasico
7898969501279;25.00;monofasico
7898969501286;25.00;monofasico
7898969501293;25.00;monofasico
7898969501309;0.00;monofasico
7898969501316;0.00;monofasico
7898969501323;25.00;monofasico
7898969501330;25.00;monofasico
7898969501347;25.00;monofasico
7898969501354;25.00;monofasico
7898969501378;0.00;monofasico
7898969501415;25.00;monofasico
7898969501422;0.00;monofasico
7898969501439;25.00;monofasico
7898969501453;25.00;monofasico
7898969501460;25.00;monofasico
7898969501477;25.00;monofasico
7898969501484;25.00;monofasico
7898969501491;25.00;monofasico
7898969501545;25.00;monofasico
7898969501552;25.00;monofasico
7898969501576;0.00;monofasico
7898969501583;25.00;monofasico
7898969501590;25.00;monofasico
7898969501606;25.00;monofasico
7898969501613;25.00;monofasico
7898969501620;0.00;monofasico
7898969501675;25.00;monofasico
7898969501682;25.00;monofasico
7898969501699;0.00;monofasico
7898969501705;25.00;monofasico
7898969501712;18.00;monofasico
7898969501729;18.00;monofasico
7898969501835;25.00;monofasico
7898969501842;25.00;monofasico
7898969501880;25.00;monofasico
7898969501897;25.00;monofasico
7898969501910;0.00;monofasico
7898969501927;25.00;monofasico
7898969501965;25.00;monofasico
7898969501972;0.00;monofasico
7898969507240;25.00;monofasico
7898969507257;25.00;monofasico
7898969507264;18.00;monofasico
7898969539166;0.00;monofasico
7898969539180;0.00;monofasico
7898969539203;0.00;monofasico
7898969539227;0.00;monofasico
7898969539241;0.00;monofasico
7898969539357;0.00;monofasico
7898969539364;0.00;monofasico
7898969539371;0.00;monofasico
7898969539517;0.00;monofasico
7898969539524;0.00;monofasico
7898969539555;0.00;monofasico
7898969539616;0.00;monofasico
7898969539661;0.00;monofasico
7898969539678;0.00;monofasico
7898969539692;0.00;monofasico
7898969940733;18.00;presumido
7898969940740;18.00;real
7898970092018;25.00;monofasico
7898970092025;25.00;monofasico
7898970092032;18.00;monofasico
7898970092049;25.00;monofasico
7898970092056;25.00;monofasico
7898970092063;25.00;monofasico
7898970092124;25.00;monofasico
7898970092131;18.00;monofasico
7898970092148;25.00;monofasico
7898970092162;18.00;monofasico
7898970092254;0.00;monofasico
7898970092278;0.00;monofasico
7898970092544;25.00;monofasico
7898970092902;18.00;monofasico
7898970092919;25.00;monofasico
7898970092926;0.00;monofasico
7898970092933;25.00;monofasico
7898970092940;25.00;monofasico
7898970233008;18.00;monofasico
7898970233015;18.00;monofasico
7898970233053;0.00;monofasico
7898970233091;0.00;monofasico
7898970233831;0.00;monofasico
7898971654079;25.00;monofasico
7898971945009;18.00;real
7898971945184;0.00;monofasico
7898971945337;0.00;monofasico
7898972610067;12.00;real
7898972845155;25.00;monofasico
7898972845278;18.00;monofasico
7898972845285;18.00;monofasico
7898972845469;25.00;real
7898972845483;25.00;real
7898972845506;25.00;real
7898972845513;25.00;real
7898972845520;25.00;monofasico
7898972845568;0.00;monofasico
7898972845575;0.00;monofasico
7898972845582;0.00;monofasico
7898972845605;0.00;monofasico
7898972845629;0.00;monofasico
7898972945091;0.00;real
7898972945336;0.00;real
7898973417009;12.00;monofasico
7898973417016;12.00;monofasico
7898973417023;4.00;monofasico
7898973417030;4.00;monofasico
7898973417047;4.00;monofasico
7898973417054;12.00;monofasico
7898973417061;12.00;monofasico
7898973417078;12.00;monofasico
7898973417115;25.00;monofasico
7898973417122;25.00;monofasico
7898973417795;25.00;monofasico
7898973417801;25.00;monofasico
7898973417825;25.00;monofasico
7898973417832;25.00;monofasico
7898973417849;25.00;monofasico
7898973417856;25.00;monofasico
7898973417863;25.00;monofasico
7898973417870;25.00;monofasico
7898973417887;25.00;monofasico
7898974227003;4.00;presumido
7898975292215;0.00;monofasico
7898976350020;12.00;monofasico
7898976350037;12.00;monofasico
7898976350068;12.00;monofasico
7898976350150;12.00;monofasico
7898976350211;12.00;monofasico
7898976350235;12.00;monofasico
7898978294049;18.00;monofasico
7898994132943;25.00;monofasico
7898994297420;0.00;real
7898994297482;0.00;presumido
7898994328704;25.00;monofasico
7898994328728;0.00;monofasico
7898994328759;18.00;real
7898994532941;18.00;monofasico
7898994532972;18.00;monofasico
7898994532989;25.00;real
7898994690733;18.00;monofasico
7898994690757;0.00;real
7898996323745;0.00;real
7898996323769;0.00;monofasico
7899008035502;4.00;real
7899009028480;0.00;monofasico
7899018481511;0.00;real
7899023418038;4.00;real
7899023424985;4.00;real
7899026400559;25.00;monofasico
7899026400566;25.00;monofasico
7899026400580;25.00;monofasico
7899026400610;25.00;monofasico
7899026400672;25.00;monofasico
7899026400825;25.00;monofasico
7899026400849;0.00;monofasico
7899026400894;0.00;monofasico
7899026400955;0.00;monofasico
7899026401723;25.00;monofasico
7899026401730;25.00;monofasico
7899026401747;25.00;monofasico
7899026401754;25.00;monofasico
7899026401808;25.00;monofasico
7899026404519;25.00;monofasico
7899026407572;25.00;monofasico
7899026408173;25.00;monofasico
7899026408210;25.00;monofasico
7899026408289;0.00;monofasico
7899026408326;25.00;monofasico
7899026408340;25.00;monofasico
7899026408364;0.00;monofasico
7899026410152;25.00;monofasico
7899026410190;0.00;monofasico
7899026413658;25.00;monofasico
7899026413665;25.00;monofasico
7899026414464;25.00;monofasico
7899026414518;25.00;monofasico
7899026414525;25.00;monofasico
7899026414532;25.00;monofasico
7899026414594;0.00;monofasico
7899026414600;0.00;monofasico
7899026414617;0.00;monofasico
7899026415331;0.00;monofasico
7899026415348;25.00;monofasico
7899026415461;0.00;monofasico
7899026417267;25.00;monofasico
7899026417328;0.00;monofasico
7899026417885;18.00;monofasico
7899026419018;25.00;monofasico
7899026420564;18.00;monofasico
7899026420571;25.00;monofasico
7899026420595;25.00;monofasico
7899026421257;25.00;monofasico
7899026421349;0.00;monofasico
7899026422315;25.00;monofasico
7899026422407;25.00;monofasico
7899026423312;0.00;monofasico
7899026423329;25.00;monofasico
7899026425897;25.00;monofasico
7899026426269;25.00;monofasico
7899026426337;0.00;monofasico
7899026432468;25.00;monofasico
7899026437326;25.00;monofasico
7899026456020;25.00;monofasico
7899026456051;25.00;monofasico
7899026459649;25.00;monofasico
7899026459748;18.00;monofasico
7899026459908;25.00;monofasico
7899026459960;18.00;monofasico
7899026475014;0.00;monofasico
7899026475052;25.00;monofasico
7899026475250;25.00;monofasico
7899026478909;25.00;monofasico
7899036395845;0.00;monofasico
7899052500209;0.00;monofasico
7899052500605;0.00;monofasico
7899052500629;0.00;monofasico
7899052500742;0.00;monofasico
7899052507406;0.00;monofasico
7899081726793;12.00;real
7899083116325;25.00;monofasico
7899083116349;25.00;monofasico
7899083116356;25.00;monofasico
7899083116363;25.00;monofasico
7899083121305;25.00;monofasico
7899083121312;25.00;monofasico
7899083121329;25.00;monofasico
7899083121336;25.00;monofasico
7899083121398;0.00;monofasico
7899083121763;25.00;monofasico
7899083121770;25.00;monofasico
7899083121787;25.00;monofasico
7899083121794;25.00;monofasico
7899083126225;25.00;monofasico
7899083126249;25.00;monofasico
7899083126461;25.00;monofasico
7899083126478;25.00;monofasico
7899083126485;25.00;monofasico
7899083126492;25.00;monofasico
7899083126508;25.00;monofasico
7899083127116;0.00;monofasico
7899083127123;0.00;monofasico
7899083127130;0.00;monofasico
7899083127413;0.00;monofasico
7899083128199;0.00;monofasico
7899083128403;25.00;monofasico
7899083128823;25.00;monofasico
7899083128830;0.00;monofasico
7899083128847;0.00;monofasico
7899083128854;25.00;monofasico
7899083128861;25.00;monofasico
7899083128915;25.00;monofasico
7899083128922;25.00;monofasico
7899083129035;25.00;monofasico
7899083129059;25.00;monofasico
7899083129073;18.00;presumido
7899083129080;18.00;presumido
7899083129097;18.00;presumido
7899083129165;25.00;monofasico
7899083129240;25.00;monofasico
7899085146252;0.00;real
7899085152178;18.00;monofasico
7899085152185;18.00;monofasico
7899085152208;18.00;monofasico
7899085152215;18.00;monofasico
7899085152222;18.00;monofasico
7899085152291;18.00;monofasico
7899085152314;0.00;monofasico
7899085152321;25.00;monofasico
7899085152345;25.00;monofasico
7899085152406;25.00;monofasico
7899085152413;25.00;monofasico
7899085152420;25.00;monofasico
7899085152468;0.00;monofasico
7899085357900;18.00;monofasico
7899146653712;18.00;real
7899146653729;18.00;real
7899146659561;18.00;real
7899205959373;0.00;monofasico
7899233243567;18.00;real
7899233243987;18.00;real
7899233282986;4.00;real
7899244279173;18.00;real
7899264353112;0.00;real
7899269518677;0.00;monofasico
7899269588922;0.00;monofasico
7899269588939;0.00;monofasico
7899298615620;18.00;real
7899298635857;18.00;real
7899308742582;0.00;presumido
7899308750624;0.00;presumido
7899308789952;0.00;presumido
7899317046008;0.00;monofasico
7899345649455;18.00;real
7899345649653;18.00;real
7899345649677;18.00;real
7899345650314;4.00;real
7899345676536;4.00;real
7899349172829;0.00;real
7899349181685;0.00;real
7899360211040;0.00;monofasico
7899360224330;0.00;monofasico
7899360228635;25.00;monofasico
7899360229076;0.00;monofasico
7899360230904;25.00;monofasico
7899360231802;0.00;monofasico
7899360231819;0.00;monofasico
7899360233547;0.00;monofasico
7899360234193;0.00;monofasico
7899360234810;18.00;monofasico
7899360234827;0.00;monofasico
7899360234858;0.00;monofasico
7899360236173;25.00;monofasico
7899360236661;0.00;monofasico
7899360237002;25.00;monofasico
7899360238092;0.00;monofasico
7899360238580;0.00;monofasico
7899360238641;0.00;monofasico
7899360238849;0.00;monofasico
7899360238948;0.00;monofasico
7899360238962;25.00;monofasico
7899360238986;25.00;monofasico
7899360239044;25.00;monofasico
7899360239068;0.00;monofasico
7899360239129;0.00;monofasico
7899360239495;25.00;monofasico
7899360239501;0.00;monofasico
7899360239518;25.00;monofasico
7899360241061;25.00;monofasico
7899360241078;25.00;monofasico
7899360241634;25.00;monofasico
7899360241641;25.00;monofasico
7899360242334;0.00;monofasico
7899360242426;25.00;monofasico
7899360242648;0.00;monofasico
7899360242761;0.00;monofasico
7899360242839;0.00;monofasico
7899360242846;25.00;monofasico
7899360242945;0.00;monofasico
7899360242990;0.00;monofasico
7899360243072;0.00;monofasico
7899360243133;25.00;monofasico
7899360243324;0.00;monofasico
7899360243348;25.00;monofasico
7899360243355;25.00;monofasico
7899360243430;0.00;monofasico
7899360243447;0.00;monofasico
7899360243737;0.00;monofasico
7899360243751;25.00;monofasico
7899360243775;0.00;monofasico
7899360243997;25.00;monofasico
7899360244185;0.00;monofasico
7899360244192;0.00;monofasico
7899360244208;0.00;monofasico
7899360244253;25.00;monofasico
7899360244291;25.00;monofasico
7899360244321;0.00;monofasico
7899360244406;0.00;monofasico
7899360244437;0.00;monofasico
7899360244468;0.00;monofasico
7899360244482;0.00;monofasico
7899360244512;0.00;monofasico
7899360244574;0.00;monofasico
7899360244680;0.00;monofasico
7899360244734;0.00;monofasico
7899360244765;25.00;monofasico
7899360244857;0.00;monofasico
7899360244970;0.00;monofasico
7899360245007;0.00;monofasico
7899360245021;25.00;monofasico
7899360245106;25.00;monofasico
7899360245113;25.00;monofasico
7899360245151;0.00;monofasico
7899360245168;0.00;monofasico
7899360245250;25.00;monofasico
7899360245700;0.00;monofasico
7899360245748;0.00;monofasico
7899360245786;0.00;monofasico
7899360245809;25.00;monofasico
7899360245878;0.00;monofasico
7899360246035;0.00;monofasico
7899360246127;25.00;monofasico
7899360246417;0.00;monofasico
7899360246622;18.00;monofasico
7899360246967;18.00;monofasico
7899360247186;25.00;monofasico
7899360247353;25.00;monofasico
7899360247438;0.00;monofasico
7899360247445;0.00;monofasico
7899360247476;25.00;monofasico
7899360247599;25.00;monofasico
7899360247667;0.00;monofasico
7899360247742;25.00;monofasico
7899360247780;0.00;monofasico
7899360247803;25.00;monofasico
7899360247858;25.00;monofasico
7899360248008;25.00;monofasico
7899360248022;25.00;monofasico
7899360248046;0.00;monofasico
7899360248077;25.00;monofasico
7899360248169;25.00;monofasico
7899360248404;0.00;presumido
7899360248756;0.00;monofasico
7899360249142;0.00;monofasico
7899360249166;0.00;monofasico
7899360249197;0.00;monofasico
7899360249227;0.00;monofasico
7899360249326;25.00;monofasico
7899360249647;25.00;monofasico
7899360249685;25.00;monofasico
7899360249715;25.00;monofasico
7899360249845;0.00;monofasico
7899360249876;0.00;monofasico
7899360250117;0.00;monofasico
7899360250186;25.00;monofasico
7899360250216;0.00;monofasico
7899360250247;0.00;monofasico
7899360250391;0.00;monofasico
7899360250438;25.00;monofasico
7899360250742;0.00;monofasico
7899360251022;0.00;monofasico
7899360251046;25.00;monofasico
7899360251190;25.00;monofasico
7899360251282;25.00;monofasico
7899360251589;25.00;monofasico
7899360251626;25.00;monofasico
7899360251718;25.00;monofasico
7899360251817;25.00;monofasico
7899360251831;0.00;monofasico
7899360251909;25.00;monofasico
7899360251947;0.00;monofasico
7899360252203;25.00;real
7899360252326;0.00;monofasico
7899360252470;25.00;monofasico
7899360252975;25.00;real
7899360253255;0.00;monofasico
7899360260789;18.00;monofasico
7899360263599;0.00;monofasico
7899360263674;0.00;monofasico
7899360263933;25.00;monofasico
7899360263971;25.00;monofasico
7899360264206;0.00;monofasico
7899360264329;0.00;monofasico
7899360264350;0.00;monofasico
7899360264411;0.00;monofasico
7899360264466;0.00;monofasico
7899360264510;0.00;monofasico
7899360264534;0.00;monofasico
7899360265500;18.00;monofasico
7899360265968;18.00;monofasico
7899360266965;25.00;real
7899360266989;25.00;real
7899360267467;25.00;monofasico
7899360267471;18.00;monofasico
7899360267481;25.00;monofasico
7899360268013;25.00;monofasico
7899360268044;0.00;monofasico
7899360268112;0.00;monofasico
7899360268143;0.00;monofasico
7899360268488;25.00;monofasico
7899360270016;25.00;monofasico
7899360270092;25.00;monofasico
7899360270108;18.00;monofasico
7899360270115;25.00;monofasico
7899360270122;18.00;monofasico
7899360270139;25.00;monofasico
7899360270146;25.00;monofasico
7899360270153;25.00;monofasico
7899360270184;25.00;monofasico
7899360270788;25.00;monofasico
7899360280688;0.00;monofasico
7899363187427;18.00;real
7899363187434;18.00;real
7899400508024;4.00;real
7899400528435;18.00;real
7899400528459;18.00;real
7899400528497;18.00;real
7899400528510;18.00;real
7899400532821;18.00;real
7899400532869;18.00;real
7899400532920;18.00;real
7899443139551;0.00;monofasico
7899449494616;18.00;real
7899449498331;18.00;real
7899452023469;18.00;real
7899452051486;18.00;real
7899459300839;25.00;monofasico
7899459301607;0.00;monofasico
7899459310197;0.00;presumido
7899459312597;25.00;monofasico
7899459312603;18.00;monofasico
7899459312610;25.00;monofasico
7899464800485;0.00;monofasico
7899464801727;0.00;monofasico
7899464804780;18.00;presumido
7899464804834;18.00;presumido
7899464805633;18.00;presumido
7899464807781;0.00;monofasico
7899464810675;18.00;real
7899464810743;18.00;presumido
7899464810859;0.00;real
7899464811740;18.00;real
7899464814505;18.00;real
7899464814611;18.00;real
7899464814758;18.00;presumido
7899464814765;18.00;presumido
7899464814772;18.00;presumido
7899464814789;18.00;presumido
7899464815090;18.00;real
7899464815243;0.00;presumido
7899464815311;0.00;presumido
7899464815366;0.00;real
7899464815595;25.00;monofasico
7899464815748;18.00;presumido
7899464816110;18.00;real
7899464816127;18.00;real
7899464816196;18.00;presumido
7899464816219;18.00;presumido
7899464816875;18.00;real
7899464816998;18.00;presumido
7899464817735;0.00;real
7899464819548;18.00;real
7899464819777;25.00;real
7899464820094;0.00;monofasico
7899464820131;0.00;monofasico
7899464830192;18.00;real
7899471685112;0.00;monofasico
7899498703028;0.00;monofasico
7899513258748;0.00;real
7899514303072;0.00;real
7899521300101;0.00;real
7899523212204;12.00;real
7899525654149;18.00;real
7899525654156;18.00;real
7899525658024;18.00;real
7899525661413;18.00;real
7899525672297;18.00;monofasico
7899525672747;18.00;real
7899525672846;18.00;real
7899525674727;18.00;real
7899525674734;18.00;real
7899525674970;0.00;monofasico
7899525675656;18.00;monofasico
7899525677599;18.00;real
7899525689820;18.00;real
7899525689837;18.00;real
7899525696798;18.00;real
7899525696842;18.00;real
7899549202562;18.00;real
7899561533927;0.00;real
7899572802272;12.00;monofasico
7899572802289;12.00;monofasico
7899572802296;12.00;monofasico
7899572803095;12.00;monofasico
7899572803200;12.00;monofasico
7899572805358;12.00;monofasico
7899572805365;12.00;monofasico
7899572805808;12.00;monofasico
7899572805815;12.00;monofasico
7899572806485;0.00;monofasico
7899572806546;12.00;monofasico
7899572806621;12.00;monofasico
7899572806751;12.00;monofasico
7899572806768;12.00;monofasico
7899572806775;12.00;monofasico
7899572806874;12.00;monofasico
7899572808687;12.00;monofasico
7899572808694;12.00;monofasico
7899572808700;12.00;monofasico
7899572809844;12.00;monofasico
7899572810000;12.00;monofasico
7899572810185;12.00;real
7899572810192;12.00;real
7899572810208;25.00;monofasico
7899572810383;12.00;real
7899572810567;12.00;monofasico
7899572811724;12.00;monofasico
7899572811731;12.00;monofasico
7899572811748;25.00;monofasico
7899572812134;12.00;monofasico
7899572812158;12.00;real
7899572812271;12.00;monofasico
7899572813698;25.00;monofasico
7899572813711;25.00;monofasico
7899572813759;0.00;monofasico
7899572813988;0.00;monofasico
7899572814008;0.00;monofasico
7899572814619;25.00;monofasico
7899572815036;25.00;monofasico
7899572815043;25.00;monofasico
7899572815074;0.00;monofasico
7899572815241;0.00;monofasico
7899572815678;0.00;monofasico
7899572815722;12.00;monofasico
7899572815739;12.00;monofasico
7899572815746;12.00;monofasico
7899572815760;12.00;monofasico
7899572815777;12.00;monofasico
7899572815784;12.00;monofasico
7899572815791;12.00;monofasico
7899572815807;12.00;monofasico
7899572815838;12.00;monofasico
7899572815845;0.00;monofasico
7899572815852;0.00;monofasico
7899572816309;12.00;monofasico
7899572816415;12.00;monofasico
7899572816422;12.00;monofasico
7899572816507;12.00;monofasico
7899572816569;12.00;monofasico
7899572816613;12.00;monofasico
7899572816620;12.00;real
7899572816637;12.00;monofasico
7899572816644;12.00;monofasico
7899572816651;12.00;monofasico
7899572816675;12.00;monofasico
7899572816781;12.00;monofasico
7899583200135;0.00;real
7899583200289;25.00;monofasico
7899583200340;25.00;monofasico
7899583200357;25.00;monofasico
7899583200364;25.00;monofasico
7899583200371;25.00;monofasico
7899583200500;0.00;real
7899583200517;0.00;real
7899583200531;0.00;real
7899583200548;0.00;real
7899583200555;25.00;monofasico
7899583200722;0.00;monofasico
7899583200739;25.00;monofasico
7899583200784;0.00;presumido
7899583200791;0.00;presumido
7899583200876;0.00;presumido
7899583200944;0.00;presumido
7899583200951;0.00;presumido
7899583200975;25.00;monofasico
7899583201002;0.00;monofasico
7899583201019;0.00;presumido
7899583201118;0.00;real
7899583201156;0.00;presumido
7899583201606;18.00;real
7899583201668;0.00;monofasico
7899583201989;25.00;monofasico
7899583202016;0.00;presumido
7899583202085;0.00;presumido
7899583202283;0.00;real
7899583202405;0.00;monofasico
7899583202504;0.00;monofasico
7899583202542;18.00;real
7899583202832;18.00;real
7899583202917;18.00;real
7899583202931;18.00;real
7899583202955;18.00;real
7899583203013;18.00;real
7899583203037;18.00;real
7899583203075;0.00;monofasico
7899583203266;18.00;real
7899583203655;0.00;presumido
7899583203662;25.00;monofasico
7899583203679;18.00;presumido
7899583203686;0.00;presumido
7899583203716;0.00;monofasico
7899583203730;18.00;real
7899583203747;18.00;presumido
7899583203754;18.00;real
7899583203761;18.00;real
7899583203785;18.00;real
7899583203792;18.00;real
7899583203808;18.00;real
7899583203815;18.00;real
7899583203983;0.00;monofasico
7899583204072;0.00;monofasico
7899583204119;18.00;real
7899583204249;25.00;monofasico
7899583204782;18.00;real
7899583204812;18.00;real
7899583204836;18.00;real
7899583204843;18.00;real
7899583204898;25.00;monofasico
7899583205420;25.00;monofasico
7899583205512;0.00;presumido
7899583205567;25.00;monofasico
7899583205741;18.00;presumido
7899583205758;25.00;monofasico
7899583205765;0.00;presumido
7899583205826;25.00;monofasico
7899596506972;25.00;monofasico
7899596526970;25.00;monofasico
7899596533794;25.00;monofasico
7899596534074;25.00;monofasico
7899596537600;25.00;monofasico
7899596538089;25.00;monofasico
7899596538096;25.00;monofasico
7899596538102;25.00;monofasico
7899596538119;25.00;monofasico
7899596538126;25.00;monofasico
7899596538157;25.00;monofasico
7899596538171;25.00;monofasico
7899596538201;25.00;monofasico
7899596538218;25.00;monofasico
7899596538225;25.00;monofasico
7899596538232;25.00;monofasico
7899596538249;25.00;monofasico
7899596538256;25.00;monofasico
7899596538263;25.00;monofasico
7899596538270;25.00;monofasico
7899596538294;25.00;monofasico
7899596538300;25.00;monofasico
7899596538386;25.00;monofasico
7899596538409;25.00;monofasico
7899596538430;25.00;monofasico
7899596538447;25.00;monofasico
7899596538461;25.00;monofasico
7899596538478;25.00;monofasico
7899596538508;25.00;monofasico
7899596538591;25.00;monofasico
7899596538607;25.00;monofasico
7899596538614;25.00;monofasico
7899596538621;25.00;monofasico
7899596538638;25.00;monofasico
7899596538645;25.00;monofasico
7899596538652;25.00;monofasico
7899596538669;25.00;monofasico
7899596538775;25.00;monofasico
7899596538782;25.00;monofasico
7899596538799;25.00;monofasico
7899596538805;25.00;monofasico
7899596538959;0.00;monofasico
7899596538980;25.00;monofasico
7899596538997;25.00;monofasico
7899596539000;25.00;monofasico
7899596539512;25.00;monofasico
7899596539529;25.00;monofasico
7899596539536;25.00;monofasico
7899596539543;25.00;monofasico
7899596539550;25.00;monofasico
7899596539567;25.00;monofasico
7899596539574;25.00;monofasico
7899596539581;25.00;monofasico
7899596539598;25.00;monofasico
7899596539604;25.00;monofasico
7899596539802;0.00;monofasico
7899596539819;25.00;monofasico
7899596539826;0.00;monofasico
7899596539857;25.00;monofasico
7899596539864;25.00;monofasico
7899596539888;25.00;monofasico
7899596539895;25.00;monofasico
7899596539901;25.00;monofasico
7899596539918;25.00;monofasico
7899596539925;25.00;monofasico
7899596539932;25.00;monofasico
7899596540006;25.00;monofasico
7899596540051;0.00;monofasico
7899596540075;25.00;monofasico
7899596540082;25.00;monofasico
7899596540792;25.00;monofasico
7899596540808;25.00;monofasico
7899596540815;25.00;monofasico
7899596540822;25.00;monofasico
7899596540839;25.00;monofasico
7899596540846;25.00;monofasico
7899596541041;25.00;monofasico
7899596541058;0.00;monofasico
7899596541065;25.00;monofasico
7899596541072;25.00;monofasico
7899596541126;25.00;monofasico
7899596541171;25.00;monofasico
7899596541188;25.00;monofasico
7899596541195;25.00;monofasico
7899601710301;18.00;monofasico
7899613353084;18.00;real
7899637214576;18.00;monofasico
7899637214583;0.00;monofasico
7899637214590;0.00;monofasico
7899637214606;18.00;monofasico
7899637228399;0.00;monofasico
7899637228832;0.00;presumido
7899637228924;0.00;monofasico
7899637230378;18.00;presumido
7899637230385;18.00;presumido
7899637230392;18.00;presumido
7899637230774;0.00;monofasico
7899637230781;25.00;monofasico
7899637230798;25.00;monofasico
7899637230804;0.00;monofasico
7899637231474;0.00;monofasico
7899637231481;0.00;monofasico
7899637231498;0.00;monofasico
7899637231504;0.00;monofasico
7899637231986;0.00;monofasico
7899637231993;0.00;monofasico
7899637232006;0.00;monofasico
7899652100076;0.00;monofasico
7899652100106;18.00;monofasico
7899652100144;18.00;real
7899652100212;18.00;real
7899652100243;18.00;real
7899652100250;18.00;presumido
7899652100274;18.00;real
7899652100366;25.00;monofasico
7899652100373;25.00;monofasico
7899652100380;0.00;monofasico
7899652100397;0.00;monofasico
7899652100403;0.00;monofasico
7899652100410;0.00;monofasico
7899652100427;25.00;monofasico
7899652100441;25.00;monofasico
7899652100489;0.00;monofasico
7899652100724;0.00;presumido
7899652101011;25.00;monofasico
7899652101035;0.00;presumido
7899652101066;0.00;real
7899652101080;0.00;presumido
7899652101097;25.00;monofasico
7899652101103;25.00;monofasico
7899652101127;25.00;monofasico
7899652101165;25.00;monofasico
7899652101196;18.00;real
7899652101424;0.00;real
7899652101769;18.00;presumido
7899652101776;0.00;monofasico
7899652101868;25.00;monofasico
7899652101875;25.00;monofasico
7899652101882;25.00;monofasico
7899652101899;25.00;monofasico
7899652102001;18.00;real
7899652102018;18.00;real
7899652102025;18.00;real
7899652102032;18.00;real
7899652102049;18.00;real
7899652102056;18.00;monofasico
7899652102117;18.00;real
7899652102124;18.00;real
7899652102131;18.00;real
7899652102148;18.00;real
7899652102155;25.00;monofasico
7899652102162;25.00;monofasico
7899652102254;25.00;monofasico
7899652102261;25.00;monofasico
7899652102278;18.00;monofasico
7899652102285;0.00;real
7899652102308;18.00;monofasico
7899652102315;25.00;monofasico
7899652102322;18.00;monofasico
7899652102346;0.00;real
7899652102353;0.00;real
7899652102360;25.00;monofasico
7899652102391;25.00;monofasico
7899652102407;18.00;monofasico
7899652102469;0.00;presumido
7899652102476;0.00;presumido
7899652102483;0.00;presumido
7899652102490;0.00;presumido
7899652102506;0.00;presumido
7899652102513;0.00;presumido
7899652102537;0.00;presumido
7899652102544;0.00;presumido
7899652102551;0.00;real
7899652102568;0.00;presumido
7899652102582;0.00;presumido
7899652102599;0.00;real
7899652102605;0.00;real
7899652102612;0.00;real
7899652102629;0.00;real
7899652102636;0.00;real
7899652102643;0.00;real
7899652102650;0.00;real
7899652102667;0.00;real
7899652102674;0.00;real
7899652102681;0.00;real
7899652102698;25.00;monofasico
7899652102704;25.00;monofasico
7899661756899;0.00;monofasico
7899664909162;18.00;real
7899664909179;18.00;real
7899664909186;18.00;real
7899664909193;18.00;real
7899664909223;18.00;real
7899674008497;18.00;monofasico
7899674008503;18.00;monofasico
7899674016102;18.00;monofasico
7899674017062;18.00;monofasico
7899674017079;18.00;monofasico
7899674017093;18.00;monofasico
7899674017970;0.00;monofasico
7899674018021;18.00;real
7899674018618;18.00;monofasico
7899674021595;18.00;monofasico
7899674021601;0.00;monofasico
7899674022004;18.00;monofasico
7899674022011;18.00;monofasico
7899674022516;0.00;monofasico
7899674023254;0.00;monofasico
7899674023292;0.00;monofasico
7899674026989;18.00;monofasico
7899674027283;18.00;monofasico
7899674027641;0.00;monofasico
7899674027658;0.00;monofasico
7899674027665;0.00;monofasico
7899674027672;0.00;monofasico
7899674027818;0.00;monofasico
7899674028341;0.00;monofasico
7899674030559;0.00;monofasico
7899674030566;18.00;monofasico
7899674033277;18.00;monofasico
7899674033284;18.00;monofasico
7899674034922;0.00;monofasico
7899674035196;0.00;monofasico
7899674035202;0.00;monofasico
7899674035486;0.00;monofasico
7899674035561;0.00;monofasico
7899674035806;0.00;monofasico
7899674035813;0.00;monofasico
7899674035820;0.00;monofasico
7899674035837;0.00;monofasico
7899674037480;18.00;monofasico
7899674037497;18.00;monofasico
7899674038678;0.00;monofasico
7899674038715;18.00;real
7899674038722;18.00;real
7899674038807;0.00;monofasico
7899674038814;0.00;monofasico
7899674038821;0.00;monofasico
7899674038838;18.00;monofasico
7899674039354;0.00;monofasico
7899674039378;0.00;monofasico
7899674039385;0.00;monofasico
7899674039460;0.00;monofasico
7899674039552;18.00;monofasico
7899674039569;18.00;monofasico
7899674039576;0.00;monofasico
7899674039651;18.00;presumido
7899674040091;18.00;monofasico
7899674040596;0.00;monofasico
7899674040640;25.00;real
7899674040718;18.00;monofasico
7899674040732;18.00;monofasico
7899674040923;0.00;monofasico
7899674041494;25.00;real
7899674041500;25.00;real
7899674041531;25.00;real
7899674041548;25.00;real
7899674041562;25.00;real
7899674041579;25.00;real
7899674041586;25.00;real
7899674041609;0.00;monofasico
7899674041685;0.00;monofasico
7899674041883;18.00;monofasico
7899674041913;0.00;monofasico
7899674041968;18.00;monofasico
7899674042057;0.00;monofasico
7899674042064;0.00;monofasico
7899674042200;0.00;monofasico
7899674042217;0.00;monofasico
7899674042231;0.00;monofasico
7899674042255;0.00;monofasico
7899674042385;18.00;monofasico
7899674042446;0.00;monofasico
7899674042453;0.00;monofasico
7899674042699;18.00;monofasico
7899674042705;0.00;monofasico
7899674042712;18.00;monofasico
7899674042736;18.00;monofasico
7899674042743;18.00;monofasico
7899674042750;0.00;monofasico
7899674042767;0.00;monofasico
7899674042774;0.00;monofasico
7899674042842;0.00;monofasico
7899674042873;12.00;monofasico
7899674043030;18.00;monofasico
7899674043054;0.00;monofasico
7899674045003;18.00;monofasico
7899674045010;18.00;monofasico
7899674045096;0.00;monofasico
7899682766570;0.00;monofasico
7899695619696;0.00;monofasico
7899695619702;0.00;monofasico
7899695619726;25.00;monofasico
7899695619740;25.00;monofasico
7899695620562;25.00;monofasico
7899695620579;25.00;monofasico
7899695620586;25.00;monofasico
7899695620593;25.00;monofasico
7899695620609;25.00;monofasico
7899695620623;25.00;monofasico
7899695620630;25.00;monofasico
7899695620647;25.00;monofasico
7899695620654;25.00;monofasico
7899695620661;25.00;monofasico
7899695620678;25.00;monofasico
7899695620685;25.00;monofasico
7899695620692;25.00;monofasico
7899695620708;25.00;monofasico
7899695620715;25.00;monofasico
7899695623167;0.00;monofasico
7899695623174;0.00;monofasico
7899700805441;18.00;real
7899700805458;18.00;real
7899706111621;25.00;monofasico
7899706112444;25.00;monofasico
7899706124874;25.00;monofasico
7899706124959;0.00;monofasico
7899706126335;18.00;real
7899706130677;18.00;real
7899706132985;25.00;monofasico
7899706132992;25.00;monofasico
7899706134156;0.00;monofasico
7899706134170;18.00;monofasico
7899706135757;0.00;monofasico
7899706135771;18.00;monofasico
7899706135818;18.00;monofasico
7899706135832;0.00;monofasico
7899706135856;18.00;monofasico
7899706139816;0.00;monofasico
7899706145190;18.00;real
7899706145510;18.00;real
7899706149570;25.00;monofasico
7899706149594;25.00;monofasico
7899706149600;25.00;monofasico
7899706149822;25.00;monofasico
7899706155021;18.00;real
7899706159173;25.00;monofasico
7899706159272;0.00;monofasico
7899706164337;18.00;monofasico
7899706164344;0.00;monofasico
7899706164375;25.00;monofasico
7899706164382;0.00;monofasico
7899706170314;25.00;monofasico
7899706170819;18.00;monofasico
7899706170833;18.00;monofasico
7899706170857;25.00;monofasico
7899706170871;25.00;monofasico
7899706170895;25.00;monofasico
7899706170918;25.00;monofasico
7899706171564;25.00;monofasico
7899706171588;25.00;monofasico
7899706171601;25.00;monofasico
7899706175951;18.00;monofasico
7899706175968;0.00;monofasico
7899706178129;18.00;real
7899706178143;18.00;real
7899706178167;18.00;real
7899706178181;18.00;monofasico
7899706179522;18.00;monofasico
7899706179553;25.00;monofasico
7899706179560;25.00;monofasico
7899706180344;18.00;real
7899706180573;25.00;monofasico
7899706180887;18.00;real
7899706180948;0.00;monofasico
7899706181716;18.00;monofasico
7899706181730;0.00;monofasico
7899706181778;18.00;monofasico
7899706181792;18.00;monofasico
7899706184427;25.00;monofasico
7899706184625;25.00;monofasico
7899706184960;18.00;monofasico
7899706185011;18.00;monofasico
7899706185028;18.00;monofasico
7899706185844;18.00;monofasico
7899706185868;0.00;monofasico
7899706186179;18.00;monofasico
7899706186698;0.00;monofasico
7899706187190;18.00;real
7899706187343;18.00;monofasico
7899706187367;18.00;monofasico
7899706187404;25.00;monofasico
7899706187428;25.00;monofasico
7899706187466;25.00;monofasico
7899706187480;25.00;monofasico
7899706187930;0.00;monofasico
7899706188289;25.00;monofasico
7899706188302;18.00;monofasico
7899706189255;18.00;real
7899706189279;0.00;monofasico
7899706189347;0.00;monofasico
7899706189385;18.00;monofasico
7899706189422;25.00;monofasico
7899706189446;25.00;monofasico
7899706189484;18.00;monofasico
7899706189521;25.00;monofasico
7899706189569;25.00;monofasico
7899706189583;25.00;monofasico
7899706189606;18.00;monofasico
7899706189644;25.00;monofasico
7899706189668;25.00;monofasico
7899706189682;25.00;monofasico
7899706189729;0.00;monofasico
7899706189781;18.00;monofasico
7899706189804;25.00;monofasico
7899706189828;25.00;monofasico
7899706189842;25.00;monofasico
7899706190145;18.00;real
7899706190923;0.00;monofasico
7899706192019;18.00;real
7899706193832;25.00;monofasico
7899706194662;0.00;monofasico
7899706194839;0.00;monofasico
7899706195027;18.00;monofasico
7899706196628;25.00;monofasico
7899706197106;25.00;monofasico
7899706197120;18.00;real
7899706197144;18.00;real
7899706197489;25.00;monofasico
7899706197502;25.00;monofasico
7899706197526;25.00;monofasico
7899706197564;25.00;monofasico
7899706197588;25.00;monofasico
7899706197601;18.00;monofasico
7899706197649;18.00;monofasico
7899706197663;25.00;monofasico
7899706197687;18.00;monofasico
7899706197922;18.00;monofasico
7899706197946;18.00;monofasico
7899706197960;18.00;monofasico
7899706197984;18.00;monofasico
7899706198004;18.00;monofasico
7899706198288;18.00;monofasico
7899706198301;25.00;monofasico
7899706204934;18.00;monofasico
7899706205016;0.00;monofasico
7899706205177;25.00;monofasico
7899706205252;25.00;monofasico
7899706205337;25.00;monofasico
7899706237888;25.00;monofasico
7899706237932;25.00;monofasico
7899706237956;25.00;monofasico
7899706237970;25.00;monofasico
7899706237994;25.00;monofasico
7899706238014;25.00;monofasico
7899706238038;25.00;monofasico
7899706244008;25.00;monofasico
7899706244022;0.00;monofasico
7899706244060;25.00;monofasico
7899706244084;25.00;monofasico
7899706244107;18.00;monofasico
7899706244121;18.00;monofasico
7899706245661;25.00;monofasico
7899706250290;18.00;real
7899706251068;25.00;monofasico
7899706251105;18.00;real
7899735315458;0.00;real
7899735343314;0.00;presumido
7899735343321;0.00;presumido
7899735343352;0.00;presumido
7899735343369;0.00;presumido
7899735393487;0.00;presumido
7899735393494;0.00;presumido
7899735393524;0.00;presumido
7899738900101;0.00;monofasico
7899738900170;0.00;monofasico
7899738900187;0.00;monofasico
7899738900217;0.00;monofasico
7899738900224;0.00;monofasico
7899738900248;0.00;monofasico
7899738900736;0.00;monofasico
7899738900743;0.00;monofasico
7899739201399;0.00;monofasico
7899739201436;0.00;monofasico
7899766017024;0.00;monofasico
7899766017031;0.00;monofasico
7899766017048;0.00;monofasico
7899766017055;0.00;monofasico
7899766017093;0.00;monofasico
7899766017543;4.00;monofasico
78997660175432;4.00;monofasico
7899766017567;4.00;monofasico
78997660175678;4.00;monofasico
7899766017574;4.00;monofasico
78997660175746;4.00;monofasico
7899766017581;4.00;monofasico
78997660175814;4.00;monofasico
7899766017598;4.00;monofasico
78997660175982;4.00;monofasico
7899766017604;4.00;monofasico
78997660176040;4.00;monofasico
7899770426416;18.00;presumido
7899790907643;4.00;real
7899790908336;4.00;real
7899790911824;4.00;real
7899790916157;4.00;real
7899790916232;4.00;real
7899790921632;0.00;monofasico
7899790921649;0.00;monofasico
7899790923100;4.00;real
7899790927474;4.00;real
7899790931181;4.00;real
7899790933703;4.00;real
7899790936292;4.00;real
7899790936803;0.00;monofasico
7899790936940;4.00;real
7899790938371;4.00;real
7899790941890;4.00;real
7899790944822;4.00;real
7899790946888;0.00;real
7899790960440;4.00;real
7899790960495;4.00;real
7899790963212;4.00;real
7899790963267;4.00;real
7899790964646;4.00;real
7899790966527;0.00;monofasico
7899790967203;0.00;monofasico
7899790969276;0.00;monofasico
7899790971774;4.00;real
7899790973853;4.00;real
7899790975154;4.00;real
7899790975345;4.00;real
7899790975376;0.00;real
7899790976151;0.00;monofasico
7899790976229;0.00;monofasico
7899790976250;0.00;monofasico
7899790976267;0.00;monofasico
7899790976274;0.00;monofasico
7899790976304;4.00;real
7899790976311;0.00;monofasico
7899790976335;0.00;monofasico
7899790976342;4.00;real
7899790976939;4.00;real
7899790976953;4.00;real
7899790976984;4.00;real
7899790977080;4.00;real
7899790977097;4.00;real
7899790977332;4.00;real
7899790977967;4.00;real
7899790978322;4.00;real
7899790978780;4.00;real
7899790979060;4.00;real
7899790979176;4.00;real
7899790980042;4.00;real
7899790980059;4.00;real
7899790980103;4.00;real
7899790981353;4.00;real
7899790981902;4.00;real
7899790981926;4.00;real
7899790983364;4.00;real
7899790983395;4.00;real
7899790983401;4.00;real
7899790983555;4.00;real
7899790983609;4.00;real
7899806971668;4.00;monofasico
7899806971675;0.00;monofasico
7899806971958;4.00;monofasico
7899806971972;4.00;monofasico
7899806971989;4.00;monofasico
7899806971996;4.00;monofasico
7899806972108;4.00;monofasico
7899806972160;4.00;monofasico
7899806972245;4.00;monofasico
7899806972252;4.00;monofasico
7899806972313;4.00;monofasico
7899806972375;4.00;presumido
7899806972382;4.00;presumido
7899806972399;4.00;presumido
7899806972405;4.00;presumido
7899806972412;0.00;monofasico
7899806972429;0.00;monofasico
7899806972436;4.00;presumido
7899806972559;0.00;presumido
7899806972672;4.00;presumido
7899806972689;0.00;monofasico
7899806972696;4.00;presumido
7899806972719;4.00;presumido
7899806972726;4.00;presumido
7899806972733;4.00;presumido
7899806972832;4.00;presumido
7899806972849;4.00;presumido
7899806972856;4.00;presumido
7899806972863;4.00;presumido
7899806973006;25.00;monofasico
7899806973013;4.00;presumido
7899806973037;4.00;presumido
7899806973044;4.00;presumido
7899806973051;4.00;presumido
7899806973068;18.00;presumido
7899806973075;0.00;monofasico
7899806973112;0.00;monofasico
7899806973129;4.00;presumido
7899806973136;4.00;presumido
7899806973143;4.00;presumido
7899806973242;0.00;monofasico
7899806973259;4.00;presumido
7899806973822;4.00;presumido
7899806973846;4.00;presumido
7899806973853;4.00;presumido
7899806974003;25.00;monofasico
7899806974195;4.00;presumido
7899806974461;0.00;monofasico
7899806974690;4.00;presumido
7899806974706;0.00;monofasico
7899806974713;4.00;presumido
7899806974737;0.00;monofasico
7899806974744;0.00;monofasico
7899806974799;0.00;presumido
7899806974881;4.00;presumido
7899806974898;0.00;monofasico
7899806974904;4.00;presumido
7899806974911;4.00;presumido
7899806974928;4.00;presumido
7899806974935;0.00;monofasico
7899806974942;4.00;presumido
7899806980516;4.00;presumido
7899806982824;0.00;monofasico
7899806982855;0.00;monofasico
7899806984163;4.00;monofasico
7899806984170;4.00;monofasico
7899806984248;4.00;presumido
7899806984255;4.00;monofasico
7899806984262;4.00;monofasico
7899806984279;4.00;monofasico
7899806984286;4.00;monofasico
7899806991048;0.00;monofasico
7899806991055;0.00;monofasico
7899806991062;0.00;monofasico
7899806991079;0.00;monofasico
7899806991086;0.00;monofasico
7899806991093;0.00;monofasico
7899806991109;0.00;monofasico
7899806991116;0.00;monofasico
7899806998269;18.00;real
7899806998283;18.00;presumido
7899806998290;18.00;presumido
7899808826003;18.00;real
7899808830024;18.00;real
7899808834480;18.00;real
7899808834497;18.00;real
7899808834510;18.00;real
7899808846292;18.00;real
7899808851678;0.00;monofasico
7899808855348;18.00;real
7899808855379;18.00;real
7899808855393;18.00;real
7899808855416;18.00;real
7899808865873;18.00;real
7899808871058;18.00;real
7899808878521;18.00;real
7899820813654;0.00;monofasico
7899820817331;25.00;real
7899820817348;0.00;monofasico
7899820817355;25.00;real
7899820817362;0.00;monofasico
7899820817379;25.00;real
7899820817386;25.00;monofasico
7899852003061;0.00;monofasico
7899852003078;0.00;monofasico
7899852003085;0.00;monofasico
7899852003115;0.00;monofasico
7899852003139;0.00;monofasico
7899852003221;0.00;monofasico
7899852003245;0.00;monofasico
7899852003474;0.00;monofasico
7899852003481;0.00;monofasico
7899852003924;0.00;monofasico
7899852015996;25.00;monofasico
7899852018102;25.00;monofasico
7899852018171;25.00;monofasico
7899852018201;0.00;monofasico
7899852018218;25.00;monofasico
7899852018225;0.00;monofasico
7899852018263;0.00;monofasico
7899852018287;25.00;monofasico
7899852018294;0.00;monofasico
7899852018799;25.00;monofasico
7899852019048;0.00;monofasico
7899852019062;0.00;monofasico
7899852019123;0.00;monofasico
7899852019130;0.00;monofasico
7899852019154;0.00;monofasico
7899852019185;0.00;monofasico
7899852019192;0.00;monofasico
7899852019338;0.00;monofasico
7899852019369;0.00;monofasico
7899852019376;0.00;monofasico
7899852019383;0.00;monofasico
7899852019390;0.00;monofasico
7899852019406;0.00;monofasico
7899852020051;25.00;monofasico
7899852020068;0.00;monofasico
7899852020075;25.00;monofasico
7899852020174;0.00;monofasico
7899852020181;0.00;monofasico
7899852020198;25.00;monofasico
7899852020204;25.00;monofasico
7899852020211;25.00;monofasico
7899852020280;0.00;monofasico
7899852020518;25.00;monofasico
7899852020525;25.00;monofasico
7899852020549;25.00;monofasico
7899852020556;25.00;monofasico
7899852020563;25.00;monofasico
7899852020570;25.00;monofasico
7899852020587;25.00;monofasico
7899852020952;25.00;monofasico
7899852021041;25.00;monofasico
7899852021065;25.00;monofasico
7899852021133;25.00;monofasico
7899852021171;0.00;monofasico
7899852021287;25.00;monofasico
7899852021294;25.00;monofasico
7899852021300;25.00;monofasico
7899852021317;25.00;monofasico
7899852021324;25.00;monofasico
7899852021331;25.00;monofasico
7899852021362;25.00;monofasico
7899852021379;25.00;monofasico
7899852021386;25.00;monofasico
7899852021539;25.00;monofasico
7899852021553;25.00;monofasico
7899852021638;25.00;monofasico
7899852021652;0.00;monofasico
7899852021669;0.00;monofasico
7899852021881;25.00;monofasico
7899852021898;25.00;monofasico
7899852021904;25.00;monofasico
7899852022093;25.00;monofasico
7899852022222;25.00;monofasico
7899852022239;25.00;monofasico
7899852022246;25.00;monofasico
7899852022260;25.00;monofasico
7899852022277;25.00;monofasico
7899852022291;25.00;monofasico
7899852022307;25.00;monofasico
7899852022338;25.00;monofasico
7899852022376;25.00;monofasico
7899852022420;25.00;monofasico
7899852022444;25.00;monofasico
7899852022451;25.00;monofasico
7899852022468;0.00;monofasico
7899852022475;0.00;monofasico
7899852022482;25.00;monofasico
7899852022499;25.00;monofasico
7899852022505;25.00;monofasico
7899852022512;25.00;monofasico
7899852022635;25.00;monofasico
7899852022642;25.00;monofasico
7899852022659;25.00;monofasico
7899852022666;25.00;monofasico
7899852022673;25.00;monofasico
7899852022680;25.00;monofasico
7899852022697;25.00;monofasico
7899852022703;25.00;monofasico
7899852022833;25.00;monofasico
7899852022840;25.00;monofasico
7899852022949;25.00;monofasico
7899852022956;0.00;monofasico
7899852023090;0.00;monofasico
7899852023151;25.00;monofasico
7899852024080;25.00;monofasico
7899852024202;0.00;monofasico
7899852024219;25.00;monofasico
7899852024226;0.00;monofasico
7899852024233;25.00;monofasico
7899852024264;0.00;monofasico
7899852024318;25.00;monofasico
7899852024363;0.00;monofasico
7899852024509;0.00;monofasico
7899852024516;0.00;monofasico
7899852024530;0.00;monofasico
7899852024745;25.00;monofasico
7899852024752;25.00;monofasico
7899852024769;0.00;monofasico
7899852024776;0.00;monofasico
7899852024790;0.00;monofasico
7899852024837;25.00;monofasico
7899852024868;0.00;monofasico
7899852024974;25.00;monofasico
7899852024998;0.00;monofasico
7899852025001;25.00;monofasico
7899852025124;25.00;monofasico
7899852025131;0.00;monofasico
7899852025148;0.00;monofasico
7899852025162;0.00;monofasico
7899852025179;0.00;monofasico
7899852025223;25.00;monofasico
7899852025605;25.00;monofasico
7899852025612;25.00;monofasico
7899852025629;25.00;monofasico
7899852025643;25.00;monofasico
7899852025650;25.00;monofasico
7899852025667;25.00;monofasico
7899852025674;25.00;monofasico
7899852025681;25.00;monofasico
7899852025704;0.00;monofasico
7899852025711;0.00;monofasico
7899852025797;25.00;monofasico
7899852025810;25.00;monofasico
7899852025827;0.00;monofasico
7899852025858;25.00;monofasico
7899852025926;25.00;monofasico
7899852025933;25.00;monofasico
7899852025940;25.00;monofasico
7899852025957;25.00;monofasico
7899852025971;0.00;monofasico
7899852025988;0.00;monofasico
7899852026060;18.00;monofasico
7899852026183;0.00;monofasico
7899852026459;0.00;monofasico
7899852026466;0.00;monofasico
7899852026473;0.00;monofasico
7899852026480;0.00;monofasico
7899852026503;0.00;monofasico
7899852026565;25.00;monofasico
7899852026572;25.00;monofasico
7899852026589;25.00;monofasico
7899852026602;25.00;monofasico
7899852026619;25.00;monofasico
7899852026763;0.00;real
7899852026930;25.00;monofasico
7899852027029;18.00;real
7899852027043;18.00;real
7899852027111;0.00;monofasico
7899852027494;0.00;real
7899852027500;25.00;monofasico
7899852027517;25.00;monofasico
7899852027678;0.00;monofasico
7899852027814;0.00;monofasico
7899852027821;0.00;monofasico
7899852027838;0.00;monofasico
7899852027975;0.00;real
7899852028187;18.00;real
7899852028446;18.00;real
7899852029535;25.00;monofasico
7899852029542;25.00;monofasico
7899852029559;25.00;monofasico
7899852030333;25.00;monofasico
7899852030357;25.00;monofasico
7899852030364;25.00;monofasico
7899852030371;25.00;monofasico
7899852030388;25.00;monofasico
7899852030395;25.00;monofasico
7899852030401;25.00;monofasico
7899852030432;25.00;monofasico
7899852030616;25.00;monofasico
7899852030715;25.00;monofasico
7899852030739;25.00;monofasico
7899852030760;25.00;monofasico
7899852031743;25.00;monofasico
7899852031750;25.00;monofasico
7899852031767;25.00;monofasico
7899852031774;25.00;monofasico
7899852031781;25.00;monofasico
7899852031804;25.00;monofasico
7899852031811;25.00;monofasico
7899852031828;25.00;monofasico
7899852031835;25.00;monofasico
7899852031842;25.00;monofasico
7899852031859;25.00;monofasico
7899852031866;25.00;monofasico
7899852031873;25.00;monofasico
7899852031880;25.00;monofasico
7899852031897;25.00;monofasico
7899852031903;25.00;monofasico
7899852031910;25.00;monofasico
7899852031934;25.00;monofasico
7899852031941;25.00;monofasico
7899852031958;25.00;monofasico
7899852031965;25.00;monofasico
7899852031972;25.00;monofasico
7899852031989;25.00;monofasico
7899852031996;25.00;monofasico
7899852032009;25.00;monofasico
7899852032016;25.00;monofasico
7899852032023;25.00;monofasico
7899852032221;25.00;monofasico
7899852033266;25.00;monofasico
7899852033273;25.00;monofasico
7899852033280;25.00;monofasico
7899857412790;0.00;monofasico
7899866286931;0.00;monofasico
7899884200728;0.00;monofasico
7899884201404;25.00;monofasico
7899884201411;25.00;monofasico
7899884201428;25.00;monofasico
7899884204771;25.00;monofasico
7899884204788;25.00;monofasico
7899884208557;25.00;monofasico
7899884208564;25.00;monofasico
7899884209394;25.00;monofasico
7899884209400;25.00;monofasico
7899884209417;25.00;monofasico
7899884213407;25.00;monofasico
7899884213414;0.00;monofasico
7899884213421;25.00;monofasico
7899884213438;25.00;monofasico
7899884217061;25.00;monofasico
7899884217078;25.00;monofasico
7899884217085;25.00;monofasico
7899884226254;25.00;monofasico
7899884226278;0.00;monofasico
7899884226285;0.00;monofasico
7899899735550;0.00;presumido
7899904702157;0.00;presumido
7899904702720;0.00;real
7899904703246;0.00;real
7899904704465;0.00;presumido
7899904704472;0.00;presumido
7899904704861;0.00;monofasico
7899904704878;0.00;monofasico
7899904704908;0.00;presumido
7899904704922;0.00;presumido
7899904705127;0.00;presumido
7899904705257;0.00;presumido
7899904706216;0.00;presumido
7899904706223;0.00;presumido
7899904706308;0.00;presumido
7899904706315;0.00;presumido
7899904710459;0.00;presumido
7899904712057;0.00;presumido
7899904712958;0.00;monofasico
7899904714624;0.00;presumido
7899904714914;0.00;real
7899904715720;0.00;monofasico
7899904716352;0.00;real
7899904716376;0.00;real
7899904716482;0.00;presumido
7899904716536;0.00;presumido
7899904716598;0.00;presumido
7899904716628;0.00;real
7899904716642;0.00;real
7899904716703;0.00;presumido
7899904716901;0.00;presumido
7899944401300;25.00;monofasico
7899944404974;25.00;monofasico
7899952319130;0.00;monofasico
7899952319154;0.00;monofasico
7899952320150;0.00;monofasico
7899952320785;0.00;monofasico
7899952321416;0.00;monofasico
7899952323564;18.00;monofasico
7899952324370;0.00;monofasico
7899952324523;18.00;monofasico
7899952324530;0.00;monofasico
7899952324547;0.00;monofasico
7899952324578;18.00;monofasico
7899952324745;0.00;monofasico
7899952325612;18.00;monofasico
7899952326343;18.00;monofasico
7899952329740;18.00;monofasico
7899952330166;18.00;monofasico
7899952330173;18.00;monofasico
7899952331552;18.00;monofasico
7899956629730;0.00;real
7899984635215;0.00;presumido
7899996502536;0.00;presumido
7899998319132;0.00;real
7900083000665;25.00;monofasico
7900083000696;0.00;monofasico
7900083000702;25.00;monofasico
7900083000719;0.00;monofasico
7900083000832;0.00;monofasico
7900083000856;25.00;monofasico
7900083001020;0.00;monofasico
7900083001037;0.00;monofasico
7900083001143;25.00;monofasico
7900083001150;0.00;monofasico
7900083001846;0.00;monofasico
7900083001853;0.00;monofasico
7900083001860;0.00;monofasico
7900083001884;0.00;monofasico
7900083002133;0.00;monofasico
7900083005400;0.00;monofasico
7900083008081;0.00;monofasico
7900083008098;0.00;monofasico
7900083008104;0.00;monofasico
7900083008111;0.00;monofasico
7900083008333;18.00;real
7900083008340;18.00;real
7900083010268;25.00;monofasico
7900083010275;25.00;monofasico
7900083010282;25.00;monofasico
7900083010299;25.00;monofasico
7900083010305;25.00;monofasico
7900083010312;25.00;monofasico
7900083010329;25.00;monofasico
7900083010336;25.00;monofasico
7900083010343;25.00;real
7900083010367;0.00;monofasico
7900083010374;0.00;monofasico
7900083010381;0.00;monofasico
7900083010398;0.00;monofasico
7900083010404;25.00;monofasico
7900083010411;25.00;monofasico
7900083010428;25.00;monofasico
7900083010435;25.00;monofasico
7900083010442;25.00;monofasico
7900083010466;25.00;monofasico
7900083010473;25.00;monofasico
7900083010480;25.00;monofasico
7900083010497;25.00;monofasico
7900083010503;25.00;monofasico
7900083010510;25.00;monofasico
7900083010527;0.00;monofasico
7900083010565;0.00;monofasico
7900083010572;0.00;monofasico
7900083010589;0.00;monofasico
7900083010596;0.00;monofasico
7900083010602;0.00;monofasico
7900083010619;0.00;monofasico
7900083010626;0.00;monofasico
7900083010633;0.00;monofasico
7900083010985;25.00;monofasico
7900083010992;25.00;monofasico
7900083011005;25.00;monofasico
7900083011012;25.00;monofasico
7900083011029;25.00;monofasico
7900083011036;25.00;monofasico
7900083011043;25.00;monofasico
7900083011050;25.00;monofasico
7900083011227;0.00;monofasico
7900083011241;25.00;real
7900083011258;0.00;monofasico
7900083011265;25.00;monofasico
7900083011272;25.00;monofasico
7900083011289;25.00;monofasico
7900083011296;25.00;monofasico
7900083011319;0.00;monofasico
7900083011326;25.00;monofasico
7900083011333;0.00;monofasico
7900083011401;25.00;monofasico
7900083011418;25.00;monofasico
7900083011425;25.00;monofasico
7900083011432;25.00;monofasico
7900083011524;0.00;monofasico
7900083011555;25.00;monofasico
7900083011562;25.00;monofasico
7900083011579;25.00;monofasico
7900083011586;25.00;monofasico
7900083011593;25.00;monofasico
7900083011609;25.00;monofasico
7900083011616;25.00;monofasico
7900083011623;25.00;monofasico
7900083011630;25.00;monofasico
7900083011647;25.00;monofasico
7900083011654;0.00;monofasico
7900083011661;0.00;monofasico
7900083011678;25.00;monofasico
7900083011685;25.00;monofasico
7900083011692;25.00;monofasico
7900083011708;25.00;monofasico
7900083011715;25.00;monofasico
7900083011722;25.00;monofasico
7900083011753;25.00;monofasico
7900083011760;25.00;monofasico
7900083011777;25.00;monofasico
7900083011784;25.00;monofasico
7900083011791;25.00;monofasico
7900083011807;25.00;monofasico
7900083011814;25.00;monofasico
7900083011821;25.00;monofasico
7900083011838;25.00;monofasico
7900083011845;25.00;monofasico
7900083011852;25.00;monofasico
7900083011869;25.00;monofasico
7900083011890;0.00;monofasico
7900083011920;0.00;monofasico
7900083011937;0.00;monofasico
7900083011944;0.00;monofasico
7900083011951;0.00;monofasico
7900083011968;0.00;monofasico
7900083011975;0.00;monofasico
7900083011982;0.00;monofasico
7900083011999;0.00;monofasico
7900083012002;0.00;monofasico
7900083012019;0.00;monofasico
7900083012026;25.00;monofasico
7900083012033;25.00;monofasico
7900083012040;0.00;monofasico
7900083012118;25.00;monofasico
7900083012125;25.00;monofasico
7900083012132;25.00;monofasico
7900083012149;25.00;monofasico
7900083012156;25.00;monofasico
7900083012163;25.00;monofasico
7900083012170;0.00;monofasico
7900083012248;0.00;monofasico
7900083012255;0.00;monofasico
7900083012262;0.00;monofasico
7900083012286;0.00;monofasico
7900083012309;0.00;monofasico
7900083012316;0.00;monofasico
7900083012323;0.00;monofasico
7900083012330;0.00;monofasico
7900083012347;25.00;monofasico
7900083012354;25.00;monofasico
7900083012361;25.00;monofasico
7900083012378;25.00;monofasico
7900083012385;25.00;monofasico
7900083012392;25.00;monofasico
7900083012408;0.00;monofasico
7900083012484;0.00;monofasico
7900083012491;0.00;monofasico
7900083012514;0.00;monofasico
7900083012521;25.00;monofasico
7900083012538;25.00;monofasico
7900083012545;0.00;monofasico
7900083012552;0.00;monofasico
7900083012569;25.00;monofasico
7900083012675;0.00;monofasico
7900083012781;25.00;monofasico
7900083012798;25.00;monofasico
7900083012804;25.00;monofasico
7900083012811;25.00;monofasico
7900083012828;25.00;monofasico
7900083012835;0.00;monofasico
7900083012842;25.00;monofasico
7900083012859;25.00;monofasico
7900083012866;25.00;monofasico
7900083012873;0.00;monofasico
7900083013009;0.00;monofasico
7900083013016;0.00;monofasico
7900083013047;25.00;monofasico
7900083013054;25.00;monofasico
7900083013061;25.00;monofasico
7900083013078;25.00;monofasico
7900083013085;25.00;monofasico
7900083013092;25.00;monofasico
7900083013108;25.00;monofasico
7900083013115;25.00;monofasico
7900083013122;25.00;monofasico
7900083013139;25.00;monofasico
7900083013146;25.00;monofasico
7900083013153;25.00;monofasico
7900083013160;0.00;monofasico
7900083013245;25.00;monofasico
7900083013252;0.00;monofasico
7900083013542;25.00;monofasico
7900083013559;25.00;monofasico
7900083013566;25.00;monofasico
7900083013573;25.00;monofasico
7900083013580;25.00;monofasico
7900083013597;25.00;monofasico
7900083014044;0.00;monofasico
7900083014051;25.00;real
7900083014068;0.00;monofasico
7900083014075;0.00;monofasico
7900083014082;25.00;monofasico
7900083014099;25.00;monofasico
7900083014105;25.00;monofasico
7900083014112;25.00;monofasico
7900083014129;0.00;monofasico
7900083014136;0.00;monofasico
7900083014181;25.00;monofasico
7900083014211;25.00;monofasico
7900083014396;0.00;monofasico
7900083014860;25.00;monofasico
7900083014877;25.00;monofasico
7900083014884;0.00;monofasico
7900083014891;0.00;monofasico
7900083014907;0.00;monofasico
7900083014914;0.00;monofasico
7900083015386;25.00;monofasico
7900083015546;0.00;monofasico
7900083015553;0.00;monofasico
7900083015560;0.00;monofasico
7900083015577;0.00;monofasico
7900083015584;0.00;monofasico
7900083015591;0.00;monofasico
7900083015720;25.00;monofasico
7900083015737;25.00;monofasico
7900083015744;0.00;monofasico
7900083015751;0.00;monofasico
7900083015768;0.00;monofasico
7900083015775;0.00;monofasico
7900083015782;0.00;monofasico
7900083015799;0.00;monofasico
7900083015805;0.00;monofasico
7900083015812;0.00;monofasico
7900083015959;25.00;monofasico
7900083016109;25.00;monofasico
7900083016116;25.00;monofasico
7900083016123;25.00;monofasico
7900083016130;25.00;monofasico
7900083016147;25.00;monofasico
7900083016154;25.00;monofasico
7900083016208;0.00;monofasico
7900083016222;25.00;monofasico
7900083016239;25.00;monofasico
7900083016246;25.00;monofasico
7900083016253;25.00;monofasico
7900083016260;0.00;monofasico
7900083016277;0.00;monofasico
7900083016284;0.00;monofasico
7900083016291;0.00;monofasico
7900083016307;0.00;monofasico
7900083016314;0.00;monofasico
7900083016499;25.00;monofasico
7900083016529;25.00;monofasico
7900083016536;25.00;monofasico
7900083016543;25.00;monofasico
7900083016550;25.00;monofasico
7900083016567;25.00;monofasico
7900083016574;25.00;monofasico
7900083016581;25.00;monofasico
7900083016598;25.00;real
7900083016604;25.00;real
7900083016611;25.00;monofasico
7900083016628;25.00;monofasico
7900083016635;25.00;monofasico
7900083016703;0.00;monofasico
7900083016727;0.00;monofasico
7900083016734;0.00;monofasico
7900083016987;0.00;monofasico
7900083016994;0.00;monofasico
7900083017007;0.00;monofasico
7900083017014;0.00;monofasico
7900083017021;0.00;monofasico
7900083017038;0.00;monofasico
7900083017113;0.00;monofasico
7900083017120;0.00;monofasico
7900083017144;0.00;monofasico
7900083017168;0.00;monofasico
7900083017229;25.00;monofasico
7900083017236;25.00;monofasico
7900083017243;25.00;monofasico
7900083017250;25.00;monofasico
7900083017267;25.00;monofasico
7900083017274;25.00;monofasico
7900083017281;0.00;monofasico
7900083017298;0.00;monofasico
7900083017304;0.00;monofasico
7900083017311;0.00;monofasico
7900083017335;0.00;monofasico
7900083017342;25.00;monofasico
7900083017359;25.00;monofasico
7900083017366;25.00;monofasico
7900083017373;25.00;monofasico
7900083017380;25.00;monofasico
7900083017397;25.00;monofasico
7900083017403;0.00;monofasico
7900083017410;25.00;monofasico
7900083017427;25.00;monofasico
7900083017434;25.00;monofasico
7900083017441;25.00;monofasico
7900083017458;0.00;monofasico
7900083017465;25.00;monofasico
7900083017472;25.00;monofasico
7900083017489;25.00;monofasico
7900083017496;25.00;monofasico
7900083017502;25.00;monofasico
7900083017519;25.00;monofasico
7900083017526;25.00;monofasico
7900083017533;25.00;monofasico
7900083017540;25.00;monofasico
7900083017557;25.00;monofasico
7900083017564;25.00;monofasico
7900083017571;25.00;monofasico
7900083017588;0.00;monofasico
7900083017809;0.00;monofasico
7900083017830;0.00;monofasico
7900083017847;0.00;monofasico
7900083017854;0.00;monofasico
7900083018387;25.00;monofasico
7900083018394;0.00;monofasico
7900083018585;25.00;monofasico
7900083018639;25.00;monofasico
7900083018646;25.00;monofasico
7900083018653;25.00;monofasico
7900083018660;25.00;monofasico
7900083018677;25.00;monofasico
7900083018684;0.00;monofasico
7900083018691;25.00;monofasico
7900083018707;25.00;monofasico
7900083018714;25.00;monofasico
7900083018721;25.00;monofasico
7900083018738;25.00;monofasico
7900083018745;25.00;monofasico
7900083018752;25.00;monofasico
7900083018769;25.00;monofasico
7900083018776;25.00;monofasico
7900083018783;25.00;monofasico
7900083018790;0.00;monofasico
7900083018806;0.00;monofasico
7900083019001;25.00;monofasico
7900083019018;25.00;monofasico
7900083019025;25.00;monofasico
7900083019032;25.00;monofasico
7900083019049;25.00;monofasico
7900083019056;25.00;monofasico
7900083019070;25.00;monofasico
7900083019087;25.00;monofasico
7900083019094;0.00;monofasico
7900083019117;0.00;monofasico
7900083019155;25.00;monofasico
7900083019193;0.00;monofasico
7900083019254;25.00;monofasico
7900083019261;25.00;monofasico
7900083019278;25.00;monofasico
7900083019285;25.00;monofasico
7900083019292;25.00;monofasico
7900083019308;25.00;monofasico
7900083019322;25.00;monofasico
7900083019742;25.00;monofasico
7900083019759;25.00;monofasico
7900083019766;25.00;monofasico
7900083019773;25.00;monofasico
7900083019797;25.00;monofasico
7900083019803;0.00;monofasico
7900083019834;25.00;monofasico
7900083019841;25.00;monofasico
7900083019858;25.00;monofasico
7900083019865;25.00;monofasico
7900083019872;25.00;monofasico
7900083019889;25.00;monofasico
7900083019896;0.00;monofasico
7900083019902;25.00;monofasico
7900083019919;25.00;monofasico
7900083019926;25.00;monofasico
7900083019933;25.00;monofasico
7900083019940;25.00;monofasico
7900083019957;25.00;monofasico
7900083019964;25.00;monofasico
7900083019971;25.00;monofasico
7900083019988;0.00;monofasico
7900083021127;25.00;monofasico
7900083021134;25.00;monofasico
7900083021141;25.00;monofasico
7900083021158;25.00;monofasico
7900083021165;25.00;monofasico
7900083021172;25.00;monofasico
7900083021189;25.00;monofasico
7900083021196;25.00;monofasico
7900083021714;25.00;monofasico
7900083021721;25.00;monofasico
7900083021745;25.00;monofasico
7900083021752;25.00;monofasico
7900083021769;25.00;monofasico
7900083021776;25.00;monofasico
7900083021790;25.00;monofasico
7900083021806;25.00;monofasico
7900083021813;25.00;monofasico
7900083021820;25.00;monofasico
7900083021837;25.00;monofasico
7900083021844;25.00;monofasico
7900083021851;25.00;monofasico
7900083021868;25.00;monofasico
7900083021875;25.00;monofasico
7900083021882;25.00;monofasico
7900083022025;25.00;monofasico
7900083022032;25.00;monofasico
7900083022049;25.00;monofasico
7900083022056;25.00;monofasico
7900083022063;25.00;monofasico
7900083022070;25.00;monofasico
7900083022094;25.00;monofasico
7900083022322;25.00;monofasico
7900083022339;25.00;monofasico
7900083022346;25.00;monofasico
7900083022353;25.00;monofasico
7900083022360;25.00;monofasico
7900083022377;25.00;monofasico
7900083022551;25.00;monofasico
7900083022568;25.00;monofasico
7900083022575;25.00;monofasico
7900083022582;25.00;monofasico
7900083022599;25.00;monofasico
7900083022605;25.00;monofasico
7900083023015;25.00;monofasico
7900083023022;25.00;monofasico
7900107036434;12.00;real
7900107036458;12.00;real
7900107040165;12.00;real
7900107040172;12.00;real
7900107040196;12.00;real
7900107040202;12.00;real
7900107040349;12.00;real
7900107040363;12.00;real
7900107050157;18.00;real
7900107050218;18.00;real
7900107052076;18.00;real
7900107052083;18.00;real
7900601470000;0.00;monofasico
7901034000321;25.00;monofasico
7901034000338;25.00;monofasico
7901034000345;25.00;monofasico
7901034000352;25.00;monofasico
7901034000369;25.00;monofasico
7901034000376;25.00;monofasico
7901034000444;25.00;monofasico
7901034000451;25.00;monofasico
7901034000468;25.00;monofasico
7901034000475;25.00;monofasico
7901034000482;25.00;monofasico
7901034000499;25.00;monofasico
7901036706344;18.00;real
7901037700365;3.13;monofasico
7901037701270;3.13;monofasico
7901037701287;3.13;monofasico
7901037701423;3.13;monofasico
7901037701805;3.13;monofasico
7901037702338;3.13;monofasico
7901037702345;3.13;monofasico
7901042100853;4.00;presumido
7901042101751;4.00;presumido
7901042102079;0.00;monofasico
7901042102116;0.00;monofasico
7901042102673;4.00;presumido
7901042102901;4.00;presumido
7901042103281;4.00;presumido
7901042103533;0.00;monofasico
7901042103564;0.00;monofasico
7901042103687;4.00;presumido
7901042103717;4.00;presumido
7901042103793;0.00;monofasico
7901042103991;0.00;monofasico
7901042104059;0.00;monofasico
7901042104066;0.00;monofasico
7901042104103;4.00;presumido
7901042104110;4.00;presumido
7901042104226;4.00;presumido
7901042104301;0.00;monofasico
7901042104318;0.00;monofasico
7901042104325;0.00;monofasico
7901042104332;0.00;monofasico
7901042104356;4.00;presumido
7901042104370;0.00;monofasico
7901042104400;0.00;monofasico
7901042104578;0.00;monofasico
7901042104776;0.00;monofasico
7901042104783;0.00;monofasico
7901042104790;4.00;presumido
7901042104820;4.00;presumido
7901042105056;4.00;presumido
7901042105070;4.00;presumido
7901042105261;0.00;monofasico
7901042105285;4.00;presumido
7901042105377;4.00;presumido
7901042105414;4.00;presumido
7901042105421;4.00;presumido
7901042106688;4.00;presumido
7901042106695;4.00;presumido
7901042106718;4.00;presumido
7901042111866;4.00;presumido
7901042111873;4.00;presumido
7901042111897;4.00;presumido
7901042111903;4.00;presumido
7901042111910;4.00;presumido
7901042111927;4.00;presumido
7901042111934;4.00;presumido
7901042111958;4.00;presumido
7901042111965;4.00;presumido
7901042111972;4.00;presumido
7901042111996;4.00;presumido
7901128400006;18.00;monofasico
7901128400013;18.00;monofasico
7901128400020;18.00;monofasico
7901128400037;18.00;monofasico
7901128400044;18.00;monofasico
7901128400051;18.00;monofasico
7901128400068;18.00;monofasico
7901128400075;18.00;monofasico
7901128400082;18.00;monofasico
7901128400099;18.00;monofasico
7901128400105;18.00;monofasico
7901128400112;18.00;monofasico
7901128400167;18.00;monofasico
7901445341617;0.00;presumido
7901896029195;0.00;monofasico
7902224510309;0.00;monofasico
7902290358256;18.00;real
7902411490537;18.00;real
7902850360002;0.00;monofasico
7903814885135;0.00;monofasico
7904288793261;0.00;monofasico
7905860407880;0.00;monofasico
7907360240004;18.00;presumido
7908011766461;0.00;monofasico
7908011794730;0.00;monofasico
7908034408010;4.00;real
7908035800042;18.00;real
7908035800165;18.00;real
7908038600014;12.00;monofasico
7908038600441;12.00;monofasico
7908038600717;12.00;monofasico
7908038600724;12.00;monofasico
7908038600755;12.00;monofasico
7908038600908;0.00;monofasico
7908038600939;12.00;monofasico
7908038601400;12.00;monofasico
7908038601677;0.00;monofasico
7908038602926;25.00;monofasico
7908038602995;12.00;monofasico
7908038603008;0.00;monofasico
7908038604425;0.00;monofasico
7908038604593;12.00;monofasico
7908038605880;0.00;monofasico
7908038606610;12.00;monofasico
7908038606849;0.00;monofasico
7908038607396;25.00;real
7908038607488;12.00;monofasico
7908038607525;0.00;monofasico
7908038607808;12.00;monofasico
7908038607938;12.00;monofasico
7908038607945;12.00;monofasico
7908038607969;12.00;monofasico
7908038608003;12.00;monofasico
7908038608010;0.00;monofasico
7908038608027;0.00;monofasico
7908038608034;12.00;monofasico
7908038608041;12.00;monofasico
7908038608058;12.00;monofasico
7908038608065;12.00;monofasico
7908038608072;12.00;monofasico
7908038608201;12.00;monofasico
7908038608218;12.00;monofasico
7908038608492;12.00;monofasico
7908038608508;12.00;monofasico
7908038608515;12.00;monofasico
7908038608522;12.00;monofasico
7908038608539;12.00;monofasico
7908038608546;12.00;monofasico
7908038608553;12.00;monofasico
7908038608560;12.00;monofasico
7908038608577;12.00;monofasico
7908038608584;12.00;monofasico
7908038608591;12.00;monofasico
7908038608607;12.00;monofasico
7908038608614;12.00;monofasico
7908038608621;12.00;monofasico
7908038608638;12.00;monofasico
7908038608645;12.00;monofasico
7908038608652;12.00;monofasico
7908038608669;12.00;monofasico
7908038608676;12.00;monofasico
7908038608782;12.00;monofasico
7908038608799;12.00;monofasico
7908038608805;12.00;monofasico
7908038608812;12.00;monofasico
7908038608850;12.00;monofasico
7908038608874;12.00;monofasico
7908038608881;12.00;monofasico
7908038608898;12.00;monofasico
7908038608904;12.00;monofasico
7908038608911;12.00;monofasico
7908038608966;12.00;monofasico
7908038608973;12.00;monofasico
7908044743842;25.00;monofasico
7908044743859;25.00;monofasico
7908048300027;0.00;monofasico
7908048300034;0.00;monofasico
7908048300058;0.00;monofasico
7908048300065;0.00;monofasico
7908048300157;0.00;monofasico
7908060114404;25.00;monofasico
7908060115517;0.00;monofasico
7908060115777;25.00;monofasico
7908060116668;25.00;monofasico
7908060116743;0.00;monofasico
7908060118037;25.00;monofasico
7908060118648;0.00;monofasico
7908060120566;0.00;monofasico
7908060122522;25.00;monofasico
7908060122560;0.00;monofasico
7908072502695;18.00;presumido
7908072503043;18.00;presumido
7908072503227;18.00;presumido
7908072506020;18.00;presumido
7908072506136;18.00;presumido
7908072507966;18.00;presumido
7908072508116;18.00;presumido
7908072508130;18.00;presumido
7908072508253;18.00;presumido
7908072509175;18.00;presumido
7908072509182;18.00;presumido
7908072509359;18.00;presumido
7908072510287;18.00;presumido
7908072512373;18.00;presumido
7908072512403;18.00;presumido
7908072512410;18.00;presumido
7908072512427;18.00;presumido
7908072512458;18.00;presumido
7908072512991;18.00;presumido
7908072513035;18.00;presumido
7908072513271;18.00;presumido
7908072513288;18.00;presumido
7908072513301;18.00;presumido
7908072513325;18.00;presumido
7908072513356;18.00;presumido
7908072513363;18.00;presumido
7908072513370;18.00;presumido
7908072513479;18.00;presumido
7908072513554;18.00;presumido
7908072513752;18.00;presumido
7908072513820;18.00;presumido
7908072514223;18.00;presumido
7908072514230;18.00;presumido
7908072514384;18.00;presumido
7908072514421;18.00;presumido
7908072514490;18.00;presumido
7908072514513;18.00;presumido
7908072514728;18.00;presumido
7908072514803;18.00;presumido
7908072514810;18.00;presumido
7908072514872;18.00;presumido
7908072514964;18.00;presumido
7908072515015;18.00;presumido
7908072515039;18.00;presumido
7908072515145;18.00;presumido
7908072515251;18.00;presumido
7908072515367;18.00;presumido
7908072515435;18.00;presumido
7908072515527;18.00;presumido
7908072515534;18.00;presumido
7908072515541;18.00;presumido
7908072515572;18.00;presumido
7908072515657;18.00;presumido
7908072515671;18.00;presumido
7908072515718;18.00;presumido
7908072515725;18.00;presumido
7908072515831;18.00;presumido
7908072516067;18.00;presumido
7908072516241;18.00;presumido
7908072516258;18.00;presumido
7908072516395;18.00;presumido
7908072516524;18.00;presumido
7908072516760;18.00;presumido
7908072516821;18.00;presumido
7908072516883;18.00;presumido
7908072516890;18.00;presumido
7908072516906;18.00;presumido
7908072516920;18.00;presumido
7908072517002;18.00;presumido
7908072517026;18.00;presumido
7908072517033;18.00;presumido
7908072517040;18.00;presumido
7908072517095;18.00;presumido
7908072517101;18.00;presumido
7908072517118;18.00;presumido
7908072517125;18.00;presumido
7908072517132;18.00;presumido
7908072517149;18.00;presumido
7908072517156;18.00;presumido
7908072517163;18.00;presumido
7908072517224;18.00;presumido
7908072517248;18.00;presumido
7908072517255;18.00;presumido
7908072517262;18.00;presumido
7908072517279;18.00;presumido
7908072517286;18.00;presumido
7908072517316;18.00;presumido
7908072517323;18.00;presumido
7908072517330;18.00;presumido
7908072517347;18.00;presumido
7908072517354;18.00;presumido
7908072517361;18.00;presumido
7908072517378;18.00;presumido
7908072517385;18.00;presumido
7908072517484;18.00;presumido
7908072517521;18.00;presumido
7908072517545;18.00;presumido
7908072517552;18.00;presumido
7908072517583;18.00;presumido
7908072517804;18.00;presumido
7908072517811;18.00;presumido
7908072517842;18.00;presumido
7908072517873;18.00;presumido
7908072517934;18.00;presumido
7908072517989;18.00;presumido
7908072518023;18.00;presumido
7908072518047;18.00;presumido
7908072518054;18.00;presumido
7908072518078;18.00;presumido
7908072518115;18.00;presumido
7908072518146;18.00;presumido
7908072518153;18.00;presumido
7908072518252;18.00;presumido
7908072518429;18.00;presumido
7908072518535;18.00;presumido
7908072518542;18.00;presumido
7908083514274;0.00;monofasico
7908103706788;18.00;real
7908103707341;18.00;real
7908103707365;18.00;real
7908103717463;18.00;real
7908103717524;0.00;monofasico
7908103718255;18.00;real
7908103718262;18.00;real
7908103718590;18.00;real
7908103719955;18.00;real
7908103719962;18.00;real
7908103720470;18.00;real
7908103720494;18.00;real
7908103721095;18.00;real
7908103721101;18.00;real
7908103721156;18.00;real
7908103721187;18.00;real
7908103726595;18.00;real
7908103726601;18.00;real
7908103726618;18.00;real
7908103726625;18.00;real
7908103726717;18.00;real
7908103726724;18.00;real
7908103726731;18.00;real
7908103726748;18.00;real
7908103732015;18.00;real
7908103732022;18.00;real
7908103737751;18.00;real
7908103744919;18.00;real
7908103744940;18.00;real
7908103744957;18.00;real
7908103745176;18.00;real
7908103745572;18.00;real
7908103745589;18.00;real
7908103745596;18.00;monofasico
7908103745602;18.00;monofasico
7908103745633;18.00;real
7908103746838;18.00;real
7908103746845;18.00;real
7908103753348;18.00;real
7908103753676;18.00;real
7908103753706;18.00;real
7908103758251;18.00;real
7908103758268;18.00;real
7908103759326;18.00;real
7908103761237;18.00;real
7908103761251;18.00;real
7908103761398;18.00;real
7908103761411;18.00;real
7908103761749;18.00;real
7908103762319;18.00;real
7908103762326;18.00;real
7908103762333;18.00;real
7908103762425;18.00;real
7908103762661;18.00;real
7908103762678;18.00;real
7908103762708;18.00;real
7908103762715;18.00;real
7908103762722;18.00;real
7908103763064;18.00;real
7908103763071;18.00;real
7908103765549;18.00;monofasico
7908103765556;18.00;monofasico
7908103765563;18.00;real
7908103765570;18.00;real
7908103765587;18.00;real
7908103765594;18.00;real
7908103765600;0.00;monofasico
7908103765617;18.00;monofasico
7908103765624;18.00;monofasico
7908103765631;18.00;real
7908103765648;25.00;monofasico
7908103769714;18.00;real
7908103769745;18.00;real
7908103769806;18.00;real
7908103769820;18.00;real
7908103769974;18.00;real
7908103769981;18.00;real
7908103770062;18.00;real
7908103770093;18.00;real
7908103770758;18.00;real
7908103770765;18.00;real
7908103772202;18.00;real
7908103772493;18.00;real
7908103772509;18.00;real
7908103772516;18.00;real
7908103772523;18.00;real
7908103772530;18.00;real
7908103772547;18.00;real
7908103772615;18.00;real
7908103772622;18.00;real
7908103772639;18.00;real
7908103773094;18.00;real
7908103773100;18.00;real
7908103775364;18.00;real
7908103775371;18.00;real
7908103775777;18.00;real
7908103780948;18.00;real
7908103781051;18.00;real
7908103781068;18.00;real
7908103782621;18.00;real
7908103785394;18.00;real
7908103785417;18.00;real
7908103785424;18.00;real
7908103787800;18.00;real
7908103787886;18.00;real
7908103787916;18.00;real
7908103787923;18.00;real
7908103787930;18.00;real
7908103787947;18.00;real
7908103787954;18.00;real
7908103788166;18.00;real
7908103788197;18.00;real
7908103788258;18.00;real
7908103788265;18.00;real
7908103788616;18.00;real
7908103788623;18.00;real
7908103788647;18.00;real
7908103788654;18.00;real
7908103788678;18.00;real
7908103788692;18.00;real
7908103788821;18.00;real
7908103790541;18.00;real
7908103790565;18.00;real
7908103794150;18.00;real
7908103794167;18.00;real
7908103795706;18.00;real
7908103795713;18.00;real
7908103795720;18.00;real
7908103796796;18.00;real
7908103797298;18.00;real
7908103797328;18.00;real
7908103797335;18.00;real
7908103797342;18.00;real
7908103797359;18.00;real
7908103808468;18.00;real
7908103808970;18.00;real
7908103808987;18.00;real
7908103808994;18.00;real
7908103809007;18.00;real
7908103809021;18.00;real
7908103809861;18.00;real
7908103809878;18.00;real
7908103809908;18.00;real
7908103809953;18.00;real
7908103810584;18.00;real
7908103810591;18.00;real
7908103810645;18.00;real
7908103811123;18.00;real
7908103811130;18.00;real
7908103811192;18.00;real
7908103811208;18.00;real
7908103821672;18.00;real
7908103821702;18.00;real
7908103821726;18.00;real
7908103821795;18.00;real
7908103821818;18.00;real
7908103821825;18.00;real
7908103821887;18.00;real
7908103821931;18.00;real
7908103821979;18.00;real
7908103822013;18.00;real
7908103822426;18.00;real
7908103823959;18.00;real
7908103823966;18.00;real
7908109800039;25.00;monofasico
7908109800046;25.00;monofasico
7908109800053;18.00;monofasico
7908109800060;18.00;monofasico
7908109800114;0.00;monofasico
7908109800206;25.00;monofasico
7908109800220;25.00;monofasico
7908109800268;25.00;monofasico
7908109800299;25.00;monofasico
7908109800336;25.00;monofasico
7908109800381;0.00;monofasico
7908109800398;0.00;monofasico
7908109800404;0.00;monofasico
7908109800442;25.00;monofasico
7908109800459;25.00;monofasico
7908109800466;0.00;monofasico
7908109800619;25.00;monofasico
7908109800626;25.00;monofasico
7908109800633;25.00;monofasico
7908109800640;0.00;monofasico
7908109800657;25.00;monofasico
7908109800794;25.00;monofasico
7908109800855;25.00;monofasico
7908109800862;25.00;monofasico
7908109801043;25.00;monofasico
7908109801098;25.00;monofasico
7908109801104;25.00;monofasico
7908109801111;25.00;monofasico
7908109801128;25.00;monofasico
7908109801135;25.00;monofasico
7908109801142;18.00;presumido
7908109801159;18.00;presumido
7908109801166;18.00;presumido
7908109801173;25.00;monofasico
7908109801203;25.00;monofasico
7908109801210;25.00;monofasico
7908109801234;18.00;monofasico
7908109801241;25.00;monofasico
7908109801258;25.00;monofasico
7908109801265;18.00;monofasico
7908109801272;25.00;monofasico
7908109801289;25.00;monofasico
7908109801296;0.00;presumido
7908109801302;25.00;monofasico
7908109801319;25.00;real
7908109801388;25.00;monofasico
7908109801425;25.00;monofasico
7908109801524;25.00;monofasico
7908109801531;25.00;monofasico
7908109801548;25.00;monofasico
7908109801555;25.00;monofasico
7908109801579;25.00;monofasico
7908109801722;25.00;monofasico
7908124400306;25.00;monofasico
7908124400337;25.00;monofasico
7908124400870;25.00;monofasico
7908124401495;18.00;monofasico
7908124401518;0.00;monofasico
7908124401761;0.00;monofasico
7908124401778;25.00;monofasico
7908124401785;25.00;monofasico
7908124401792;25.00;monofasico
7908124401990;0.00;monofasico
7908124402331;25.00;monofasico
7908124402744;18.00;monofasico
7908124405653;18.00;monofasico
7908124405882;18.00;monofasico
7908124405929;25.00;monofasico
7908124406933;25.00;monofasico
7908124407077;25.00;monofasico
7908124407145;25.00;monofasico
7908124407152;25.00;monofasico
7908124407169;25.00;monofasico
7908124407176;25.00;monofasico
7908124407183;25.00;monofasico
7908124407190;25.00;monofasico
7908124407206;25.00;monofasico
7908124407220;25.00;monofasico
7908124407237;25.00;monofasico
7908124407251;18.00;monofasico
7908124407268;25.00;monofasico
7908124407275;25.00;monofasico
7908124407282;25.00;monofasico
7908124407565;18.00;monofasico
7908124407572;18.00;monofasico
7908124407596;25.00;monofasico
7908124407640;18.00;monofasico
7908124407671;18.00;monofasico
7908124407688;25.00;monofasico
7908124407961;18.00;monofasico
7908124407985;25.00;monofasico
7908124407992;25.00;monofasico
7908124408005;25.00;monofasico
7908124408012;25.00;monofasico
7908124408258;25.00;monofasico
7908124408265;25.00;monofasico
7908124408272;25.00;monofasico
7908124408289;25.00;monofasico
7908124408333;18.00;monofasico
7908124408401;25.00;real
7908124408418;25.00;real
7908124408425;25.00;real
7908124408432;25.00;real
7908124408449;25.00;real
7908124408456;25.00;monofasico
7908124408463;0.00;monofasico
7908124408470;25.00;monofasico
7908124408487;25.00;monofasico
7908124408494;18.00;monofasico
7908124408531;25.00;monofasico
7908124408593;18.00;monofasico
7908124408623;25.00;monofasico
7908124408661;25.00;monofasico
7908124408678;25.00;monofasico
7908124408685;25.00;monofasico
7908124408692;25.00;monofasico
7908124408708;25.00;monofasico
7908124408715;25.00;monofasico
7908124408722;25.00;monofasico
7908124408739;18.00;monofasico
7908124408746;25.00;monofasico
7908124408852;18.00;monofasico
7908124408876;25.00;monofasico
7908124408883;25.00;monofasico
7908124408906;25.00;monofasico
7908124408913;25.00;monofasico
7908124408951;18.00;monofasico
7908124408975;25.00;monofasico
7908124409019;25.00;monofasico
7908124409026;25.00;monofasico
7908124409033;25.00;monofasico
7908125202350;0.00;real
7908148500013;0.00;real
7908148500020;0.00;presumido
7908148500082;0.00;monofasico
7908148500099;0.00;monofasico
7908148500808;0.00;monofasico
7908148500860;18.00;real
7908148501454;0.00;presumido
7908148501737;0.00;monofasico
7908148501744;0.00;monofasico
7908148501751;0.00;monofasico
7908148501997;4.00;real
7908148503540;0.00;monofasico
7908148508095;4.00;real
7908148508163;0.00;monofasico
7908148508170;0.00;monofasico
7908148508293;0.00;presumido
7908148509252;0.00;monofasico
7908148509740;0.00;monofasico
7908148510012;0.00;monofasico
7908148510562;0.00;monofasico
7908148510593;0.00;monofasico
7908148510654;4.00;real
7908148510661;4.00;real
7908148510807;0.00;monofasico
7908148512320;0.00;monofasico
7908148558250;0.00;real
7908148559981;0.00;monofasico
7908148561755;0.00;presumido
7908148571884;0.00;presumido
7908148580688;0.00;presumido
7908148581302;4.00;real
7908148583429;0.00;monofasico
7908148584198;4.00;real
7908148584839;0.00;presumido
7908148584884;0.00;presumido
7908148587236;4.00;real
7908148588707;0.00;presumido
7908148588721;0.00;presumido
7908148589308;4.00;real
7908148589353;0.00;monofasico
7908148589438;0.00;monofasico
7908148590618;0.00;monofasico
7908148591738;0.00;real
7908148592940;4.00;real
7908148593664;0.00;monofasico
7908148594036;0.00;monofasico
7908148595415;0.00;monofasico
7908148595422;0.00;real
7908148595736;0.00;monofasico
7908153815430;0.00;presumido
7908153815454;0.00;presumido
7908153819407;0.00;monofasico
7908153820557;0.00;presumido
7908153820984;18.00;presumido
7908153821585;0.00;monofasico
7908153821936;0.00;presumido
7908153822018;0.00;real
7908153822025;0.00;presumido
7908153822179;0.00;presumido
7908153822230;0.00;real
7908153822247;0.00;presumido
7908153822278;0.00;presumido
7908153822377;0.00;presumido
7908153822384;0.00;presumido
7908153822520;0.00;real
7908153822537;0.00;presumido
7908153822551;0.00;presumido
7908153823367;0.00;presumido
7908153823374;0.00;presumido
7908153824333;0.00;monofasico
7908153824364;0.00;monofasico
7908153824388;0.00;monofasico
7908153824555;0.00;presumido
7908153826610;0.00;real
7908153826627;0.00;presumido
7908153826740;0.00;presumido
7908153826771;0.00;presumido
7908153827266;0.00;monofasico
7908153827426;0.00;presumido
7908153827518;0.00;monofasico
7908153827815;0.00;monofasico
7908153827839;0.00;real
7908153828003;0.00;presumido
7908153828010;0.00;presumido
7908153828027;0.00;presumido
7908153828317;0.00;monofasico
7908153828836;0.00;monofasico
7908153829994;18.00;presumido
7908153830013;0.00;real
7908153830051;0.00;presumido
7908153830112;0.00;presumido
7908153830129;0.00;presumido
7908153830181;0.00;presumido
7908153830198;0.00;monofasico
7908153830334;0.00;monofasico
7908153830365;18.00;presumido
7908153830419;18.00;presumido
7908153830457;18.00;presumido
7908153830464;18.00;presumido
7908153830501;18.00;presumido
7908153831010;0.00;monofasico
7908153831027;18.00;presumido
7908153831409;0.00;presumido
7908153831607;0.00;presumido
7908153832857;25.00;monofasico
7908153832864;18.00;presumido
7908153832871;0.00;presumido
7908153832901;18.00;presumido
7908153832932;0.00;presumido
7908153833540;0.00;presumido
7908153833557;0.00;monofasico
7908153833618;0.00;monofasico
7908153833632;0.00;monofasico
7908153833649;0.00;monofasico
7908153835285;18.00;presumido
7908153835360;18.00;presumido
7908153835407;18.00;presumido
7908153835445;18.00;presumido
7908153835551;18.00;presumido
7908153838507;18.00;presumido
7908153838644;18.00;real
7908153839344;0.00;presumido
7908153839399;0.00;presumido
7908153839412;0.00;presumido
7908153839443;0.00;presumido
7908153839597;18.00;presumido
7908153839603;0.00;presumido
7908153839627;0.00;presumido
7908153839634;0.00;presumido
7908153839658;0.00;monofasico
7908153839672;0.00;presumido
7908153839702;0.00;presumido
7908153839719;18.00;presumido
7908153839726;18.00;presumido
7908153839771;18.00;presumido
7908153839788;18.00;real
7908153839795;0.00;presumido
7908153840128;0.00;real
7908153840319;0.00;monofasico
7908153840326;0.00;monofasico
7908153840333;0.00;monofasico
7908153840357;0.00;monofasico
7908153840371;0.00;monofasico
7908153840388;0.00;monofasico
7908153840395;0.00;monofasico
7908153840401;0.00;presumido
7908153840418;0.00;presumido
7908153840425;0.00;presumido
7908153840432;0.00;real
7908153840449;0.00;presumido
7908153841040;0.00;presumido
7908153841149;0.00;monofasico
7908153841156;0.00;monofasico
7908153841279;18.00;presumido
7908153841699;18.00;presumido
7908153841781;18.00;presumido
7908153841835;0.00;presumido
7908153842542;0.00;real
7908153842580;0.00;real
7908153842597;0.00;presumido
7908153842627;0.00;presumido
7908153842641;0.00;real
7908153842658;0.00;real
7908153842887;0.00;real
7908153842894;0.00;real
7908153843013;0.00;presumido
7908153843020;0.00;presumido
7908153843044;0.00;presumido
7908153843068;0.00;presumido
7908153843198;0.00;real
7908153843402;0.00;presumido
7908153843495;0.00;monofasico
7908153843938;18.00;presumido
7908153844034;18.00;presumido
7908153844683;18.00;presumido
7908153846694;0.00;monofasico
7908153846717;0.00;presumido
7908153846861;0.00;real
7908153848636;0.00;real
7908153848643;0.00;real
7908153848667;0.00;real
7908153848674;0.00;presumido
7908153848697;0.00;monofasico
7908153848810;0.00;monofasico
7908153848827;0.00;monofasico
7908153848834;0.00;presumido
7908153848872;0.00;monofasico
7908153848896;0.00;monofasico
7908153849442;0.00;monofasico
7908153849527;0.00;real
7908153849565;0.00;presumido
7908153849817;0.00;monofasico
7908155402935;18.00;real
7908155402942;12.00;real
7908168201884;0.00;monofasico
7908168213542;0.00;monofasico
7908168247745;0.00;monofasico
7908168248780;0.00;monofasico
7908168251483;0.00;monofasico
7908168252503;0.00;monofasico
7908168253487;0.00;monofasico
7908168262441;0.00;monofasico
7908168264407;0.00;monofasico
7908168265794;0.00;presumido
7908168265800;0.00;monofasico
7908168267262;0.00;monofasico
7908192100641;18.00;presumido
7908192100672;0.00;presumido
7908209800120;25.00;monofasico
7908209801592;0.00;monofasico
7908209801769;25.00;monofasico
7908209801776;25.00;monofasico
7908209801868;25.00;monofasico
7908209801882;25.00;monofasico
7908209802230;0.00;monofasico
7908209802261;0.00;monofasico
7908209802360;0.00;monofasico
7908209802391;0.00;monofasico
7908209802544;25.00;monofasico
7908209802568;0.00;monofasico
7908209802582;0.00;monofasico
7908209802711;25.00;monofasico
7908209803077;0.00;monofasico
7908209804487;25.00;real
7908209804548;0.00;monofasico
7908209804715;0.00;monofasico
7908209805149;25.00;monofasico
7908209805484;0.00;monofasico
7908209805606;0.00;monofasico
7908209805644;0.00;monofasico
7908209805774;0.00;monofasico
7908209805798;0.00;monofasico
7908209805811;25.00;monofasico
7908209805866;0.00;monofasico
7908209805880;0.00;monofasico
7908209805910;0.00;monofasico
7908209805934;0.00;monofasico
7908209806184;25.00;monofasico
7908209806207;0.00;monofasico
7908209806221;25.00;monofasico
7908209806245;25.00;monofasico
7908209806269;25.00;monofasico
7908209806344;0.00;monofasico
7908209806962;0.00;monofasico
7908209807235;0.00;monofasico
7908209807273;0.00;monofasico
7908209807334;25.00;monofasico
7908209807464;25.00;monofasico
7908209807600;25.00;monofasico
7908209807730;0.00;monofasico
7908209807754;0.00;monofasico
7908209807778;0.00;monofasico
7908209807792;25.00;monofasico
7908209807815;0.00;monofasico
7908209807839;0.00;monofasico
7908209807853;0.00;monofasico
7908209807877;0.00;monofasico
7908209807891;0.00;monofasico
7908209807914;0.00;monofasico
7908209808126;25.00;monofasico
7908209808133;25.00;monofasico
7908209808140;25.00;monofasico
7908209808157;25.00;monofasico
7908209808171;25.00;monofasico
7908209808195;25.00;monofasico
7908209808218;25.00;monofasico
7908209808232;0.00;monofasico
7908209808379;25.00;monofasico
7908209808393;25.00;monofasico
7908209808416;25.00;monofasico
7908209808430;25.00;monofasico
7908209808478;25.00;monofasico
7908209808904;25.00;monofasico
7908209808942;0.00;monofasico
7908209809185;0.00;monofasico
7908209809222;0.00;monofasico
7908209809246;25.00;monofasico
7908209809260;0.00;monofasico
7908209809307;0.00;monofasico
7908209809734;25.00;monofasico
7908209809758;25.00;monofasico
7908209809772;25.00;monofasico
7908209809796;25.00;monofasico
7908209809819;25.00;monofasico
7908209809833;25.00;monofasico
7908209809857;25.00;monofasico
7908209809871;25.00;monofasico
7908209810143;25.00;monofasico
7908209810167;25.00;monofasico
7908209810181;25.00;monofasico
7908209810204;25.00;monofasico
7908209810228;25.00;monofasico
7908209810242;25.00;monofasico
7908209810266;25.00;monofasico
7908209810280;25.00;monofasico
7908209810303;25.00;monofasico
7908209810563;25.00;monofasico
7908209810587;25.00;monofasico
7908209810600;25.00;monofasico
7908209810624;25.00;monofasico
7908209810648;25.00;monofasico
7908209810662;25.00;monofasico
7908209810686;0.00;monofasico
7908209810709;25.00;monofasico
7908209810723;25.00;monofasico
7908209810747;25.00;monofasico
7908209810761;25.00;monofasico
7908209810815;25.00;monofasico
7908209810839;25.00;monofasico
7908209810853;0.00;monofasico
7908209810877;0.00;monofasico
7908209810891;0.00;monofasico
7908209810914;0.00;monofasico
7908209811454;25.00;monofasico
7908209811478;25.00;monofasico
7908209811492;25.00;monofasico
7908209811515;25.00;monofasico
7908209811539;25.00;monofasico
7908209811560;25.00;monofasico
7908209811584;25.00;monofasico
7908209811607;25.00;monofasico
7908209811621;25.00;monofasico
7908209811645;25.00;monofasico
7908209811669;25.00;monofasico
7908209811683;25.00;monofasico
7908209812185;25.00;monofasico
7908209812208;25.00;monofasico
7908209812222;25.00;monofasico
7908209812246;25.00;monofasico
7908209812260;25.00;monofasico
7908215503909;18.00;presumido
7908215504494;18.00;presumido
7908223405813;18.00;real
7908226910604;0.00;monofasico
7908228000303;18.00;real
7908228000372;18.00;real
7908228804536;18.00;real
7908228804543;18.00;real
7908228804550;18.00;real
7908228805151;18.00;presumido
7908239721044;25.00;monofasico
7908239721051;18.00;monofasico
7908239721068;0.00;monofasico
7908239721075;0.00;monofasico
7908239721327;25.00;monofasico
7908239721334;0.00;monofasico
7908239721341;25.00;monofasico
7908239721358;25.00;monofasico
7908239722300;18.00;monofasico
7908239722317;25.00;monofasico
7908239722324;25.00;monofasico
7908239722331;0.00;monofasico
7908239723789;0.00;monofasico
7908239723796;25.00;monofasico
7908240501321;25.00;monofasico
7908240501390;25.00;monofasico
7908240503264;25.00;monofasico
7908240503547;25.00;monofasico
7908240503554;25.00;monofasico
7908240505626;0.00;monofasico
7908240506999;0.00;monofasico
7908240507019;25.00;monofasico
7908240507033;0.00;monofasico
7908240507040;25.00;monofasico
7908240507187;25.00;monofasico
7908240507194;25.00;monofasico
7908240507408;25.00;monofasico
7908240508733;25.00;monofasico
7908240508801;0.00;monofasico
7908240509006;0.00;monofasico
7908240509013;0.00;monofasico
7908240509020;0.00;monofasico
7908240509037;0.00;monofasico
7908240509044;25.00;monofasico
7908240509051;25.00;monofasico
7908240509488;25.00;monofasico
7908240509525;25.00;monofasico
7908240509556;25.00;monofasico
7908240509563;25.00;monofasico
7908240509686;0.00;monofasico
7908240509891;0.00;monofasico
7908240509907;0.00;monofasico
7908240509914;0.00;monofasico
7908240509921;0.00;monofasico
7908240509938;0.00;monofasico
7908240509945;0.00;monofasico
7908240509952;0.00;monofasico
7908240509976;25.00;monofasico
7908240510088;25.00;monofasico
7908240510941;0.00;monofasico
7908240511108;0.00;monofasico
7908240511115;25.00;monofasico
7908240512389;25.00;monofasico
7908240512518;25.00;monofasico
7908240512686;25.00;monofasico
7908240512693;25.00;monofasico
7908240512709;25.00;monofasico
7908240512716;25.00;monofasico
7908240513119;0.00;monofasico
7908240513126;25.00;monofasico
7908240514024;0.00;monofasico
7908240514215;25.00;monofasico
7908240514222;25.00;monofasico
7908240514239;25.00;monofasico
7908240514253;25.00;monofasico
7908240514260;25.00;monofasico
7908240514277;25.00;monofasico
7908240514284;25.00;monofasico
7908240514307;25.00;monofasico
7908240514314;25.00;monofasico
7908240514338;25.00;monofasico
7908240514345;25.00;monofasico
7908240515694;25.00;monofasico
7908240515700;25.00;monofasico
7908240515717;25.00;monofasico
7908240516295;25.00;monofasico
7908240516400;25.00;monofasico
7908240516417;25.00;monofasico
7908240516424;25.00;monofasico
7908240516530;25.00;monofasico
7908240516547;25.00;monofasico
7908240516585;0.00;monofasico
7908240516608;25.00;monofasico
7908240516721;25.00;monofasico
7908240516769;25.00;monofasico
7908240516813;25.00;monofasico
7908240516868;25.00;monofasico
7908240516899;25.00;monofasico
7908240517162;25.00;monofasico
7908240517186;25.00;monofasico
7908240517209;25.00;monofasico
7908240517254;25.00;monofasico
7908240517261;18.00;presumido
7908240517285;0.00;monofasico
7908240517414;25.00;monofasico
7908240517452;0.00;monofasico
7908240517520;0.00;monofasico
7908240517537;25.00;monofasico
7908240517544;25.00;monofasico
7908240517551;25.00;monofasico
7908240517568;25.00;monofasico
7908240517575;25.00;monofasico
7908240517582;25.00;monofasico
7908240517599;25.00;monofasico
7908240517605;25.00;monofasico
7908240517612;25.00;monofasico
7908240517629;25.00;monofasico
7908240517636;25.00;monofasico
7908240517643;25.00;monofasico
7908240517919;25.00;monofasico
7908240518428;0.00;monofasico
7908240520520;0.00;monofasico
7908240520544;0.00;monofasico
7908240520681;25.00;monofasico
7908240520698;25.00;monofasico
7908240520704;25.00;monofasico
7908240520711;25.00;monofasico
7908240520728;25.00;monofasico
7908240520735;25.00;monofasico
7908240520940;25.00;monofasico
7908240520971;0.00;monofasico
7908240521046;25.00;monofasico
7908240521053;25.00;monofasico
7908240521060;25.00;monofasico
7908240521077;25.00;monofasico
7908240521084;25.00;monofasico
7908240521091;25.00;monofasico
7908240521527;0.00;monofasico
7908240521596;25.00;real
7908240521732;25.00;monofasico
7908240521749;25.00;monofasico
7908240521756;25.00;monofasico
7908240521763;25.00;monofasico
7908240521787;25.00;monofasico
7908240521794;25.00;monofasico
7908240522098;0.00;monofasico
7908240522128;0.00;monofasico
7908240522159;0.00;monofasico
7908240522319;0.00;monofasico
7908240522326;18.00;monofasico
7908240522975;0.00;monofasico
7908240522982;0.00;monofasico
7908240522999;0.00;monofasico
7908240523132;0.00;monofasico
7908240523217;0.00;monofasico
7908240523224;0.00;monofasico
7908240523231;0.00;monofasico
7908240523255;0.00;monofasico
7908240523262;0.00;monofasico
7908240523545;0.00;monofasico
7908240523552;0.00;monofasico
7908240523637;0.00;monofasico
7908240524276;25.00;monofasico
7908240524337;25.00;monofasico
7908240524344;25.00;monofasico
7908240524368;25.00;monofasico
7908240524382;0.00;monofasico
7908240524467;0.00;monofasico
7908240524481;0.00;monofasico
7908240524764;0.00;monofasico
7908240524771;0.00;monofasico
7908240524788;25.00;monofasico
7908240524795;25.00;monofasico
7908240524801;0.00;monofasico
7908240524818;0.00;monofasico
7908240525808;25.00;monofasico
7908240525945;25.00;monofasico
7908240525952;0.00;monofasico
7908240525969;25.00;monofasico
7908240525976;0.00;monofasico
7908240525990;25.00;monofasico
7908240526003;25.00;monofasico
7908240526393;25.00;monofasico
7908240526409;25.00;monofasico
7908240526416;25.00;monofasico
7908240526423;25.00;monofasico
7908240526430;25.00;monofasico
7908240526447;25.00;monofasico
7908240526454;25.00;monofasico
7908240526461;25.00;monofasico
7908240526546;25.00;monofasico
7908240526553;0.00;monofasico
7908240526560;25.00;monofasico
7908240526935;25.00;monofasico
7908240526942;0.00;monofasico
7908240527031;25.00;monofasico
7908240527048;0.00;monofasico
7908240529301;25.00;monofasico
7908244304928;0.00;real
7908244324445;0.00;monofasico
7908244600945;0.00;real
7908289900437;25.00;monofasico
7908289900550;0.00;monofasico
7908289900765;25.00;monofasico
7908289900864;0.00;monofasico
7908296000380;0.00;monofasico
7908296000441;0.00;monofasico
7908296000748;25.00;monofasico
7908315708242;0.00;monofasico
7908323326308;4.00;real
7908323326322;4.00;real
7908323334723;4.00;real
7908323372077;4.00;real
7908323372084;4.00;real
7908323372091;4.00;real
7908323372121;4.00;real
7908323372787;4.00;real
7908323372961;4.00;real
7908323372978;4.00;real
7908323374736;4.00;real
7908323375061;4.00;real
7908323375078;4.00;real
7908323380041;4.00;real
7908323380089;4.00;real
7908324400120;0.00;monofasico
7908324400540;12.00;monofasico
7908324400847;18.00;monofasico
7908324400861;18.00;monofasico
7908324400878;18.00;monofasico
7908324401141;0.00;monofasico
7908324401158;0.00;monofasico
7908324401165;18.00;monofasico
7908324401202;18.00;monofasico
7908324401431;18.00;monofasico
7908324401448;0.00;monofasico
7908324401455;0.00;monofasico
7908324401615;18.00;monofasico
7908324402360;18.00;monofasico
7908324402384;18.00;monofasico
7908324402407;18.00;monofasico
7908324402414;0.00;monofasico
7908324402483;0.00;monofasico
7908324402490;0.00;monofasico
7908324402537;0.00;monofasico
7908324402544;0.00;monofasico
7908324403084;12.00;monofasico
7908324403091;12.00;monofasico
7908324403107;18.00;monofasico
7908324403114;18.00;monofasico
7908324403497;12.00;monofasico
7908324403503;12.00;monofasico
7908324403510;12.00;monofasico
7908324403527;12.00;monofasico
7908324403800;25.00;monofasico
7908324403985;0.00;monofasico
7908324404005;0.00;monofasico
7908324404012;0.00;monofasico
7908324404029;0.00;monofasico
7908324404050;25.00;monofasico
7908324404074;18.00;monofasico
7908324404081;0.00;monofasico
7908324404098;25.00;monofasico
7908324404104;25.00;monofasico
7908324404128;25.00;monofasico
7908324404135;0.00;monofasico
7908324404166;0.00;monofasico
7908324404234;25.00;monofasico
7908324404241;18.00;monofasico
7908324404272;18.00;monofasico
7908324404289;0.00;monofasico
7908324404302;18.00;monofasico
7908324404333;18.00;monofasico
7908324404340;25.00;monofasico
7908324404357;25.00;monofasico
7908324404364;25.00;monofasico
7908324404395;18.00;monofasico
7908324404401;0.00;monofasico
7908324404418;18.00;monofasico
7908324404449;0.00;monofasico
7908324404463;18.00;monofasico
7908324404470;25.00;monofasico
7908324404487;25.00;monofasico
7908324404494;25.00;monofasico
7908324404579;18.00;monofasico
7908324404586;0.00;monofasico
7908324404593;0.00;monofasico
7908324404609;25.00;monofasico
7908324404616;25.00;monofasico
7908324404623;25.00;monofasico
7908324404678;12.00;monofasico
7908324404685;12.00;monofasico
7908324404692;18.00;monofasico
7908324404739;0.00;monofasico
7908324404746;18.00;monofasico
7908324404753;18.00;monofasico
7908324404760;18.00;monofasico
7908324404784;18.00;monofasico
7908324404807;0.00;monofasico
7908324404814;18.00;monofasico
7908324404883;18.00;monofasico
7908324404951;12.00;monofasico
7908324404968;12.00;monofasico
7908324404975;12.00;monofasico
7908324405095;25.00;monofasico
7908324405101;25.00;monofasico
7908324405118;25.00;monofasico
7908324405125;18.00;monofasico
7908324405132;0.00;monofasico
7908324405149;18.00;monofasico
7908324405156;25.00;monofasico
7908324405163;25.00;monofasico
7908324405385;0.00;monofasico
7908324405415;0.00;monofasico
7908324405477;25.00;monofasico
7908324405545;18.00;monofasico
7908324405576;18.00;monofasico
7908324405583;18.00;monofasico
7908324405590;25.00;monofasico
7908324405606;25.00;monofasico
7908324405675;25.00;monofasico
7908324406160;18.00;monofasico
7908324406184;0.00;monofasico
7908324406191;25.00;monofasico
7908324406382;0.00;monofasico
7908324406399;18.00;monofasico
7908324406726;25.00;monofasico
7908324406900;12.00;monofasico
7908324406917;12.00;monofasico
7908324406955;0.00;monofasico
7908324406962;0.00;monofasico
7908324407044;18.00;monofasico
7908324407051;0.00;monofasico
7908324407068;0.00;monofasico
7908324407075;25.00;monofasico
7908324407082;0.00;monofasico
7908324407099;25.00;monofasico
7908324407105;0.00;monofasico
7908324407112;0.00;monofasico
7908324407273;12.00;monofasico
7908324407280;12.00;monofasico
7908324407297;12.00;monofasico
7908324407303;12.00;monofasico
7908324407310;12.00;monofasico
7908324407327;12.00;monofasico
7908324407341;12.00;monofasico
7908324407358;12.00;monofasico
7908324407365;12.00;monofasico
7908324407372;12.00;monofasico
7908324407396;12.00;monofasico
7908324407402;12.00;monofasico
7908324407419;12.00;monofasico
7908324407556;25.00;monofasico
7908324407631;25.00;monofasico
7908324407662;12.00;monofasico
7908324407679;12.00;monofasico
7908324407686;12.00;monofasico
7908324407693;12.00;monofasico
7908324407709;12.00;monofasico
7908324407723;12.00;monofasico
7908324407730;12.00;monofasico
7908324407747;12.00;monofasico
7908324407754;12.00;monofasico
7908324407761;12.00;monofasico
7908324407778;12.00;monofasico
7908324407785;12.00;monofasico
7908324407792;12.00;monofasico
7908324407822;12.00;monofasico
7908324407839;12.00;monofasico
7908324407846;12.00;monofasico
7908324407860;12.00;monofasico
7908324407877;12.00;monofasico
7908324407884;12.00;monofasico
7908324407891;12.00;monofasico
7908324407907;12.00;monofasico
7908324407914;12.00;monofasico
7908324407938;12.00;monofasico
7908324407945;12.00;monofasico
7908324407952;12.00;monofasico
7908324407969;12.00;monofasico
7908324407976;12.00;monofasico
7908324407983;12.00;monofasico
7908324407990;12.00;monofasico
7908324408003;12.00;monofasico
7908324408010;12.00;monofasico
7908324408027;12.00;monofasico
7908324408034;12.00;monofasico
7908324408041;12.00;monofasico
7908324408058;12.00;monofasico
7908324408065;12.00;monofasico
7908324408072;12.00;monofasico
7908324408089;12.00;monofasico
7908324408096;12.00;monofasico
7908324408102;12.00;monofasico
7908324408119;12.00;monofasico
7908324408126;12.00;monofasico
7908324408218;18.00;monofasico
7908324408225;18.00;monofasico
7908324408249;25.00;monofasico
7908324408256;25.00;monofasico
7908324408263;12.00;monofasico
7908324408270;18.00;monofasico
7908324408287;12.00;monofasico
7908324408294;12.00;monofasico
7908324408317;12.00;monofasico
7908324408324;12.00;monofasico
7908324408348;12.00;monofasico
7908324408386;12.00;monofasico
7908324408553;25.00;monofasico
7908324408584;12.00;monofasico
7908324408591;18.00;monofasico
7908324408607;12.00;monofasico
7908324408621;18.00;monofasico
7908324408638;18.00;monofasico
7908324408645;25.00;monofasico
7908324408652;25.00;monofasico
7908324408669;25.00;monofasico
7908324408676;25.00;monofasico
7908324408690;25.00;real
7908324408706;0.00;presumido
7908324408720;25.00;real
7908324408737;18.00;monofasico
7908324408744;0.00;presumido
7908324408751;18.00;presumido
7908324408768;25.00;real
7908324408775;0.00;monofasico
7908324408782;18.00;presumido
7908324408881;18.00;presumido
7908324409246;12.00;monofasico
7908324409260;12.00;monofasico
7908324409277;0.00;presumido
7908324409284;12.00;monofasico
7908324409291;12.00;monofasico
7908324409307;18.00;monofasico
7908324409314;12.00;monofasico
7908324409321;12.00;monofasico
7908324409376;12.00;monofasico
7908324409505;18.00;monofasico
7908324409529;25.00;monofasico
7908324409536;25.00;monofasico
7908324409567;25.00;monofasico
7908324409574;25.00;monofasico
7908324409833;12.00;monofasico
7908324410037;25.00;monofasico
7908324410266;12.00;real
7908324410273;12.00;real
7908324410280;12.00;real
7908324410297;12.00;real
7908324410303;12.00;real
7908324410310;12.00;real
7908324410327;12.00;real
7908324410334;12.00;real
7908324410341;12.00;real
7908324410358;12.00;real
7908324410365;12.00;real
7908324410389;12.00;real
7908324410396;12.00;real
7908324410402;12.00;real
7908324410419;12.00;real
7908324410426;12.00;real
7908324410433;12.00;real
7908324410471;12.00;monofasico
7908324410488;25.00;monofasico
7908324410495;12.00;monofasico
7908324410501;25.00;monofasico
7908324410518;25.00;monofasico
7908324410525;25.00;monofasico
7908324410532;25.00;monofasico
7908324410549;25.00;monofasico
7908324410655;12.00;monofasico
7908324410662;12.00;monofasico
7908324410679;12.00;monofasico
7908324410686;12.00;monofasico
7908324410723;12.00;monofasico
7908324410730;12.00;monofasico
7908324410860;12.00;monofasico
7908324800524;0.00;monofasico
7908324801491;0.00;monofasico
7908324801514;0.00;monofasico
7908324801538;0.00;monofasico
7908324802252;0.00;monofasico
7908324802276;0.00;monofasico
7908329700003;25.00;monofasico
7908329700034;25.00;monofasico
7908329700041;25.00;monofasico
7908329700058;25.00;monofasico
7908329700065;25.00;monofasico
7908329700072;25.00;monofasico
7908329700089;0.00;monofasico
7908329700096;25.00;monofasico
7908329700102;25.00;monofasico
7908329700119;25.00;monofasico
7908329700126;25.00;monofasico
7908329700133;25.00;monofasico
7908329700140;25.00;monofasico
7908329700157;0.00;monofasico
7908329700164;0.00;monofasico
7908329700171;25.00;monofasico
7908329700188;25.00;monofasico
7908329700195;25.00;monofasico
7908329700201;25.00;monofasico
7908329700218;0.00;monofasico
7908329700225;25.00;monofasico
7908329700232;25.00;monofasico
7908329700249;0.00;monofasico
7908329700256;25.00;monofasico
7908329700263;25.00;monofasico
7908329700270;0.00;monofasico
7908329700287;25.00;monofasico
7908329700294;0.00;monofasico
7908329700300;0.00;monofasico
7908329700317;25.00;monofasico
7908329700324;25.00;monofasico
7908329700331;25.00;monofasico
7908329700355;0.00;monofasico
7908329700362;25.00;monofasico
7908329700379;25.00;monofasico
7908329700386;25.00;monofasico
7908329700393;0.00;presumido
7908329700409;0.00;presumido
7908329700416;0.00;presumido
7908329700423;0.00;presumido
7908329700621;0.00;monofasico
7908329703264;0.00;monofasico
7908329703356;0.00;monofasico
7908329703363;0.00;monofasico
7908329703370;0.00;monofasico
7908329703387;0.00;monofasico
7908329703462;25.00;monofasico
7908329703479;0.00;monofasico
7908329703486;0.00;monofasico
7908329703493;0.00;monofasico
7908329703509;0.00;monofasico
7908329703523;0.00;monofasico
7908329703530;0.00;monofasico
7908329703547;0.00;monofasico
7908329703554;0.00;monofasico
7908329703561;0.00;monofasico
7908329703578;0.00;monofasico
7908329703622;0.00;monofasico
7908329703639;0.00;monofasico
7908329703646;0.00;monofasico
7908329703653;0.00;monofasico
7908329703707;0.00;monofasico
7908329703950;18.00;monofasico
7908329703967;25.00;monofasico
7908329703974;18.00;monofasico
7908329703981;25.00;monofasico
7908329703998;18.00;monofasico
7908329704001;25.00;monofasico
7908329704018;18.00;monofasico
7908329704025;25.00;monofasico
7908329704056;18.00;monofasico
7908329704063;25.00;monofasico
7908329704070;18.00;monofasico
7908329704087;25.00;monofasico
7908329704094;18.00;monofasico
7908329704100;18.00;monofasico
7908329704117;18.00;monofasico
7908329704124;18.00;monofasico
7908329704131;18.00;monofasico
7908329704148;18.00;monofasico
7908329704155;18.00;monofasico
7908329704162;18.00;monofasico
7908329704179;18.00;monofasico
7908329704186;18.00;monofasico
7908329704209;25.00;monofasico
7908329704216;25.00;monofasico
7908329704223;25.00;monofasico
7908329704339;25.00;monofasico
7908329704360;25.00;monofasico
7908329704384;25.00;monofasico
7908329704537;0.00;monofasico
7908329704551;0.00;monofasico
7908329704599;0.00;monofasico
7908329704629;18.00;monofasico
7908329704636;18.00;monofasico
7908329704735;0.00;monofasico
7908329704742;0.00;monofasico
7908329704759;0.00;monofasico
7908329704780;0.00;monofasico
7908329704797;0.00;monofasico
7908329704803;0.00;monofasico
7908329704810;0.00;monofasico
7908329704834;0.00;monofasico
7908329704841;0.00;monofasico
7908329704919;0.00;monofasico
7908329704926;0.00;monofasico
7908329704933;0.00;monofasico
7908329704940;18.00;monofasico
7908329704957;18.00;monofasico
7908329704964;0.00;monofasico
7908329704988;0.00;monofasico
7908329704995;18.00;monofasico
7908329705008;0.00;monofasico
7908329705022;0.00;monofasico
7908329705039;0.00;monofasico
7908329705046;0.00;monofasico
7908329705053;0.00;monofasico
7908329705060;0.00;monofasico
7908329705084;0.00;monofasico
7908329705268;0.00;monofasico
7908329705282;25.00;monofasico
7908329705312;0.00;monofasico
7908329705336;0.00;monofasico
7908329705817;0.00;monofasico
7908329706005;0.00;monofasico
7908329706173;0.00;monofasico
7908329706432;0.00;monofasico
7908329707866;0.00;monofasico
7908329707873;0.00;monofasico
7908329708122;0.00;monofasico
7908329708436;0.00;monofasico
7908329708443;0.00;monofasico
7908329708474;0.00;monofasico
7908329708481;0.00;monofasico
7908329708498;0.00;monofasico
7908329708504;0.00;monofasico
7908329708542;0.00;monofasico
7908329708559;25.00;monofasico
7908329708566;0.00;monofasico
7908329708580;0.00;monofasico
7908329708597;0.00;monofasico
7908329708603;0.00;monofasico
7908329708627;18.00;monofasico
7908329708733;18.00;monofasico
7908329708740;18.00;monofasico
7908329708771;25.00;monofasico
7908329708788;25.00;monofasico
7908329708795;25.00;monofasico
7908329708801;25.00;monofasico
7908329709044;0.00;monofasico
7908335401925;0.00;monofasico
7908335402304;0.00;monofasico
7908335402663;0.00;monofasico
7908335404322;0.00;monofasico
7908335406340;0.00;monofasico
7908335406685;0.00;monofasico
7908335406692;0.00;monofasico
7908335406876;0.00;monofasico
7908335406883;0.00;monofasico
7908335406890;0.00;monofasico
7908335406906;0.00;monofasico
7908335406913;0.00;monofasico
7908335407552;0.00;monofasico
7908335407866;0.00;monofasico
7908342119196;0.00;monofasico
7908342119363;0.00;monofasico
7908342121274;0.00;monofasico
7908342122226;0.00;monofasico
7908342129072;0.00;monofasico
7908342129133;0.00;monofasico
7908342129157;0.00;monofasico
7908342129164;0.00;monofasico
7908342129218;0.00;monofasico
7908342135776;0.00;monofasico
7908342136049;0.00;monofasico
7908342137176;0.00;monofasico
7908342137183;0.00;monofasico
7908342137237;0.00;monofasico
7908342137244;0.00;monofasico
7908342137251;0.00;monofasico
7908342137268;0.00;monofasico
7908342137282;0.00;monofasico
7908342137299;0.00;monofasico
7908342137749;0.00;monofasico
7908342140220;0.00;monofasico
7908342140237;0.00;monofasico
7908342140244;0.00;monofasico
7908342140992;0.00;monofasico
7908342143115;0.00;monofasico
7908342143306;0.00;monofasico
7908342143580;0.00;monofasico
7908342143597;0.00;monofasico
7908342146901;0.00;monofasico
7908342147212;0.00;monofasico
7908342150496;0.00;monofasico
7908342150670;0.00;monofasico
7908342150717;0.00;monofasico
7908342150755;0.00;monofasico
7908342150854;0.00;monofasico
7908342151431;0.00;monofasico
7908342151714;0.00;monofasico
7908342151752;0.00;monofasico
7908342151820;0.00;monofasico
7908342152322;0.00;monofasico
7908346281790;0.00;monofasico
7908346900004;25.00;real
7908346900028;25.00;real
7908346900035;25.00;real
7908346900141;25.00;real
7908346900158;25.00;monofasico
7908346900233;18.00;presumido
7908346900608;18.00;real
7908346900653;18.00;real
7908346900660;18.00;real
7908346900677;18.00;real
7908346900684;18.00;real
7908346900691;18.00;real
7908346900707;18.00;real
7908346900714;18.00;real
7908346900721;25.00;real
7908346900974;18.00;real
7908346900981;18.00;real
7908346900998;18.00;real
7908346901032;25.00;real
7908346901056;25.00;real
7908346902022;25.00;real
7908346902039;25.00;real
7908346902046;25.00;real
7908346902053;25.00;real
7908346902084;18.00;real
7908346902091;0.00;real
7908346902107;18.00;real
7908346902169;18.00;real
7908346903227;25.00;real
7908346903326;18.00;real
7908346903463;0.00;presumido
7908346903555;18.00;real
7908346903586;25.00;real
7908346903647;25.00;real
7908346903739;18.00;real
7908346903746;18.00;real
7908346903753;18.00;monofasico
7908346903852;25.00;real
7908346903869;25.00;real
7908346903876;18.00;real
7908346903890;18.00;real
7908346903906;18.00;real
7908346903913;18.00;real
7908346903937;18.00;real
7908346903944;18.00;real
7908346903951;18.00;real
7908346903975;18.00;real
7908346903982;18.00;monofasico
7908346903999;18.00;real
7908346904002;18.00;real
7908346904019;18.00;real
7908346904057;18.00;real
7908346904064;18.00;real
7908350435240;18.00;real
7908353601215;0.00;monofasico
7908353601437;0.00;monofasico
7908353601444;25.00;monofasico
7908353601468;0.00;monofasico
7908353602649;25.00;monofasico
7908353606043;0.00;monofasico
7908353606289;25.00;monofasico
7908353607262;25.00;monofasico
7908353607927;0.00;monofasico
7908353608504;25.00;monofasico
7908353608528;25.00;monofasico
7908353609624;0.00;monofasico
7908353609631;0.00;monofasico
7908353609648;0.00;monofasico
7908353609679;0.00;monofasico
7908353609914;25.00;monofasico
7908353610071;0.00;monofasico
7908353610712;0.00;monofasico
7908353610965;0.00;monofasico
7908353612068;25.00;monofasico
7908353612112;25.00;monofasico
7908353612389;0.00;monofasico
7908353612396;0.00;monofasico
7908353616080;0.00;monofasico
7908353617537;0.00;monofasico
7908353617544;0.00;monofasico
7908353617551;0.00;monofasico
7908353617582;0.00;monofasico
7908353617605;0.00;presumido
7908353617612;0.00;monofasico
7908353617629;25.00;monofasico
7908353617636;25.00;monofasico
7908376800190;0.00;monofasico
7908376800411;18.00;monofasico
7908376800893;0.00;monofasico
7908390500014;0.00;monofasico
7908390500250;25.00;monofasico
7908390500755;18.00;monofasico
7908417500102;25.00;monofasico
7908417503103;25.00;monofasico
7908417503622;0.00;monofasico
7908417503967;0.00;monofasico
7908417506029;0.00;monofasico
7908417506036;18.00;monofasico
7908417506043;18.00;monofasico
7908417506050;18.00;monofasico
7908417506067;18.00;monofasico
7908417506074;18.00;monofasico
7908417506920;25.00;monofasico
7908417507286;0.00;monofasico
7908420105547;0.00;monofasico
7908420105561;0.00;monofasico
7908420107305;0.00;monofasico
7908425504833;0.00;monofasico
7908425506202;0.00;real
7908425511756;0.00;real
7908425512845;4.00;presumido
7908425512852;4.00;presumido
7908425512869;4.00;presumido
7908425512883;4.00;presumido
7908425512906;4.00;presumido
7908425512913;4.00;presumido
7908425512937;4.00;presumido
7908425512975;4.00;presumido
7908425512982;4.00;presumido
7908425512999;4.00;presumido
7908425513002;4.00;presumido
7908425513019;4.00;presumido
7908425513026;4.00;presumido
7908425513033;4.00;presumido
7908425513040;4.00;presumido
7908425513101;4.00;presumido
7908425513118;4.00;presumido
7908425513125;4.00;presumido
7908425513149;4.00;presumido
7908425513156;4.00;presumido
7908425513187;4.00;presumido
7908425513279;4.00;presumido
7908425513286;4.00;presumido
7908425513309;4.00;presumido
7908425513354;4.00;presumido
7908425513361;4.00;presumido
7908425513378;4.00;presumido
7908425513408;4.00;presumido
7908425513422;4.00;presumido
7908425513439;4.00;presumido
7908425513507;4.00;presumido
7908425513514;4.00;presumido
7908425513538;4.00;presumido
7908425513583;4.00;presumido
7908425513743;4.00;presumido
7908425513767;4.00;presumido
7908425513804;4.00;presumido
7908425513828;4.00;presumido
7908425513835;4.00;presumido
7908425513842;4.00;presumido
7908425513859;4.00;presumido
7908425513866;4.00;presumido
7908425513897;4.00;presumido
7908425513903;4.00;presumido
7908425513910;4.00;presumido
7908425513934;4.00;presumido
7908425513941;4.00;presumido
7908425513958;4.00;presumido
7908425514016;4.00;presumido
7908425514092;4.00;presumido
7908425514153;4.00;presumido
7908425514184;4.00;presumido
7908425514344;4.00;presumido
7908425514351;4.00;presumido
7908425514429;4.00;presumido
7908425514481;4.00;presumido
7908425514511;4.00;presumido
7908425514528;4.00;presumido
7908425514535;4.00;presumido
7908425514658;4.00;presumido
7908425514696;4.00;presumido
7908425514719;4.00;presumido
7908425514726;4.00;presumido
7908425514740;4.00;presumido
7908425514795;4.00;presumido
7908425520253;4.00;presumido
7908425520475;4.00;presumido
7908425520499;4.00;presumido
7908425520505;4.00;presumido
7908425520512;4.00;presumido
7908425520529;4.00;presumido
7908425520628;4.00;presumido
7908425520680;4.00;presumido
7908425520710;4.00;presumido
7908425520758;4.00;presumido
7908425520833;4.00;presumido
7908425520840;4.00;presumido
7908425520918;4.00;presumido
7908425520949;4.00;presumido
7908425520956;4.00;presumido
7908425520970;4.00;presumido
7908425520987;4.00;presumido
7908425521038;4.00;presumido
7908425521052;4.00;presumido
7908425521090;4.00;presumido
7908425521113;4.00;presumido
7908425521144;4.00;presumido
7908425521168;4.00;presumido
7908425521175;4.00;presumido
7908425521199;4.00;presumido
7908425521205;4.00;presumido
7908425521212;4.00;presumido
7908425521229;4.00;presumido
7908425521250;4.00;presumido
7908425521267;4.00;presumido
7908425521274;4.00;presumido
7908425521625;4.00;presumido
7908425521823;4.00;presumido
7908425522028;4.00;presumido
7908425522400;4.00;presumido
7908425522592;4.00;presumido
7908425522622;4.00;presumido
7908425524312;4.00;presumido
7908425529669;0.00;monofasico
7908425536308;0.00;real
7908425536872;0.00;monofasico
7908425538494;0.00;real
7908425540992;0.00;monofasico
7908425544785;4.00;presumido
7908425544792;4.00;presumido
7908425544808;4.00;presumido
7908425544815;4.00;presumido
7908425544822;4.00;presumido
7908425544839;4.00;presumido
7908425544846;4.00;presumido
7908425544853;4.00;presumido
7908425544860;4.00;presumido
7908425544884;4.00;presumido
7908425544891;4.00;presumido
7908433400905;18.00;monofasico
7908433400912;25.00;monofasico
7908434900411;0.00;monofasico
7908434900565;0.00;monofasico
7908434900695;0.00;monofasico
7908434900800;0.00;monofasico
7908434900886;0.00;real
7908439800099;18.00;real
7908439800105;18.00;real
7908439800259;18.00;monofasico
7908439804561;18.00;monofasico
7908448000022;12.00;monofasico
7908448000176;12.00;monofasico
7908448000183;0.00;monofasico
7908448000190;12.00;monofasico
7908448000206;12.00;monofasico
7908448000213;12.00;monofasico
7908448000220;12.00;monofasico
7908448000237;12.00;monofasico
7908448000244;12.00;monofasico
7908448000251;0.00;monofasico
7908448000268;12.00;monofasico
7908448000275;12.00;monofasico
7908448000367;12.00;monofasico
7908448000473;12.00;monofasico
7908448000589;12.00;monofasico
7908448000596;0.00;monofasico
7908448000602;0.00;monofasico
7908448000619;12.00;monofasico
7908448000626;0.00;monofasico
7908448000633;0.00;monofasico
7908448000664;12.00;monofasico
7908448001210;12.00;monofasico
7908448001227;0.00;monofasico
7908448001258;0.00;monofasico
7908448001395;12.00;monofasico
7908448001401;0.00;monofasico
7908448001418;12.00;monofasico
7908448001494;0.00;monofasico
7908448001623;12.00;monofasico
7908448001630;0.00;monofasico
7908448002002;0.00;monofasico
7908448002323;18.00;monofasico
7908448002347;18.00;monofasico
7908448002385;18.00;monofasico
7908448002408;0.00;monofasico
7908448002415;25.00;monofasico
7908448002422;12.00;monofasico
7908448002569;12.00;monofasico
7908448002576;25.00;monofasico
7908448002590;0.00;monofasico
7908448002606;0.00;monofasico
7908448002620;12.00;monofasico
7908448002637;0.00;monofasico
7908448002651;0.00;monofasico
7908448002668;0.00;monofasico
7908448002675;0.00;monofasico
7908448002699;25.00;monofasico
7908448002705;0.00;monofasico
7908448002712;0.00;monofasico
7908448002781;0.00;monofasico
7908448002927;12.00;monofasico
7908448002941;12.00;monofasico
7908448002958;12.00;monofasico
7908448002965;25.00;monofasico
7908448002972;12.00;monofasico
7908448003016;12.00;monofasico
7908448003023;12.00;monofasico
7908448003207;0.00;monofasico
7908448003214;0.00;monofasico
7908448003221;0.00;monofasico
7908448003238;12.00;monofasico
7908448003245;12.00;monofasico
7908448003313;12.00;monofasico
7908448003344;0.00;monofasico
7908448003368;0.00;monofasico
7908448003375;12.00;monofasico
7908448003382;0.00;monofasico
7908448003412;0.00;monofasico
7908448003443;0.00;monofasico
7908448003467;12.00;monofasico
7908448003474;0.00;monofasico
7908448003481;0.00;monofasico
7908448003498;12.00;monofasico
7908448003504;0.00;monofasico
7908448003672;0.00;monofasico
7908448003689;0.00;monofasico
7908448003733;0.00;monofasico
7908448003788;0.00;monofasico
7908448003863;12.00;monofasico
7908448003887;0.00;monofasico
7908448003894;25.00;monofasico
7908448003917;12.00;monofasico
7908448003931;12.00;monofasico
7908448003979;12.00;monofasico
7908448003986;0.00;monofasico
7908448004013;0.00;monofasico
7908448004068;0.00;monofasico
7908448004082;0.00;monofasico
7908448004099;12.00;monofasico
7908448004105;0.00;monofasico
7908448004129;12.00;monofasico
7908448004136;12.00;monofasico
7908448004143;12.00;monofasico
7908448004150;12.00;monofasico
7908448004167;12.00;monofasico
7908448004174;12.00;monofasico
7908448004181;12.00;monofasico
7908448004198;12.00;monofasico
7908448004204;12.00;monofasico
7908448004211;12.00;monofasico
7908448004228;12.00;monofasico
7908448004235;12.00;monofasico
7908448004242;12.00;monofasico
7908448004259;12.00;monofasico
7908448004266;12.00;monofasico
7908448004273;0.00;monofasico
7908448004310;25.00;monofasico
7908448004327;25.00;monofasico
7908448004334;25.00;monofasico
7908448004358;12.00;monofasico
7908448004365;25.00;monofasico
7908448004372;12.00;monofasico
7908448004389;12.00;monofasico
7908448004396;4.00;monofasico
7908448004402;12.00;monofasico
7908448004419;12.00;monofasico
7908448004426;0.00;monofasico
7908448004433;0.00;monofasico
7908448004440;12.00;monofasico
7908448004457;0.00;monofasico
7908448004464;12.00;monofasico
7908448004471;0.00;monofasico
7908448004501;0.00;monofasico
7908448004518;0.00;monofasico
7908448004525;0.00;monofasico
7908448004532;0.00;monofasico
7908448004549;0.00;monofasico
7908448004556;0.00;monofasico
7908448004570;0.00;monofasico
7908448004587;0.00;monofasico
7908448004600;0.00;monofasico
7908448004617;0.00;monofasico
7908448004624;0.00;monofasico
7908448004655;0.00;monofasico
7908448004679;12.00;monofasico
7908448004686;0.00;monofasico
7908448004853;0.00;monofasico
7908448004860;12.00;monofasico
7908448004877;12.00;monofasico
7908448004884;12.00;monofasico
7908448004891;12.00;monofasico
7908448004907;12.00;monofasico
7908448004914;18.00;monofasico
7908448004921;12.00;monofasico
7908448004938;12.00;monofasico
7908448004945;12.00;monofasico
7908448004952;12.00;monofasico
7908448004969;12.00;monofasico
7908448004983;12.00;monofasico
7908448004990;12.00;monofasico
7908448005003;0.00;monofasico
7908448005027;0.00;monofasico
7908448005034;12.00;monofasico
7908448005065;12.00;monofasico
7908448005072;12.00;monofasico
7908448005096;0.00;monofasico
7908448005119;0.00;monofasico
7908448005126;12.00;monofasico
7908448005157;0.00;monofasico
7908448005164;0.00;monofasico
7908448005171;12.00;monofasico
7908448005188;0.00;monofasico
7908448005195;0.00;monofasico
7908448005201;0.00;monofasico
7908448005218;0.00;monofasico
7908448005225;0.00;monofasico
7908448005232;0.00;monofasico
7908448005256;0.00;monofasico
7908448005263;0.00;monofasico
7908448005287;0.00;monofasico
7908448005294;25.00;monofasico
7908448005300;12.00;monofasico
7908448005324;12.00;monofasico
7908448005331;12.00;monofasico
7908448005348;12.00;monofasico
7908448005355;0.00;monofasico
7908448005362;12.00;monofasico
7908448005379;12.00;monofasico
7908448005386;0.00;monofasico
7908448005393;12.00;monofasico
7908448005409;12.00;monofasico
7908448005416;12.00;monofasico
7908448005423;12.00;monofasico
7908448005430;12.00;monofasico
7908448005485;12.00;monofasico
7908448005492;12.00;monofasico
7908448005508;12.00;monofasico
7908448005515;12.00;monofasico
7908448005539;12.00;monofasico
7908448005546;12.00;monofasico
7908448005553;12.00;monofasico
7908448005560;12.00;monofasico
7908448005577;12.00;monofasico
7908448005584;12.00;monofasico
7908448005607;12.00;monofasico
7908448005614;12.00;monofasico
7908448005621;12.00;monofasico
7908448005638;12.00;monofasico
7908448005645;0.00;monofasico
7908448005652;12.00;monofasico
7908448005669;12.00;monofasico
7908448005676;25.00;monofasico
7908448005683;12.00;monofasico
7908448005690;25.00;monofasico
7908448005706;18.00;monofasico
7908448005713;25.00;monofasico
7908448005720;12.00;monofasico
7908448005973;0.00;monofasico
7908448005980;12.00;monofasico
7908448005997;12.00;monofasico
7908448006000;12.00;monofasico
7908448006291;12.00;monofasico
7908448006307;12.00;monofasico
7908448006314;12.00;monofasico
7908448006321;12.00;monofasico
7908448006338;12.00;monofasico
7908448006345;12.00;monofasico
7908448006352;12.00;monofasico
7908448006369;12.00;monofasico
7908448006376;12.00;monofasico
7908448006383;12.00;monofasico
7908448006390;12.00;monofasico
7908448006406;0.00;monofasico
7908448006413;18.00;monofasico
7908448006420;12.00;monofasico
7908448006468;12.00;monofasico
7908448006475;12.00;monofasico
7908448006482;12.00;monofasico
7908448007168;12.00;monofasico
7908448007182;12.00;monofasico
7908448007199;12.00;monofasico
7908448007205;12.00;monofasico
7908448007212;12.00;monofasico
7908448007236;12.00;monofasico
7908448007250;12.00;monofasico
7908448007267;12.00;monofasico
7908448007274;12.00;monofasico
7908448007281;12.00;monofasico
7908448007298;12.00;monofasico
7908448007304;12.00;monofasico
7908448007311;12.00;monofasico
7908448007328;12.00;monofasico
7908448007342;12.00;monofasico
7908448007359;12.00;monofasico
7908448007366;12.00;monofasico
7908448007373;12.00;monofasico
7908448007441;12.00;real
7908448007458;12.00;monofasico
7908458303588;12.00;monofasico
7908458303595;12.00;monofasico
7908458303601;12.00;monofasico
7908458303625;12.00;monofasico
7908458304523;12.00;monofasico
7908458304530;12.00;monofasico
7908458304547;12.00;monofasico
7908458305131;12.00;monofasico
7908458305148;12.00;monofasico
7908458305629;12.00;monofasico
7908458306817;12.00;monofasico
7908458307456;12.00;monofasico
7908458308514;12.00;monofasico
7908458311859;12.00;monofasico
7908458311866;12.00;monofasico
7908458313099;0.00;monofasico
7908458316908;12.00;monofasico
7908458316915;0.00;monofasico
7908458316922;0.00;monofasico
7908458317066;12.00;monofasico
7908458317097;12.00;monofasico
7908458317134;12.00;monofasico
7908458317165;12.00;monofasico
7908458317332;12.00;monofasico
7908458317653;12.00;monofasico
7908458317837;12.00;monofasico
7908458317868;12.00;monofasico
7908458317875;0.00;monofasico
7908458317912;12.00;monofasico
7908458318018;12.00;monofasico
7908458320226;12.00;monofasico
7908458320233;12.00;monofasico
7908458320356;12.00;monofasico
7908458320363;12.00;monofasico
7908458320400;0.00;monofasico
7908458320417;25.00;monofasico
7908458320431;0.00;monofasico
7908458320608;12.00;monofasico
7908458320615;25.00;monofasico
7908458320639;25.00;monofasico
7908458320653;12.00;monofasico
7908458321292;0.00;monofasico
7908458321360;12.00;monofasico
7908458321377;12.00;monofasico
7908458321933;12.00;monofasico
7908458321940;12.00;monofasico
7908458321964;12.00;monofasico
7908458321988;12.00;monofasico
7908458321995;12.00;monofasico
7908458322008;12.00;monofasico
7908458322015;12.00;monofasico
7908458322022;12.00;monofasico
7908458322039;12.00;monofasico
7908458322046;12.00;monofasico
7908458322084;12.00;monofasico
7908458322091;12.00;monofasico
7908458322107;12.00;monofasico
7908458322343;0.00;monofasico
7908458322367;12.00;monofasico
7908458322374;12.00;monofasico
7908458322381;12.00;monofasico
7908458322428;0.00;monofasico
7908458322435;25.00;monofasico
7908458322459;12.00;monofasico
7908458322466;12.00;monofasico
7908458322473;12.00;monofasico
7908458322480;12.00;monofasico
7908458322497;12.00;monofasico
7908458322572;12.00;monofasico
7908458322596;12.00;monofasico
7908458323937;0.00;real
7908458324200;25.00;monofasico
7908458324262;12.00;monofasico
7908458324293;12.00;monofasico
7908458324323;12.00;monofasico
7908458324361;0.00;monofasico
7908458324385;12.00;monofasico
7908458324392;12.00;monofasico
7908458324415;12.00;monofasico
7908458324422;12.00;monofasico
7908458324439;12.00;monofasico
7908458324446;12.00;monofasico
7908458324453;12.00;monofasico
7908458324460;12.00;monofasico
7908458324477;12.00;monofasico
7908458324484;12.00;monofasico
7908458324880;12.00;monofasico
7908458324897;12.00;monofasico
7908458325450;12.00;monofasico
7908458325467;25.00;monofasico
7908458325474;12.00;monofasico
7908458325504;12.00;monofasico
7908458325511;12.00;monofasico
7908458325726;12.00;monofasico
7908458325733;12.00;monofasico
7908458326082;18.00;monofasico
7908458326099;25.00;monofasico
7908458326105;0.00;monofasico
7908458326112;0.00;monofasico
7908458326129;0.00;monofasico
7908458326136;25.00;monofasico
7908458326143;12.00;monofasico
7908458326150;12.00;monofasico
7908458326167;12.00;monofasico
7908458326174;12.00;monofasico
7908458326181;12.00;monofasico
7908458326198;12.00;monofasico
7908458326204;12.00;monofasico
7908458326211;0.00;monofasico
7908458326228;12.00;monofasico
7908458326235;12.00;monofasico
7908458326242;12.00;monofasico
7908458326259;12.00;monofasico
7908458326266;12.00;monofasico
7908458326273;12.00;monofasico
7908458326280;12.00;monofasico
7908458326297;12.00;monofasico
7908458326303;12.00;monofasico
7908458326310;12.00;monofasico
7908458326327;12.00;monofasico
7908458326334;12.00;monofasico
7908458326365;12.00;monofasico
7908458326396;12.00;monofasico
7908458326471;12.00;monofasico
7908458326501;12.00;monofasico
7908458326532;25.00;monofasico
7908458326549;12.00;monofasico
7908458326709;12.00;monofasico
7908458326716;12.00;monofasico
7908458326761;0.00;monofasico
7908458326778;0.00;monofasico
7908458326785;0.00;real
7908458327393;12.00;monofasico
7908458327423;25.00;monofasico
7908458327454;12.00;monofasico
7908458327485;25.00;monofasico
7908458327515;25.00;monofasico
7908458327577;25.00;monofasico
7908458327638;25.00;monofasico
7908458327669;0.00;monofasico
7908458327690;12.00;monofasico
7908458327805;12.00;monofasico
7908458327898;25.00;monofasico
7908458328345;12.00;monofasico
7908458328734;25.00;monofasico
7908458328741;12.00;monofasico
7908458328826;12.00;monofasico
7908458328833;12.00;monofasico
7908458328840;12.00;monofasico
7908458328857;25.00;monofasico
7908458328888;25.00;monofasico
7908458328918;12.00;monofasico
7908458328925;12.00;monofasico
7908458328932;25.00;monofasico
7908458328949;25.00;monofasico
7908458328956;12.00;monofasico
7908458329045;12.00;monofasico
7908458329076;12.00;monofasico
7908458329106;12.00;monofasico
7908458329137;12.00;monofasico
7908458329205;12.00;monofasico
7908458329236;12.00;monofasico
7908458329267;12.00;monofasico
7908458330959;12.00;monofasico
7908458331079;12.00;monofasico
7908458332441;12.00;monofasico
7908458332458;12.00;monofasico
7908458332496;12.00;monofasico
7908458332502;12.00;monofasico
7908458332519;12.00;monofasico
7908458332526;12.00;monofasico
7908458332533;12.00;monofasico
7908458332564;12.00;monofasico
7908458332571;12.00;monofasico
7908458332588;12.00;monofasico
7908458332595;12.00;monofasico
7908458332601;12.00;monofasico
7908458332632;12.00;monofasico
7908458332649;12.00;monofasico
7908458332656;12.00;monofasico
7908458332663;12.00;monofasico
7908458332670;12.00;monofasico
7908458332717;12.00;monofasico
7908458332724;12.00;monofasico
7908458332731;12.00;monofasico
7908458332748;12.00;monofasico
7908458332755;12.00;monofasico
7908458332960;12.00;monofasico
7908458332977;12.00;monofasico
7908458332984;12.00;monofasico
7908458332991;12.00;monofasico
7908458333080;12.00;monofasico
7908458333127;25.00;monofasico
7908458333134;12.00;monofasico
7908458333141;12.00;monofasico
7908458333165;12.00;monofasico
7908458333189;12.00;monofasico
7908458333202;12.00;monofasico
7908458333219;12.00;monofasico
7908458333226;12.00;monofasico
7908458333257;12.00;monofasico
7908458333424;12.00;monofasico
7908458333431;12.00;monofasico
7908458333714;12.00;monofasico
7908458334018;12.00;monofasico
7908458334025;12.00;monofasico
7908458334032;12.00;monofasico
7908458334049;12.00;monofasico
7908458334520;12.00;monofasico
7908458334575;12.00;monofasico
7908458334582;12.00;monofasico
7908458335572;12.00;monofasico
7908458335589;12.00;monofasico
7908458335794;12.00;monofasico
7908458335800;12.00;monofasico
7908458335831;12.00;monofasico
7908458335848;12.00;monofasico
7908458335879;12.00;monofasico
7908458335886;12.00;monofasico
7908458335893;12.00;monofasico
7908458335923;12.00;monofasico
7908458335930;12.00;monofasico
7908458335947;12.00;monofasico
7908458335954;12.00;monofasico
7908458335961;12.00;monofasico
7908458335978;12.00;monofasico
7908458335985;12.00;monofasico
7908458335992;12.00;monofasico
7908458336005;12.00;monofasico
7908458336012;12.00;monofasico
7908458336029;12.00;monofasico
7908458336265;12.00;monofasico
7908458336296;12.00;monofasico
7908458336302;12.00;monofasico
7908458336319;12.00;monofasico
7908458336357;12.00;monofasico
7908458336425;12.00;monofasico
7908458336432;12.00;monofasico
7908458336449;12.00;monofasico
7908458336456;12.00;monofasico
7908467200182;18.00;real
7908507074933;0.00;monofasico
7908507267090;0.00;monofasico
7908507703130;0.00;presumido
7908507707046;18.00;monofasico
7908507707701;18.00;monofasico
7908507708166;25.00;monofasico
7908507710220;25.00;monofasico
7908507711760;18.00;monofasico
7908507711906;25.00;monofasico
7908507712286;0.00;real
7908507713672;0.00;monofasico
7908507713702;18.00;monofasico
7908507714761;0.00;monofasico
7908507714877;18.00;monofasico
7908507716970;25.00;monofasico
7908507717267;0.00;monofasico
7908507717755;25.00;monofasico
7908507720953;0.00;presumido
7908507720960;0.00;monofasico
7908507721219;0.00;monofasico
7908507721349;0.00;monofasico
7908507721509;0.00;monofasico
7908507721585;0.00;monofasico
7908507721608;0.00;monofasico
7908507722360;0.00;monofasico
7908507722483;0.00;monofasico
7908507723541;18.00;monofasico
7908507723565;18.00;monofasico
7908507723602;18.00;monofasico
7908507723626;0.00;monofasico
7908507723640;0.00;monofasico
7908507724067;0.00;presumido
7908507724135;0.00;monofasico
7908507724197;0.00;monofasico
7908507724210;0.00;monofasico
7908507724227;0.00;monofasico
7908507724234;0.00;presumido
7908507724289;0.00;monofasico
7908507725705;0.00;monofasico
7908507725712;0.00;monofasico
7908507726429;18.00;monofasico
7908507726443;18.00;monofasico
7908507726467;18.00;monofasico
7908507730358;0.00;monofasico
7908507730846;18.00;monofasico
7908507730969;0.00;presumido
7908507730983;0.00;monofasico
7908507731003;0.00;presumido
7908507731089;0.00;monofasico
7908507731133;0.00;monofasico
7908507731140;0.00;presumido
7908507731157;18.00;monofasico
7908507733189;0.00;monofasico
7908507733205;0.00;monofasico
7908507733212;0.00;monofasico
7908507733229;0.00;monofasico
7908507733243;0.00;monofasico
7908507733892;0.00;monofasico
7908507734059;0.00;monofasico
7908507734097;0.00;monofasico
7908507734578;0.00;monofasico
7908507734936;0.00;monofasico
7908507736107;18.00;monofasico
7908507736138;25.00;monofasico
7908507736176;18.00;monofasico
7908507736183;18.00;monofasico
7908507736213;0.00;monofasico
7908507736251;0.00;monofasico
7908507736268;0.00;monofasico
7908507736336;0.00;monofasico
7908507736688;0.00;monofasico
7908507737005;0.00;monofasico
7908507737036;0.00;monofasico
7908507737104;0.00;monofasico
7908507737517;0.00;monofasico
7908507737531;0.00;monofasico
7908507737555;0.00;monofasico
7908507737760;0.00;monofasico
7908507737777;4.08;monofasico
7908507737784;0.00;monofasico
7908507740425;25.00;monofasico
7908507740449;0.00;monofasico
7908507740463;0.00;monofasico
7908507740487;18.00;monofasico
7908507740524;18.00;monofasico
7908507740593;18.00;monofasico
7908507740616;0.00;monofasico
7908507740630;0.00;monofasico
7908507740654;18.00;monofasico
7908507741118;0.00;monofasico
7908507741132;25.00;monofasico
7908507741170;18.00;monofasico
7908507741217;0.00;monofasico
7908507741255;18.00;monofasico
7908507741279;25.00;monofasico
7908507741293;18.00;monofasico
7908507741354;18.00;monofasico
7908507741477;0.00;monofasico
7908507741491;0.00;monofasico
7908507741552;0.00;monofasico
7908507741590;0.00;monofasico
7908507741613;0.00;monofasico
7908507741651;0.00;monofasico
7908507741699;0.00;monofasico
7908507741705;0.00;monofasico
7908507741712;0.00;monofasico
7908507742917;0.00;monofasico
7908507742979;0.00;monofasico
7908507742993;0.00;monofasico
7908507743969;0.00;monofasico
7908507743983;0.00;monofasico
7908507744003;0.00;monofasico
7908507744072;0.00;monofasico
7908507744126;0.00;monofasico
7908507744164;0.00;monofasico
7908507744263;0.00;monofasico
7908507744300;0.00;monofasico
7908507744324;0.00;monofasico
7908507744348;0.00;monofasico
7908507744430;18.00;monofasico
7908507744447;0.00;monofasico
7908507744454;18.00;monofasico
7908507744461;0.00;monofasico
7908507744478;18.00;monofasico
7908507745758;0.00;monofasico
7908507745772;0.00;monofasico
7908507745796;18.00;monofasico
7908507747080;25.00;monofasico
7908507747585;0.00;monofasico
7908507747608;0.00;monofasico
7908507747622;0.00;monofasico
7908507747646;0.00;monofasico
7908507748032;0.00;monofasico
7908507748957;0.00;monofasico
7908507749428;0.00;monofasico
7908507749602;0.00;monofasico
7908507749657;0.00;presumido
7908507749664;0.00;presumido
7908507749701;25.00;monofasico
7908507749725;18.00;monofasico
7908507749749;18.00;monofasico
7908507750110;0.00;monofasico
7908507750134;0.00;monofasico
7908507750158;0.00;monofasico
7908507750547;0.00;monofasico
7908507750585;0.00;monofasico
7908507750608;0.00;monofasico
7908507750660;0.00;monofasico
7908507750684;0.00;monofasico
7908507750714;0.00;monofasico
7908507750806;0.00;monofasico
7908507750820;0.00;monofasico
7908507750844;0.00;monofasico
7908507750875;0.00;monofasico
7908507750899;0.00;monofasico
7908507750998;0.00;monofasico
7908507751254;0.00;monofasico
7908507751643;0.00;monofasico
7908507751766;0.00;monofasico
7908507751841;0.00;monofasico
7908507752107;0.00;monofasico
7908507752135;0.00;monofasico
7908507752145;0.00;monofasico
7908507752152;0.00;monofasico
7908507752169;0.00;monofasico
7908507752343;0.00;monofasico
7908507752350;4.03;monofasico
7908507752435;0.00;monofasico
7908507752510;0.00;monofasico
7908507752565;0.00;monofasico
7908507752596;0.00;monofasico
7908507752633;0.00;monofasico
7908507752640;0.00;monofasico
7908507752657;0.00;monofasico
7908507752688;0.00;monofasico
7908507752749;0.00;monofasico
7908507752756;0.00;monofasico
7908507752824;18.00;monofasico
7908507757799;0.00;monofasico
7908507758215;0.00;monofasico
7908507758222;0.00;monofasico
7908507758246;18.00;monofasico
7908507758253;0.00;monofasico
7908507758260;18.00;monofasico
7908507758284;18.00;monofasico
7908507758291;0.00;monofasico
7908507758307;0.00;monofasico
7908507758437;0.00;monofasico
7908507758451;0.00;monofasico
7908507758581;18.00;monofasico
7908507758741;18.00;monofasico
7908507758765;18.00;monofasico
7908507758802;18.00;monofasico
7908507758840;18.00;monofasico
7908507758888;18.00;monofasico
7908507758901;18.00;monofasico
7908507759083;0.00;monofasico
7908507766791;18.00;monofasico
7908507766814;18.00;monofasico
7908507766852;18.00;monofasico
7908507767224;18.00;monofasico
7908507767231;18.00;monofasico
7908507767255;18.00;monofasico
7908512700513;0.00;presumido
7908512700544;25.00;monofasico
7908512700568;18.00;monofasico
7908512700742;18.00;monofasico
7908512700773;0.00;monofasico
7908512700810;18.00;monofasico
7908512700841;18.00;monofasico
7908512700896;18.00;monofasico
7908512700902;18.00;monofasico
7908512700933;18.00;monofasico
7908512701572;0.00;monofasico
7908512702777;25.00;monofasico
7908512702784;25.00;monofasico
7908512702791;0.00;monofasico
7908512702807;25.00;monofasico
7908512704061;18.00;monofasico
7908517900017;25.00;monofasico
7908517900086;25.00;monofasico
7908517900406;25.00;monofasico
7908517900413;25.00;monofasico
7908517900475;25.00;monofasico
7908517900482;25.00;monofasico
7908517900499;0.00;monofasico
7908517900628;25.00;monofasico
7908517900703;25.00;monofasico
7908517900758;25.00;monofasico
7908517900994;25.00;monofasico
7908517901007;25.00;monofasico
7908517901014;25.00;monofasico
7908517901021;25.00;monofasico
7908517901052;25.00;monofasico
7908517901106;25.00;monofasico
7908517901113;18.00;real
7908517901137;0.00;monofasico
7908517901496;25.00;monofasico
7908517901502;25.00;monofasico
7908517901519;25.00;monofasico
7908517901595;25.00;monofasico
7908517901731;25.00;monofasico
7908517901748;25.00;monofasico
7908517901755;25.00;monofasico
7908517901762;25.00;monofasico
7908517901779;25.00;monofasico
7908517901786;25.00;monofasico
7908517901793;25.00;monofasico
7908517901915;25.00;monofasico
7908517901946;25.00;monofasico
7908517901953;25.00;monofasico
7908517901960;0.00;monofasico
7908517901977;25.00;monofasico
7908517901984;25.00;monofasico
7908517901991;25.00;monofasico
7908517902004;25.00;monofasico
7908517902011;25.00;monofasico
7908517902028;25.00;monofasico
7908517902080;25.00;monofasico
7908517902097;25.00;monofasico
7908517902363;25.00;monofasico
7908517902370;25.00;monofasico
7908517902387;25.00;monofasico
7908517902417;0.00;monofasico
7908517902424;0.00;monofasico
7908517902431;0.00;monofasico
7908517902448;0.00;monofasico
7908517902455;0.00;monofasico
7908517902462;0.00;monofasico
7908517902479;0.00;monofasico
7908517902486;0.00;monofasico
7908517902509;0.00;monofasico
7908517902516;0.00;monofasico
7908517902592;0.00;monofasico
7908517902608;0.00;monofasico
7908517902615;0.00;monofasico
7908517902622;0.00;monofasico
7908517902639;0.00;monofasico
7908517902646;0.00;monofasico
7908517902653;0.00;monofasico
7908517902844;0.00;monofasico
7908517902851;0.00;monofasico
7908517902868;0.00;monofasico
7908517902875;0.00;monofasico
7908517902882;0.00;monofasico
7908517902899;0.00;monofasico
7908517902950;0.00;monofasico
7908517902967;0.00;monofasico
7908517902974;0.00;monofasico
7908517902981;0.00;monofasico
7908517903131;0.00;monofasico
7908517903148;0.00;monofasico
7908517903155;0.00;monofasico
7908517903162;0.00;monofasico
7908517903353;0.00;monofasico
7908517903360;0.00;monofasico
7908517903377;0.00;monofasico
7908517903384;0.00;monofasico
7908517903391;0.00;monofasico
7908517903407;0.00;monofasico
7908517903414;0.00;monofasico
7908517903421;0.00;monofasico
7908517903438;0.00;monofasico
7908517903445;0.00;monofasico
7908517903452;0.00;monofasico
7908517903469;0.00;monofasico
7908517903599;0.00;monofasico
7908517903612;0.00;monofasico
7908517903629;0.00;monofasico
7908517903636;0.00;monofasico
7908517903643;0.00;monofasico
7908517903704;0.00;monofasico
7908517903711;0.00;monofasico
7908517903728;0.00;monofasico
7908517903742;0.00;monofasico
7908517903759;0.00;monofasico
7908517903766;0.00;monofasico
7908517903858;0.00;monofasico
7908517903865;0.00;monofasico
7908517903872;0.00;monofasico
7908517903889;0.00;monofasico
7908517903896;0.00;monofasico
7908517903902;0.00;monofasico
7908517903926;0.00;monofasico
7908517903933;0.00;monofasico
7908517903940;0.00;monofasico
7908517903957;0.00;monofasico
7908517903964;0.00;monofasico
7908517903971;0.00;monofasico
7908517903988;0.00;monofasico
7908517904015;0.00;monofasico
7908517904022;0.00;monofasico
7908517904039;0.00;monofasico
7908517904046;0.00;monofasico
7908517904060;0.00;monofasico
7908517904077;0.00;monofasico
7908517904084;0.00;monofasico
7908517904091;0.00;monofasico
7908517904114;0.00;monofasico
7908517904152;0.00;monofasico
7908517904169;0.00;monofasico
7908517904176;0.00;monofasico
7908517904183;0.00;monofasico
7908517904275;0.00;monofasico
7908517904343;0.00;monofasico
7908517904435;0.00;monofasico
7908517904442;0.00;monofasico
7908517904459;0.00;monofasico
7908517904466;0.00;monofasico
7908517904473;0.00;monofasico
7908517904480;0.00;monofasico
7908517904497;0.00;monofasico
7908517904503;0.00;monofasico
7908517904602;0.00;monofasico
7908517904619;0.00;monofasico
7908517904626;0.00;monofasico
7908517904633;0.00;monofasico
7908517904718;0.00;monofasico
7908517904725;0.00;monofasico
7908517904756;0.00;monofasico
7908517904831;0.00;monofasico
7908517904916;0.00;monofasico
7908517904947;0.00;monofasico
7908517904954;0.00;monofasico
7908517904961;0.00;monofasico
7908517904985;0.00;monofasico
7908517905234;25.00;monofasico
7908517905241;25.00;monofasico
7908517905258;25.00;monofasico
7908517905265;25.00;monofasico
7908517905272;25.00;monofasico
7908517905289;25.00;monofasico
7908517905296;0.00;monofasico
7908517905302;0.00;monofasico
7908517905319;0.00;monofasico
7908517905326;0.00;monofasico
7908517905388;0.00;monofasico
7908517905395;0.00;monofasico
7908517905401;25.00;monofasico
7908517905418;25.00;monofasico
7908517905425;25.00;monofasico
7908517905432;25.00;monofasico
7908517905593;0.00;monofasico
7908517905609;0.00;monofasico
7908517905616;0.00;monofasico
7908517905623;0.00;monofasico
7908517905647;0.00;monofasico
7908517905678;0.00;monofasico
7908517905685;0.00;monofasico
7908517905692;0.00;monofasico
7908517905791;0.00;monofasico
7908517905807;0.00;monofasico
7908517905838;0.00;monofasico
7908517905883;0.00;monofasico
7908517905890;0.00;monofasico
7908517905913;0.00;monofasico
7908517905937;0.00;monofasico
7908517905944;0.00;monofasico
7908517905999;0.00;monofasico
7908517906002;0.00;monofasico
7908517906019;0.00;monofasico
7908517906026;0.00;monofasico
7908517906033;0.00;monofasico
7908517906040;0.00;monofasico
7908517906071;0.00;monofasico
7908517906095;0.00;monofasico
7908517906101;0.00;monofasico
7908517906118;0.00;monofasico
7908517906279;0.00;monofasico
7908517906323;0.00;monofasico
7908517906330;0.00;monofasico
7908517906347;0.00;monofasico
7908517906385;0.00;monofasico
7908517906408;25.00;monofasico
7908517906415;25.00;monofasico
7908517906422;25.00;monofasico
7908517906484;0.00;monofasico
7908517906507;0.00;monofasico
7908517906514;0.00;monofasico
7908517906521;25.00;monofasico
7908517906538;0.00;monofasico
7908517906545;0.00;monofasico
7908517906552;0.00;monofasico
7908517906569;0.00;monofasico
7908517906576;0.00;monofasico
7908517906583;0.00;monofasico
7908517906620;0.00;monofasico
7908517906637;0.00;monofasico
7908517906644;25.00;monofasico
7908517906651;25.00;monofasico
7908517906668;25.00;monofasico
7908517906682;0.00;monofasico
7908517906699;0.00;monofasico
7908517906705;0.00;monofasico
7908517906774;0.00;monofasico
7908517907184;25.00;monofasico
7908517907221;0.00;monofasico
7908517907238;0.00;monofasico
7908517907436;25.00;monofasico
7908517907443;25.00;monofasico
7908517907450;0.00;monofasico
7908517907528;0.00;monofasico
7908517907894;25.00;monofasico
7908517907900;0.00;monofasico
7908517907917;25.00;monofasico
7908517907948;25.00;monofasico
7908517907955;0.00;monofasico
7908517908044;25.00;monofasico
7908517908051;25.00;monofasico
7908517908310;0.00;monofasico
7908517908341;25.00;monofasico
7908517908358;25.00;monofasico
7908517908365;25.00;monofasico
7908517908419;25.00;monofasico
7908517908426;25.00;monofasico
7908517908433;0.00;monofasico
7908517908440;0.00;monofasico
7908517908488;25.00;monofasico
7908517908495;0.00;monofasico
7908517908501;25.00;monofasico
7908517908518;0.00;monofasico
7908517908617;25.00;monofasico
7908517908631;25.00;monofasico
7908517908655;25.00;monofasico
7908517908679;25.00;monofasico
7908517908686;0.00;monofasico
7908517908693;25.00;monofasico
7908517908709;0.00;monofasico
7908517908723;25.00;monofasico
7908517908730;0.00;monofasico
7908517908761;25.00;monofasico
7908517908778;0.00;monofasico
7908517908785;25.00;monofasico
7908517908792;0.00;monofasico
7908538669528;18.00;presumido
7908542630286;25.00;monofasico
7908613101196;4.00;presumido
7908613101646;0.00;presumido
7908613101653;0.00;presumido
7908613101660;0.00;presumido
7908613102940;4.00;presumido
7908613103596;4.00;presumido
7908613103633;0.00;monofasico
7908613103657;0.00;presumido
7908613103664;0.00;presumido
7908613104593;0.00;presumido
7908613105736;4.00;presumido
7908613105859;4.00;presumido
7908613105873;4.00;presumido
7908613106009;4.00;presumido
7908613106023;4.00;presumido
7908613106030;4.00;presumido
7908613106047;4.00;presumido
7908615000015;0.00;monofasico
7908615000169;25.00;monofasico
7908615000190;0.00;monofasico
7908615000244;25.00;monofasico
7908615004969;25.00;monofasico
7908615004983;25.00;monofasico
7908615005003;25.00;monofasico
7908615005027;25.00;monofasico
7908615005041;25.00;monofasico
7908615005065;25.00;monofasico
7908615005089;25.00;monofasico
7908615005102;25.00;monofasico
7908615005126;25.00;monofasico
7908615005140;25.00;monofasico
7908615005164;25.00;monofasico
7908615005201;25.00;monofasico
7908615005249;25.00;monofasico
7908615005287;25.00;monofasico
7908615005300;25.00;monofasico
7908615005348;0.00;monofasico
7908615012025;25.00;monofasico
7908615012049;18.00;real
7908615012643;25.00;monofasico
7908615013855;25.00;monofasico
7908615015279;0.00;monofasico
7908615015293;0.00;monofasico
7908615015378;0.00;monofasico
7908615015392;0.00;monofasico
7908615015965;25.00;monofasico
7908615017211;18.00;presumido
7908615017273;0.00;monofasico
7908615017297;0.00;monofasico
7908615020198;25.00;monofasico
7908615020259;0.00;monofasico
7908615020280;0.00;monofasico
7908615020372;0.00;monofasico
7908615020433;0.00;monofasico
7908615020464;0.00;monofasico
7908615025797;0.00;monofasico
7908615025827;0.00;monofasico
7908615025858;0.00;monofasico
7908615025940;0.00;monofasico
7908615025971;0.00;monofasico
7908615026008;0.00;monofasico
7908615026954;0.00;monofasico
7908615029771;0.00;monofasico
7908615030128;18.00;monofasico
7908615030159;18.00;monofasico
7908615031453;18.00;monofasico
7908615031484;18.00;monofasico
7908615031514;18.00;monofasico
7908615032801;25.00;monofasico
7908615032849;0.00;monofasico
7908615032900;0.00;monofasico
7908615033105;0.00;monofasico
7908615038384;0.00;monofasico
7908615038629;18.00;monofasico
7908615053097;25.00;monofasico
7908615053110;25.00;monofasico
7908615055145;25.00;monofasico
7908615055169;25.00;monofasico
7908615055183;25.00;monofasico
7908615059983;25.00;monofasico
7908615060347;25.00;monofasico
7908615060385;18.00;monofasico
7908615060606;18.00;monofasico
7908615060620;25.00;monofasico
7908615060644;25.00;monofasico
7908615060668;25.00;monofasico
7908615060910;0.00;monofasico
7908615062372;25.00;monofasico
7908615062396;25.00;monofasico
7908615062419;25.00;monofasico
7908615062433;25.00;monofasico
7908615062457;25.00;monofasico
7908615062471;25.00;monofasico
7908615062495;25.00;monofasico
7908615062518;25.00;monofasico
7908615062532;25.00;monofasico
7908615062556;25.00;monofasico
7908615065458;0.00;monofasico
7908615065519;0.00;monofasico
7908615065694;0.00;monofasico
7908615065717;0.00;monofasico
7908615065779;0.00;monofasico
7908615065793;0.00;monofasico
7908615065816;0.00;monofasico
7908615065830;0.00;monofasico
7908615065854;0.00;monofasico
7908615065878;0.00;monofasico
7908615065892;0.00;monofasico
7908615065915;0.00;monofasico
7908615065953;0.00;monofasico
7908615070278;25.00;monofasico
7908615070315;25.00;monofasico
7908615070353;18.00;monofasico
7908615070377;0.00;monofasico
7908615070391;0.00;monofasico
7908615075600;0.00;monofasico
7908615076867;0.00;monofasico
7908615076881;0.00;monofasico
7908615077079;0.00;monofasico
7908615077710;18.00;monofasico
7908615077734;18.00;monofasico
7908615077758;18.00;monofasico
7908615085418;18.00;monofasico
7908615085425;0.00;monofasico
7908615086156;25.00;monofasico
7908615086309;25.00;monofasico
7908615087894;0.00;monofasico
7908615088136;18.00;monofasico
7908615088945;18.00;real
7908615088969;25.00;monofasico
7908615088983;25.00;monofasico
7908615089003;25.00;monofasico
7908615090504;25.00;monofasico
7908615090535;0.00;monofasico
7908615090566;0.00;monofasico
7908615090597;0.00;monofasico
7908615090627;0.00;monofasico
7908615090658;0.00;monofasico
7908615090719;0.00;monofasico
7908615092096;0.00;monofasico
7908615092775;18.00;monofasico
7908615092935;25.00;monofasico
7908615092959;25.00;monofasico
7908615092973;25.00;monofasico
7908615092997;18.00;monofasico
7908618305995;0.00;presumido
7908618306008;0.00;presumido
7908618306015;0.00;presumido
7908618306022;0.00;presumido
7908618306541;0.00;presumido
7908623007488;4.00;real
7908623007495;4.00;real
7908623008188;4.00;real
7908623011447;4.00;real
7908623011454;4.00;real
7908623011485;4.00;real
7908623011669;4.00;real
7908623016893;4.00;real
7908623017593;4.00;real
7908623018705;4.00;real
7908623022405;4.00;real
7908623022528;12.00;real
7908623023969;4.00;real
7908623027363;4.00;real
7908623029268;4.00;real
7908623031162;4.00;real
7908623031247;4.00;real
7908623031261;4.00;real
7908623031285;4.00;real
7908623031940;4.00;real
7908623033142;4.00;real
7908623033418;4.00;real
7908623034026;4.00;real
7908623035498;4.00;real
7908623035511;4.00;real
7908623036594;4.00;real
7908623037263;4.00;real
7908623043660;4.00;real
7908623043677;4.00;real
7908623043684;4.00;real
7908623043707;4.00;real
7908623045077;4.00;real
7908623045121;4.00;real
7908623046784;4.00;real
7908630211960;0.00;monofasico
7908630211977;0.00;monofasico
7908630224076;18.00;presumido
7908630224090;18.00;presumido
7908630238820;18.00;real
7908630239575;0.00;monofasico
7908630239582;0.00;monofasico
7908630240014;18.00;presumido
7908630240366;0.00;monofasico
7908630244432;4.00;presumido
7908630244487;4.00;presumido
7908630244494;4.00;presumido
7908630245149;4.00;presumido
7908630245507;4.00;presumido
7908630245552;4.00;presumido
7908630245866;0.00;monofasico
7908630246610;4.00;presumido
7908630247365;4.00;presumido
7908630247372;4.00;presumido
7908630247389;4.00;presumido
7908630247402;4.00;presumido
7908630247822;4.00;presumido
7908630248058;4.00;presumido
7908630254646;0.00;real
7908630254738;4.00;presumido
7908630254752;4.00;presumido
7908630254837;4.00;presumido
7908630254851;0.00;monofasico
7908630255582;4.00;presumido
7908630255599;4.00;monofasico
7908630255803;4.00;presumido
7908630256220;4.00;presumido
7908630256237;4.00;presumido
7908630256695;4.00;presumido
7908630256732;4.00;presumido
7908630256961;4.00;presumido
7908630257142;4.00;presumido
7908630257159;0.00;real
7908630258279;4.00;presumido
7908630259528;4.00;presumido
7908630259580;4.00;presumido
7908630259610;4.00;presumido
7908630259771;4.00;presumido
7908630259931;4.00;presumido
7908630260029;4.00;presumido
7908630260180;4.00;presumido
7908630260722;4.00;presumido
7908630260746;4.00;monofasico
7908639900537;0.00;monofasico
7908639901503;0.00;monofasico
7908654009376;12.00;monofasico
7908654009383;12.00;monofasico
7908654009390;12.00;monofasico
7908654009406;0.00;monofasico
7908654009413;0.00;monofasico
7908654009420;0.00;monofasico
7908654009444;12.00;monofasico
7908654009451;12.00;monofasico
7908654010334;12.00;monofasico
7908654010631;12.00;monofasico
7908654010815;12.00;monofasico
7908677401461;18.00;presumido
7908683904024;4.00;presumido
7908683904109;4.00;monofasico
7908683904130;4.00;monofasico
7908683904161;4.00;monofasico
7908683911022;0.00;presumido
7908683913606;4.00;presumido
7908683913644;4.00;presumido
7908683913729;4.00;monofasico
7908683920475;4.00;monofasico
7908683920499;4.00;presumido
7908683920505;4.00;monofasico
7908683920512;4.00;monofasico
7908683920536;4.00;monofasico
7908683920550;4.00;monofasico
7908683920567;4.00;monofasico
7908683922097;4.00;monofasico
7908683922103;4.00;monofasico
7908683922127;4.00;monofasico
7908683923469;4.00;presumido
7908683923476;4.00;presumido
7908683923490;4.00;presumido
7908683923513;4.00;presumido
7908683923544;4.00;presumido
7908683923704;4.00;presumido
7908683923728;4.00;presumido
7908683924145;4.00;monofasico
7908683924152;4.00;monofasico
7908683924169;4.00;monofasico
7908683924176;4.00;monofasico
7908683924183;4.00;monofasico
7908683924190;4.00;monofasico
7908683924763;18.00;presumido
7908683931051;4.00;presumido
7908683931068;4.00;presumido
7908683932904;4.00;monofasico
7908683932966;4.00;monofasico
7908683934304;4.00;monofasico
7908683937114;4.00;monofasico
7908683937183;4.00;monofasico
7908683937190;4.00;monofasico
7908683937206;4.00;monofasico
7908683937213;4.00;monofasico
7908683937268;4.00;monofasico
7908683937282;4.00;monofasico
7908683937305;4.00;monofasico
7908683937329;4.00;monofasico
7908683937343;4.00;monofasico
7908683937404;4.00;presumido
7908683937411;4.00;presumido
7908683937428;4.00;presumido
7908683937435;4.00;presumido
7908683937459;0.00;presumido
7908683937510;0.00;monofasico
7908683937541;0.00;monofasico
7908683937695;4.00;presumido
7908683937718;4.00;presumido
7908683937749;4.00;monofasico
7908683937794;0.00;monofasico
7908683938913;4.00;monofasico
7908683939330;4.00;presumido
7908683939361;4.00;presumido
7908683939873;4.00;presumido
7908683939880;4.00;presumido
7908683939903;4.00;presumido
7908683939910;4.00;monofasico
7908683939927;4.00;monofasico
7908683939934;4.00;presumido
7908683939941;4.00;presumido
7908683939958;4.00;presumido
7908683939965;4.00;presumido
7908683940237;4.00;presumido
7908683941159;4.00;monofasico
7908683941180;0.00;monofasico
7908683941197;0.00;monofasico
7908683941203;4.00;presumido
7908683941234;4.00;monofasico
7908683941265;4.00;monofasico
7908683941302;0.00;monofasico
7908683941357;0.00;monofasico
7908683941388;4.00;monofasico
7908683941395;0.00;monofasico
7908683941401;4.00;presumido
7908683941418;0.00;monofasico
7908683941999;4.00;monofasico
7908683942002;4.00;presumido
7908683942019;4.00;monofasico
7908683943030;4.00;presumido
7908683943054;4.00;presumido
7908683943078;4.00;presumido
7908683943085;4.00;presumido
7908683943115;4.00;monofasico
7908683943146;4.00;monofasico
7908683944679;18.00;presumido
7908683944723;4.00;presumido
7908683944730;18.00;presumido
7908683944778;18.00;presumido
7908683944822;4.00;presumido
7908683944877;18.00;presumido
7908683954876;0.00;presumido
7908683954883;4.00;presumido
7908683954937;0.00;presumido
7908683963908;4.00;presumido
7908683963915;4.00;presumido
7908683963922;4.00;presumido
7908683963953;4.00;presumido
7908683964004;4.00;presumido
7908683964011;4.00;monofasico
7908683964028;4.00;presumido
7908683964059;4.00;presumido
7908683964080;0.00;monofasico
7908683964103;4.00;presumido
7908683964110;0.00;monofasico
7908683964134;0.00;monofasico
7908683964172;4.00;presumido
7908683964264;4.00;presumido
7908683964332;4.00;presumido
7908683964370;4.00;presumido
7908683964400;4.00;presumido
7908683964424;18.00;monofasico
7908683964462;4.00;presumido
7908683964479;4.00;presumido
7908683964974;4.00;presumido
7908683965230;4.00;presumido
7908683965247;4.00;presumido
7908683965254;0.00;monofasico
7908683965261;4.00;presumido
7908683965308;4.00;presumido
7908683965322;0.00;monofasico
7908683965513;4.00;monofasico
7908683965810;4.00;presumido
7908683965827;4.00;presumido
7908683965841;4.00;presumido
7908683965858;4.00;presumido
7908683966459;4.00;monofasico
7908683966930;4.00;monofasico
7908683966947;4.00;monofasico
7908683966961;4.00;monofasico
7908683967005;0.00;monofasico
7908683967012;0.00;monofasico
7908683967029;4.00;monofasico
7908683967036;18.00;presumido
7908683967043;18.00;presumido
7908683967050;4.00;monofasico
7908683967067;18.00;presumido
7908683967074;4.00;monofasico
7908683967081;4.00;monofasico
7908683967098;18.00;presumido
7908683967104;18.00;presumido
7908683967159;18.00;presumido
7908683967166;18.00;presumido
7908683967173;18.00;presumido
7908683967180;4.00;monofasico
7908683967203;4.00;presumido
7908683967210;0.00;monofasico
7908683967227;4.00;presumido
7908683967258;4.00;presumido
7908683967418;0.00;monofasico
7908683967425;4.00;presumido
7908683968668;4.00;presumido
7908683968699;4.00;presumido
7908683968705;18.00;monofasico
7908683968729;4.00;presumido
7908683968743;4.00;presumido
7908683980301;4.00;monofasico
7908683981155;4.00;presumido
7908683981162;4.00;presumido
7908683981179;4.00;presumido
7908683981186;4.00;presumido
7908683981209;4.00;monofasico
7908683981223;4.00;presumido
7908683981261;0.00;monofasico
7908683986778;4.00;real
7908683986808;4.00;real
7908683986839;4.00;real
7908683994629;4.00;monofasico
7908710400963;0.00;monofasico
7908722201176;0.00;monofasico
7908725500009;4.00;real
7908725500023;4.00;monofasico
7908725500030;4.00;monofasico
7908725500047;4.00;monofasico
7908725500054;4.00;monofasico
7908725500122;4.00;monofasico
7908725500139;4.00;monofasico
7908725500146;4.00;monofasico
7908725500368;4.00;monofasico
7908725500375;4.00;monofasico
7908725500382;4.00;monofasico
7908725500467;4.00;monofasico
7908725500481;4.00;monofasico
7908725500559;4.00;monofasico
7908725501099;4.00;real
7908725501143;4.00;monofasico
7908725501150;4.00;monofasico
7908725501419;4.00;monofasico
7908725501426;4.00;monofasico
7908725501488;4.00;monofasico
7908725501563;4.00;real
7908725501587;4.00;real
7908725501891;4.00;monofasico
7908725502065;4.00;monofasico
7908725502072;4.00;monofasico
7908725502089;4.00;monofasico
7908725502201;4.00;monofasico
7908725502294;4.00;real
7908725502379;4.00;monofasico
7908725502522;4.00;monofasico
7908725502539;4.00;monofasico
7908725502546;4.00;monofasico
7908732323417;4.00;real
7908732335533;0.00;monofasico
7908732343323;0.00;monofasico
7908738600055;0.00;monofasico
7908767908900;0.00;monofasico
7908782200157;0.00;monofasico
7908782200584;0.00;monofasico
7908782200782;0.00;monofasico
7908782203127;0.00;monofasico
7908782500233;0.00;monofasico
7908782500257;0.00;monofasico
7908785404958;0.00;monofasico
7908785404965;0.00;monofasico
7908785404996;18.00;monofasico
7908785407218;0.00;monofasico
7908785407287;0.00;monofasico
7908785408031;0.00;monofasico
7908785412465;25.00;monofasico
7908785419709;25.00;monofasico
7908785419723;25.00;monofasico
7908785422075;18.00;monofasico
7908785422099;25.00;monofasico
7908785422136;25.00;monofasico
7908785422150;25.00;monofasico
7908785427278;0.00;monofasico
7908785427292;0.00;monofasico
7908785427322;25.00;monofasico
7908785437024;18.00;monofasico
7908785442608;25.00;monofasico
7908785461456;25.00;monofasico
7908785461500;25.00;monofasico
7908785461555;25.00;monofasico
7908785461609;25.00;monofasico
7908785461654;25.00;monofasico
7908785461708;18.00;monofasico
7908785461753;18.00;monofasico
7908785464525;0.00;monofasico
7908785465034;25.00;monofasico
7908785467465;25.00;monofasico
7908785467502;0.00;monofasico
7908785467540;25.00;monofasico
7908785467588;25.00;monofasico
7908785467625;25.00;monofasico
7908785467663;25.00;monofasico
7908785467700;25.00;monofasico
7908785467748;25.00;monofasico
7908785467786;25.00;monofasico
7908785467823;25.00;monofasico
7908785467861;25.00;monofasico
7908785467946;0.00;monofasico
7908785467984;25.00;monofasico
7908785468462;0.00;monofasico
7908785468509;25.00;monofasico
7908785468547;25.00;monofasico
7908785468585;25.00;monofasico
7908785468622;25.00;monofasico
7908785469582;25.00;monofasico
7908785469629;25.00;monofasico
7908785469667;25.00;monofasico
7908785469704;0.00;monofasico
7908785469780;25.00;monofasico
7908785469827;0.00;monofasico
7908785470304;0.00;monofasico
7908785470465;25.00;monofasico
7908785470861;25.00;monofasico
7908785476825;18.00;monofasico
7908785476832;0.00;monofasico
7908785482659;25.00;monofasico
7908785482734;18.00;monofasico
7908785484974;0.00;monofasico
7908785485124;25.00;monofasico
7908785485223;0.00;monofasico
7908785490302;18.00;monofasico
7908785491835;18.00;monofasico
7908785491873;18.00;monofasico
7908785491910;18.00;monofasico
7908785491958;18.00;monofasico
7908786413560;12.00;real
7908787700416;18.00;monofasico
7908787700423;18.00;monofasico
7908787700430;18.00;monofasico
7908787700508;18.00;monofasico
7908787700515;18.00;monofasico
7908787700522;18.00;monofasico
7908787700546;18.00;monofasico
7908787701222;18.00;monofasico
7908787702816;18.00;monofasico
7908787703127;18.00;monofasico
7908787703134;18.00;monofasico
7908787703141;18.00;monofasico
7908787703158;18.00;monofasico
7908787703165;0.00;monofasico
7908790700014;25.00;monofasico
7908790700021;25.00;monofasico
7908790700038;0.00;monofasico
7908790700045;18.00;real
7908790700052;0.00;presumido
7908790700076;25.00;monofasico
7908790700090;25.00;monofasico
7908790700106;25.00;monofasico
7908790700113;18.00;real
7908790700120;25.00;monofasico
7908790700137;25.00;monofasico
7908790700175;25.00;monofasico
7908790700298;25.00;monofasico
7908790700335;25.00;monofasico
7908790700342;25.00;monofasico
7908790700649;25.00;monofasico
7908790700687;25.00;monofasico
7908790700816;25.00;monofasico
7908790700830;18.00;real
7908791000007;25.00;monofasico
7908791000199;25.00;monofasico
7908791000335;18.00;monofasico
7908791000342;18.00;monofasico
7908791000359;18.00;monofasico
7908791000366;25.00;monofasico
7908791000571;18.00;real
7908791000724;0.00;monofasico
7908791000830;25.00;monofasico
7908791000878;0.00;monofasico
7908791000885;18.00;monofasico
7908791000960;25.00;monofasico
7908791001172;18.00;monofasico
7908791001189;18.00;monofasico
7908791001196;0.00;monofasico
7908791001202;18.00;monofasico
7908791001318;0.00;real
7908791001325;25.00;monofasico
7908791001370;18.00;monofasico
7908791001387;18.00;monofasico
7908791001400;18.00;monofasico
7908791001424;18.00;monofasico
7908791001721;18.00;real
7908791001769;18.00;monofasico
7908791002254;18.00;monofasico
7908791002506;25.00;monofasico
7908791002988;25.00;monofasico
7908791003213;25.00;monofasico
7908791003220;25.00;monofasico
7908791003497;25.00;monofasico
7908791003510;25.00;monofasico
7908812700251;0.00;monofasico
7908823000029;25.00;presumido
7908823000036;0.00;monofasico
7908823000043;0.00;monofasico
7908823000067;0.00;monofasico
7908823000371;0.00;monofasico
7908823000401;18.00;presumido
7908823000432;18.00;presumido
7908823000494;18.00;presumido
7908823000524;18.00;monofasico
7908823000647;0.00;monofasico
7908823000654;0.00;monofasico
7908823000661;25.00;presumido
7908823000678;18.00;real
7908823000685;25.00;presumido
7908823000692;25.00;presumido
7908823000722;25.00;presumido
7908823000739;25.00;presumido
7908823000746;18.00;real
7908823000753;25.00;presumido
7908823000791;25.00;presumido
7908823000807;25.00;presumido
7908823000821;25.00;presumido
7908823000845;25.00;presumido
7908823001026;25.00;presumido
7908823001033;25.00;presumido
7908823001040;25.00;presumido
7908823001064;0.00;presumido
7908823001156;18.00;presumido
7908823001200;0.00;presumido
7908823001255;18.00;presumido
7908823001293;18.00;presumido
7908823001316;25.00;presumido
7908823001323;18.00;presumido
7908823001330;25.00;presumido
7908823001347;25.00;presumido
7908823001415;18.00;real
7908823001514;25.00;presumido
7908823001538;18.00;presumido
7908823001545;25.00;presumido
7908823002283;25.00;presumido
7908823002344;0.00;monofasico
7908823002351;25.00;presumido
7908823002368;25.00;presumido
7908823002405;25.00;presumido
7908823002443;25.00;presumido
7908823002757;18.00;presumido
7908823002795;0.00;presumido
7908823002917;0.00;monofasico
7908823002955;0.00;monofasico
7908823003006;25.00;presumido
7908823003013;25.00;presumido
7908823003020;25.00;monofasico
7908823003037;25.00;presumido
7908823003044;25.00;presumido
7908823003075;25.00;presumido
7908823003082;25.00;presumido
7908823003099;18.00;real
7908823003150;25.00;presumido
7908823003167;25.00;monofasico
7908823003174;25.00;presumido
7908823003181;25.00;presumido
7908823003198;25.00;presumido
7908823003204;25.00;presumido
7908823003280;18.00;monofasico
7908823003297;25.00;presumido
7908823003334;18.00;real
7908823003358;25.00;presumido
7908823003365;25.00;presumido
7908823003433;25.00;presumido
7908823003440;25.00;presumido
7908823003600;18.00;real
7908823003617;25.00;presumido
7908823003624;18.00;real
7908823003631;25.00;presumido
7908823003648;25.00;presumido
7908823003655;18.00;real
7908823003662;25.00;presumido
7908823003679;18.00;real
7908823003686;25.00;presumido
7908823003693;25.00;presumido
7908823003709;25.00;presumido
7908823003716;25.00;presumido
7908823003723;25.00;presumido
7908823003730;25.00;presumido
7908823003815;25.00;presumido
7908823003822;25.00;presumido
7908823003839;18.00;presumido
7908823003907;25.00;presumido
7908836300536;0.00;monofasico
7908840300294;18.00;presumido
7908840300584;4.00;monofasico
7908840300591;4.00;monofasico
7908840300607;0.00;presumido
7908840300614;0.00;presumido
7908840300621;0.00;presumido
7908840300645;18.00;presumido
7908840300669;0.00;presumido
7908840300706;0.00;presumido
7908840300720;0.00;real
7908840300775;0.00;presumido
7908840300782;0.00;presumido
7908840300799;0.00;presumido
7908847800155;0.00;monofasico
7908847800179;25.00;monofasico
7908847800254;25.00;monofasico
7908847800315;25.00;monofasico
7908847800391;25.00;monofasico
7908847800438;25.00;monofasico
7908847800582;25.00;monofasico
7908847800636;25.00;monofasico
7908847800643;25.00;monofasico
7908847800650;25.00;monofasico
7908847800667;25.00;monofasico
7908847800674;0.00;monofasico
7908847800704;25.00;monofasico
7908847800711;25.00;monofasico
7908847800728;25.00;monofasico
7908847801534;25.00;monofasico
7908847801541;25.00;monofasico
7908847801633;25.00;monofasico
7908847801640;25.00;monofasico
7908847801657;25.00;monofasico
7908847801664;25.00;monofasico
7908847801671;25.00;monofasico
7908847801763;18.00;monofasico
7908847801886;25.00;monofasico
7908847801909;25.00;monofasico
7908847801916;25.00;monofasico
7908847801923;25.00;monofasico
7908847801947;25.00;monofasico
7908847801954;0.00;monofasico
7908847802067;25.00;monofasico
7908847802104;25.00;monofasico
7908847802111;25.00;monofasico
7908847802142;25.00;monofasico
7908847802210;25.00;monofasico
7908847802227;25.00;monofasico
7908847802302;25.00;monofasico
7908847802333;25.00;monofasico
7908847802340;25.00;monofasico
7908847802357;25.00;monofasico
7908847802364;25.00;monofasico
7908847802371;25.00;monofasico
7908847802395;25.00;monofasico
7908847802418;25.00;monofasico
7908847802425;25.00;monofasico
7908847803026;25.00;monofasico
7908847803415;25.00;monofasico
7908847803422;25.00;monofasico
7908847803439;25.00;monofasico
7908847803569;25.00;monofasico
7908847803583;25.00;monofasico
7908847803590;25.00;monofasico
7908847803606;25.00;monofasico
7908847803613;25.00;monofasico
7908848100001;0.00;monofasico
7908848100032;25.00;monofasico
7908848100070;0.00;monofasico
7908848100087;18.00;monofasico
7908848100094;0.00;real
7908848100100;0.00;real
7908848100179;25.00;monofasico
7908848100186;0.00;real
7908848100254;0.00;monofasico
7908848100346;0.00;monofasico
7908848100360;0.00;real
7908848100377;0.00;monofasico
7908848100391;0.00;monofasico
7908871000002;4.00;presumido
7908871000491;4.00;presumido
7908871000798;4.00;presumido
7908871001054;4.00;presumido
7908871001061;4.00;presumido
7908871002006;4.00;presumido
7908871003003;4.00;presumido
7908882211107;25.00;monofasico
7908882211114;25.00;monofasico
7908882211138;25.00;monofasico
7908882211145;25.00;monofasico
7908882211152;25.00;monofasico
7908888900036;0.00;monofasico
7908888900371;0.00;monofasico
7908888901040;0.00;presumido
7908888901064;0.00;presumido
7908888901071;4.00;real
7908888902177;0.00;presumido
7908888902184;0.00;presumido
7908888902221;0.00;monofasico
7908888902870;4.00;real
7908888902887;4.00;real
7908888902894;4.00;real
7908888903037;4.00;real
7908888903167;0.00;monofasico
7908888903174;0.00;monofasico
7908888903198;0.00;monofasico
7908888903211;0.00;monofasico
7908888903228;0.00;monofasico
7908888903297;0.00;monofasico
7908888904003;0.00;presumido
7908888904027;0.00;monofasico
7908888904201;4.00;real
7908888904416;0.00;monofasico
7908888904430;0.00;monofasico
7908888904607;0.00;presumido
7908888904614;0.00;real
7908888904911;0.00;presumido
7908888905116;0.00;presumido
7908888905154;0.00;presumido
7908888905161;4.00;real
7908888905307;0.00;monofasico
7908888905338;0.00;monofasico
7908888905376;0.00;monofasico
7908888905468;0.00;monofasico
7908888905482;4.00;real
7908888905789;0.00;presumido
7908888905901;0.00;real
7908888906052;0.00;real
7908888906151;0.00;real
7908888906571;18.00;real
7908888906632;0.00;presumido
7908888906670;0.00;presumido
7908888906731;0.00;monofasico
7908888906748;0.00;monofasico
7908888906779;4.00;real
7908888906816;4.00;real
7908888906823;0.00;monofasico
7908888907066;0.00;monofasico
7908888907158;0.00;monofasico
7908888907172;0.00;monofasico
7908888907226;4.00;real
7908888907424;0.00;monofasico
7908888907509;0.00;monofasico
7908888907547;0.00;presumido
7908888907646;4.00;real
7908888907653;0.00;monofasico
7908888907660;0.00;monofasico
7908888907875;0.00;monofasico
7908888908254;4.00;real
7908888908414;0.00;presumido
7908888908421;0.00;presumido
7908888908438;0.00;monofasico
7908888908445;0.00;monofasico
7908888908490;0.00;monofasico
7908888908681;0.00;monofasico
7908888908704;0.00;monofasico
7908888908926;0.00;monofasico
7908888909176;0.00;monofasico
7908888909251;0.00;monofasico
7908888909275;18.00;presumido
7908888909305;4.00;real
7908888909534;0.00;monofasico
7908888909541;0.00;monofasico
7908888909565;0.00;presumido
7908888909572;4.00;real
7908888909718;0.00;monofasico
7908888909909;0.00;monofasico
7908888909992;4.00;real
7908888910042;4.00;real
7908888910110;0.00;monofasico
7908888910202;4.00;real
7908888910226;4.00;real
7908888910400;0.00;monofasico
7908888911339;0.00;monofasico
7908888911391;0.00;monofasico
7908888911476;4.00;real
7908888911483;4.00;real
7908888911490;0.00;monofasico
7908888911599;0.00;monofasico
7908888911643;4.00;real
7908888912138;4.00;real
7908888912145;0.00;monofasico
7908888912329;4.00;real
7908888912336;4.00;real
7908888912411;0.00;monofasico
7908888912831;0.00;monofasico
7908888912848;4.00;real
7908888912855;0.00;monofasico
7908888912862;0.00;monofasico
7908888912886;4.00;real
7908888912893;4.00;real
7908888912923;4.00;real
7908888912978;0.00;monofasico
7908888913012;0.00;monofasico
7908888913067;0.00;monofasico
7908888913166;4.00;real
7908888913265;0.00;monofasico
7908888913494;4.00;real
7908888913500;4.00;real
7908888913517;0.00;monofasico
7908888913524;0.00;monofasico
7908888913531;0.00;monofasico
7908888913555;0.00;monofasico
7908888913562;0.00;monofasico
7908888913579;0.00;monofasico
7908888913586;0.00;monofasico
7908888913593;0.00;monofasico
7908888913609;0.00;monofasico
7908888913616;4.00;real
7908888913623;0.00;monofasico
7908888913630;0.00;monofasico
7908888913654;0.00;monofasico
7908888913685;0.00;presumido
7908888913722;4.00;real
7908888913753;0.00;monofasico
7908888913760;4.00;real
7908888913777;0.00;presumido
7908888913784;0.00;presumido
7908888913807;0.00;monofasico
7908888913906;4.00;real
7908888914026;0.00;presumido
7908888914040;4.00;real
7908888914071;0.00;monofasico
7908888914118;0.00;monofasico
7908888914125;0.00;presumido
7908888914132;4.00;real
7908888914149;0.00;presumido
7908888914156;0.00;presumido
7908888914309;4.00;real
7908888914378;0.00;monofasico
7908888914392;4.00;real
7908888914446;0.00;presumido
7908888914491;0.00;monofasico
7908888914507;0.00;monofasico
7908888914606;0.00;monofasico
7908888914637;0.00;monofasico
7908888915245;0.00;monofasico
7908888915269;0.00;monofasico
7908888915443;0.00;monofasico
7908888915450;0.00;monofasico
7908888915498;0.00;monofasico
7908888915566;0.00;monofasico
7908888915573;0.00;presumido
7908888915610;4.00;real
7908888915627;4.00;real
7908888915634;4.00;real
7908888915672;4.00;real
7908888915689;0.00;monofasico
7908888915696;0.00;monofasico
7908888915849;4.00;real
7908888915986;0.00;monofasico
7908888916310;4.00;real
7908888916327;0.00;monofasico
7908888916334;0.00;monofasico
7908888916341;0.00;monofasico
7908888916389;0.00;presumido
7908888916396;0.00;monofasico
7908888916402;0.00;monofasico
7908888916495;4.00;real
7908888916501;4.00;real
7908888916518;4.00;real
7908888916525;0.00;monofasico
7908888916730;0.00;monofasico
7908888916945;0.00;monofasico
7908888917010;0.00;monofasico
7908888917065;4.00;real
7908888917140;0.00;monofasico
7908888917188;0.00;monofasico
7908888917195;0.00;monofasico
7908888917256;4.00;real
7908888917263;0.00;monofasico
7908888917331;0.00;monofasico
7908888917393;0.00;monofasico
7908888917409;4.00;real
7908888917447;0.00;monofasico
7908888917508;0.00;monofasico
7908888917676;0.00;monofasico
7908888917683;0.00;monofasico
7908888917973;0.00;monofasico
7908888918055;0.00;monofasico
7908888918062;0.00;monofasico
7908888918079;0.00;monofasico
7908888918086;0.00;monofasico
7908888918260;0.00;monofasico
7908888918383;0.00;monofasico
7908888918437;0.00;monofasico
7908888918468;0.00;monofasico
7908888918475;0.00;monofasico
7908888918482;0.00;monofasico
7908888918529;0.00;monofasico
7908888918543;0.00;monofasico
7908888918550;0.00;monofasico
7908888918949;0.00;monofasico
7908888918994;4.00;real
7908888919007;4.00;real
7908888919069;0.00;monofasico
7908888919137;0.00;monofasico
7908888919243;0.00;monofasico
7908888919281;0.00;monofasico
7908888919304;0.00;monofasico
7908888919380;0.00;monofasico
7908888919397;0.00;monofasico
7908888919403;0.00;monofasico
7908888919649;0.00;monofasico
7908888919847;4.00;real
7908888919854;4.00;real
7908888920041;4.00;real
7908888920058;4.00;real
7908888920294;0.00;monofasico
7908888920348;0.00;monofasico
7908888920409;0.00;monofasico
7908888921192;0.00;monofasico
7908909600044;25.00;monofasico
7908909600099;25.00;monofasico
7908909600105;18.00;monofasico
7908909600112;25.00;monofasico
7908909600136;25.00;monofasico
7908909600143;0.00;monofasico
7908909600150;25.00;monofasico
7908909600242;25.00;monofasico
7908909600259;25.00;monofasico
7908909600266;25.00;monofasico
7908909600273;25.00;monofasico
7908909600280;25.00;monofasico
7908909600297;18.00;monofasico
7908909600327;0.00;monofasico
7908909600334;25.00;monofasico
7908909600341;25.00;monofasico
7908909600358;25.00;monofasico
7908909600723;25.00;monofasico
7908909600730;25.00;monofasico
7908909600754;25.00;monofasico
7908909600815;18.00;monofasico
7908909600822;25.00;monofasico
7908909600839;25.00;monofasico
7908909600846;25.00;monofasico
7908909600853;25.00;monofasico
7908909600938;25.00;monofasico
7908909600945;25.00;monofasico
7908909601096;25.00;monofasico
7908909601102;25.00;monofasico
7908909601119;25.00;monofasico
7908909601126;25.00;monofasico
7908909601133;25.00;monofasico
7908909601140;25.00;monofasico
7908909601157;25.00;monofasico
7908909601232;25.00;monofasico
7908909601263;25.00;monofasico
7908909601836;25.00;monofasico
7908910100199;0.00;real
7908910100212;0.00;real
7908910100236;0.00;monofasico
7908910100281;0.00;real
7908910100298;0.00;real
7908910100311;0.00;real
7908910100342;0.00;presumido
7908910100403;0.00;real
7908910100410;0.00;real
7908910100489;0.00;real
7908910100496;0.00;real
7908910100557;0.00;real
7908910100632;0.00;real
7908910100694;0.00;real
7908910100762;0.00;real
7908910102339;0.00;real
7908912600000;0.00;presumido
7908912600017;0.00;presumido
7908912600024;0.00;presumido
7908912600031;0.00;presumido
7908912600048;0.00;presumido
7908912600062;0.00;presumido
7908912600079;0.00;presumido
7908912600086;0.00;presumido
7908912600093;0.00;presumido
7908912600109;0.00;presumido
7908912600116;0.00;presumido
7908912600123;0.00;presumido
7908912600130;0.00;presumido
7908912600147;0.00;presumido
7908912600154;0.00;presumido
7908912600161;0.00;presumido
7908912600178;0.00;presumido
7908912600185;0.00;presumido
7908912600192;0.00;presumido
7908912600208;0.00;presumido
7908912600215;0.00;presumido
7908912600222;0.00;presumido
7908912600239;0.00;presumido
7908912600314;0.00;presumido
7908912600321;0.00;presumido
7908912600352;0.00;presumido
7908912600369;0.00;presumido
7908912600376;0.00;presumido
7908912600383;0.00;presumido
7908912600390;0.00;presumido
7908912600406;0.00;presumido
7908912600413;0.00;presumido
7908912600420;0.00;presumido
7908912600437;0.00;presumido
7908912600444;0.00;presumido
7908912600451;0.00;presumido
7908912600468;0.00;presumido
7908912600505;0.00;presumido
7908912600529;0.00;presumido
7908912600536;0.00;presumido
7908912600574;0.00;presumido
7908912600581;0.00;presumido
7908912600598;0.00;presumido
7908912600666;0.00;presumido
7908912600673;0.00;presumido
7908912600680;0.00;presumido
7908912600697;0.00;presumido
7908912600703;0.00;presumido
7908912600710;0.00;presumido
7908912600727;0.00;presumido
7908912600734;0.00;presumido
7908912600772;0.00;presumido
7908912600789;0.00;presumido
7908912600796;0.00;presumido
7908912600802;0.00;presumido
7908912600819;0.00;presumido
7908912600826;0.00;presumido
7908912600857;4.00;presumido
7908912600864;4.00;presumido
7908912600871;4.00;presumido
7908912600888;0.00;presumido
7908912600895;0.00;presumido
7908912600901;4.00;presumido
7908912600918;4.00;presumido
7908912600925;4.00;presumido
7908912600932;4.00;presumido
7908912600949;4.00;presumido
7908912600956;4.00;presumido
7908912601427;4.00;presumido
7908912601434;4.00;presumido
7908912601441;4.00;presumido
7908912601458;4.00;presumido
7908912601465;4.00;presumido
7908912601472;4.00;presumido
7908912601489;4.00;presumido
7908912601502;0.00;presumido
7908912601519;0.00;monofasico
7908912601526;4.00;presumido
7908912601564;0.00;presumido
7908912601571;4.00;presumido
7908912601588;4.00;presumido
7908912601595;0.00;monofasico
7908912601601;4.00;presumido
7908912601632;4.00;presumido
7908912601670;4.00;presumido
7908912601694;4.00;presumido
7908912601717;4.00;presumido
7908912601724;4.00;presumido
7908912601731;4.00;presumido
7908912601748;4.00;presumido
7908912601755;4.00;presumido
7908912601762;4.00;presumido
7908912601779;4.00;presumido
7908912601823;4.00;presumido
7908912601830;4.00;presumido
7908912601847;4.00;presumido
7908912601854;4.00;presumido
7908912601878;0.00;monofasico
7908912601885;4.00;presumido
7908912601892;4.00;presumido
7908912601908;4.00;presumido
7908912601915;4.00;presumido
7908912601922;4.00;presumido
7908912601939;4.00;presumido
7908912601946;4.00;presumido
7908912601991;4.00;presumido
7908912602004;4.00;presumido
7908912602011;4.00;presumido
7908912602035;4.00;presumido
7908912602042;4.00;presumido
7908912602059;4.00;presumido
7908912602066;4.00;presumido
7908912602073;4.00;presumido
7908912602080;4.00;presumido
7908912602097;4.00;presumido
7908912602103;4.00;presumido
7908946100101;12.00;monofasico
7908946100118;12.00;monofasico
7908946100125;12.00;monofasico
7908946100132;12.00;monofasico
7908946100149;12.00;monofasico
7908946100156;12.00;monofasico
7908946100576;25.00;monofasico
7908946100583;25.00;monofasico
7908966503685;25.00;monofasico
7908966503968;25.00;monofasico
7908966504002;25.00;monofasico
7908966504040;25.00;monofasico
7908966506266;25.00;monofasico
7908966506303;0.00;monofasico
7908966507546;25.00;monofasico
7908966508888;0.00;monofasico
7908966508925;18.00;monofasico
7908966511246;25.00;monofasico
7908966511284;25.00;monofasico
7908966511321;25.00;monofasico
7908966527117;25.00;monofasico
7908966527155;18.00;monofasico
7908966527193;25.00;monofasico
7908966528367;25.00;monofasico
7908966528404;18.00;monofasico
7908966528534;25.00;monofasico
7908966529333;25.00;monofasico
7908966534078;25.00;monofasico
7908966540390;0.00;monofasico
7908966548297;25.00;monofasico
7908966555738;25.00;monofasico
7908966555776;25.00;monofasico
7908966555813;25.00;monofasico
7908966555851;25.00;monofasico
7908966556896;25.00;monofasico
7908966556933;25.00;monofasico
7908966556971;25.00;monofasico
7908966557015;25.00;monofasico
7908966557855;18.00;monofasico
7908966560985;18.00;monofasico
7908966563764;18.00;monofasico
7908966580709;25.00;monofasico
7908966580747;25.00;monofasico
7908966580785;25.00;monofasico
7908966580822;25.00;monofasico
7908966580860;25.00;monofasico
7908975604069;4.00;presumido
7908975642887;4.00;presumido
7908975643211;4.00;presumido
7908975644096;4.00;presumido
7908975645406;4.00;presumido
7908975645475;4.00;presumido
7908975645550;0.00;monofasico
7908975645611;0.00;monofasico
7908975645642;0.00;monofasico
7908975645703;0.00;monofasico
7908985900007;18.00;real
7908985900014;18.00;real
7908985900298;18.00;real
7908985900304;18.00;real
7908985900342;18.00;real
7908985900441;18.00;real
7908985900458;18.00;real
7908985901127;18.00;real
7908985901134;18.00;real
7908985901141;18.00;real
7908985901196;18.00;real
7908985901219;18.00;real
7908985901226;18.00;real
7908985901349;18.00;real
7908985901394;18.00;real
7908985901400;18.00;presumido
7908985901417;18.00;presumido
7908985901424;18.00;real
7908985901509;18.00;real
7908985901592;18.00;real
7908985901608;18.00;real
7908985901615;18.00;real
7908985901622;18.00;real
7908985901714;18.00;real
7908985901738;18.00;real
7908985901745;18.00;real
7908985901820;18.00;real
7908985902056;18.00;real
7908985902063;18.00;real
7908985902100;18.00;real
7908985902117;18.00;real
7908985902124;18.00;real
7908985902162;18.00;real
7908985902179;18.00;real
7908985902186;18.00;real
7908985902193;18.00;real
7908985902308;18.00;monofasico
7908985902315;18.00;monofasico
7908985902445;18.00;monofasico
7908985902452;18.00;monofasico
7908985902469;18.00;monofasico
7908985902506;18.00;real
7908985902551;18.00;real
7908985902605;18.00;real
7908985902629;18.00;real
7908985902728;18.00;real
7908985902759;18.00;real
7908985902780;18.00;real
7908985902919;18.00;real
7908985902995;18.00;real
7908985903015;18.00;real
7908985903022;18.00;real
7908985903060;18.00;real
7908985903077;18.00;real
7908985903091;18.00;real
7908985903121;18.00;real
7908985903138;18.00;real
7908985903152;18.00;real
7908985903169;18.00;real
7908985903176;18.00;real
7908985903183;18.00;real
7908985903190;18.00;real
7908985903374;18.00;real
7908985903404;25.00;monofasico
7908985903411;25.00;monofasico
7908985903428;25.00;monofasico
7908985903435;25.00;monofasico
7908985903442;25.00;monofasico
7908985903695;25.00;monofasico
7908985903701;25.00;monofasico
7908985903893;18.00;real
7908985903978;18.00;real
7908985904005;18.00;real
7908985904050;18.00;real
7908985904104;18.00;real
7908985904111;18.00;monofasico
7908985904142;18.00;monofasico
7908985904159;18.00;real
7908985904395;18.00;real
7908985904401;18.00;real
7908985904449;18.00;real
7908985904456;18.00;real
7908985904463;18.00;real
7908985904470;18.00;real
7908985904494;18.00;real
7908985904517;18.00;real
7908985904661;25.00;monofasico
7908985904678;25.00;monofasico
7908985904685;25.00;monofasico
7908985904692;25.00;monofasico
7908985904708;25.00;monofasico
7908985904715;25.00;monofasico
7908985904722;25.00;monofasico
7908985904883;25.00;monofasico
7908985904890;25.00;monofasico
7908985904906;25.00;monofasico
7908985904913;25.00;monofasico
7908985905088;18.00;real
7908985905095;18.00;real
7908985905194;18.00;real
7908985905248;18.00;real
7908985905262;18.00;real
7908985905378;18.00;real
7908985905392;18.00;real
7908985905415;18.00;real
7908985905439;18.00;real
7908985905446;18.00;real
7908985905842;25.00;monofasico
7908985905859;25.00;monofasico
7908985905866;25.00;monofasico
7908985905873;25.00;monofasico
7908985905880;25.00;monofasico
7908985905903;25.00;monofasico
7908985905910;25.00;monofasico
7908985905927;25.00;monofasico
7908985905934;25.00;monofasico
7908985905958;25.00;monofasico
7908985905965;25.00;monofasico
7908985905972;25.00;monofasico
7908985906054;25.00;monofasico
7908985906061;25.00;monofasico
7908985906078;25.00;monofasico
7908985906085;25.00;monofasico
7908985906092;18.00;real
7908985906115;18.00;real
7908985906122;25.00;monofasico
7908985906139;25.00;monofasico
7908985906146;25.00;monofasico
7908985906153;25.00;monofasico
7908985906160;25.00;monofasico
7908985906177;25.00;monofasico
7908985906184;25.00;monofasico
7908985906191;25.00;monofasico
7908985906207;25.00;monofasico
7908985906214;25.00;monofasico
7908985906221;25.00;monofasico
7908985906238;25.00;monofasico
7908985906245;25.00;monofasico
7908985906252;25.00;monofasico
7908985906269;25.00;monofasico
7908985906276;25.00;monofasico
7908985906283;25.00;monofasico
7908985906290;25.00;monofasico
7908985906306;25.00;monofasico
7908985906610;18.00;monofasico
7908985906641;18.00;monofasico
7908985907228;25.00;monofasico
7908985907303;25.00;monofasico
7908985907310;25.00;monofasico
7908985907334;25.00;monofasico
7908985907341;25.00;monofasico
7908985907396;25.00;monofasico
7908985907433;25.00;monofasico
7908985907440;25.00;monofasico
7908985907457;25.00;monofasico
7908985907464;25.00;monofasico
7908985907471;25.00;monofasico
7908985907532;25.00;monofasico
7908985907549;25.00;monofasico
7908985907563;25.00;monofasico
7908985907907;25.00;monofasico
7908985907938;25.00;monofasico
7908985907945;25.00;monofasico
7908985907983;25.00;monofasico
7908985908034;0.00;presumido
7908985908171;18.00;real
7908985908188;18.00;real
7908985908195;18.00;real
7908985908201;18.00;real
7908985908218;18.00;real
7908985908331;18.00;real
7908985908348;18.00;real
7908985908355;18.00;monofasico
7908985908362;18.00;monofasico
7908985908386;0.00;real
7908985908393;18.00;real
7908985908409;18.00;real
7908985908423;18.00;real
7908985908430;18.00;real
7908985908539;18.00;monofasico
7908985908546;18.00;real
7908985908553;18.00;monofasico
7908985908607;18.00;real
7908985908737;25.00;monofasico
7908985908751;25.00;monofasico
7908985909079;25.00;monofasico
7908985909086;25.00;monofasico
7908985909093;25.00;monofasico
7908985909109;25.00;monofasico
7908985909116;25.00;monofasico
7908985909123;25.00;monofasico
7908985909130;25.00;monofasico
7908985909147;25.00;monofasico
7908985909154;25.00;monofasico
7908985909161;25.00;monofasico
7908985909215;18.00;real
7908985909222;25.00;monofasico
7908985909239;25.00;monofasico
7908985909246;25.00;monofasico
7908985909253;25.00;monofasico
7908985909260;25.00;monofasico
7908985909277;25.00;monofasico
7908985909307;25.00;monofasico
7908985909314;25.00;monofasico
7908985909321;25.00;monofasico
7908985909338;25.00;monofasico
7908985909345;25.00;monofasico
7908985909352;25.00;monofasico
7908985909369;25.00;monofasico
7908985909383;25.00;monofasico
7908985909406;0.00;monofasico
7908985909413;25.00;monofasico
7908985909611;18.00;real
7908985909628;18.00;real
7908985909635;18.00;real
7908985909741;18.00;monofasico
7908985909758;18.00;monofasico
7908985909765;18.00;monofasico
7908985909833;12.00;monofasico
7908985909963;18.00;real
7908985909970;18.00;real
7908985909987;18.00;real
7908985909994;18.00;real
7908985910006;18.00;real
7908985910020;18.00;real
7908985910037;18.00;real
7908985910044;18.00;real
7908985910051;18.00;real
7908985910068;25.00;monofasico
7908985910075;25.00;monofasico
7908985910082;25.00;monofasico
7908985910105;12.00;monofasico
7908985910129;12.00;monofasico
7908985910143;12.00;monofasico
7908985910167;12.00;monofasico
7908985910228;12.00;monofasico
7908985910242;25.00;real
7908985910280;12.00;monofasico
7908985910433;25.00;monofasico
7908985910440;25.00;monofasico
7908985910723;0.00;monofasico
7908985910730;25.00;monofasico
7908985910969;18.00;real
7908985910976;18.00;real
7908985910983;18.00;real
7908985910990;18.00;real
7908985911188;12.00;monofasico
7908985911225;12.00;monofasico
7908985911232;18.00;real
7908985911263;25.00;monofasico
7908985911270;25.00;monofasico
7908985911287;25.00;monofasico
7908985911294;25.00;monofasico
7908985911300;25.00;monofasico
7908985911317;25.00;monofasico
7908985912468;12.00;monofasico
7908985913410;18.00;real
7908985913441;12.00;monofasico
7908985913540;18.00;real
7908985913564;18.00;real
7908985913571;18.00;real
7908985913588;18.00;real
7908985913595;18.00;real
7908985913601;18.00;real
7908985913649;25.00;monofasico
7908985913656;25.00;monofasico
7908985913663;25.00;monofasico
7908985913670;18.00;real
7908985913748;12.00;monofasico
7908985913755;12.00;monofasico
7908985913779;18.00;real
7908985913786;18.00;real
7908985913793;18.00;real
7908985913809;18.00;real
7908985913847;18.00;real
7908985913854;18.00;real
7908985913861;18.00;real
7908985913878;18.00;real
7908985913885;18.00;real
7908985913991;25.00;monofasico
7908985914004;25.00;monofasico
7908985914011;25.00;monofasico
7908985914028;25.00;monofasico
7908985914035;25.00;monofasico
7908985914042;25.00;monofasico
7908985914059;25.00;monofasico
7908985914066;25.00;monofasico
7908985914097;25.00;monofasico
7908985914103;25.00;monofasico
7908985914110;25.00;monofasico
7908985914127;18.00;real
7908985914158;12.00;monofasico
7908985914165;12.00;monofasico
7908985914196;12.00;monofasico
7908985914998;12.00;monofasico
7908985915124;25.00;monofasico
7908985915131;25.00;monofasico
7908985915148;25.00;monofasico
7908985915155;25.00;monofasico
7908985915162;25.00;monofasico
7908985915179;25.00;monofasico
7908985915186;25.00;monofasico
7908985915247;12.00;monofasico
7908985915261;12.00;monofasico
7908985915285;12.00;monofasico
7908985915711;12.00;monofasico
7908988900240;25.00;monofasico
7908988900257;18.00;monofasico
7908988900301;25.00;monofasico
7908988900356;25.00;monofasico
7909107063013;18.00;real
7909107063037;18.00;real
7909107071698;18.00;real
7909107071728;18.00;real
7909107071742;18.00;real
7909107297999;18.00;real
7909107612853;18.00;real
7909107612891;18.00;real
7909107612938;18.00;real
7909107613812;18.00;real
7909107613874;18.00;real
7909107652262;18.00;real
7909107652286;18.00;real
7909107652309;18.00;real
7909107658943;18.00;real
7909107694941;18.00;real
7909107694958;18.00;real
7909107695535;18.00;real
7909107758322;18.00;real
7909107767461;18.00;real
7909107767485;18.00;real
7909107767492;18.00;real
7909189053902;18.00;monofasico
7909189097296;18.00;monofasico
7909189129300;18.00;monofasico
7909189182329;0.00;monofasico
7909189186235;25.00;monofasico
7909189186242;25.00;monofasico
7909189186259;25.00;monofasico
7909189186273;25.00;monofasico
7909189198269;25.00;monofasico
7909189199020;18.00;monofasico
7909189199235;18.00;monofasico
7909189199792;18.00;monofasico
7909189200016;18.00;monofasico
7909189207046;25.00;monofasico
7909189207053;25.00;monofasico
7909189207060;25.00;monofasico
7909189207077;25.00;monofasico
7909189207084;25.00;monofasico
7909189207091;25.00;monofasico
7909189207107;25.00;monofasico
7909189207176;25.00;monofasico
7909189207183;25.00;monofasico
7909189207190;25.00;monofasico
7909189207206;25.00;monofasico
7909189207213;25.00;monofasico
7909189214839;18.00;monofasico
7909189221745;18.00;monofasico
7909189233236;25.00;monofasico
7909189233274;18.00;monofasico
7909189233298;18.00;monofasico
7909189233366;25.00;monofasico
7909189238804;18.00;real
7909189238811;18.00;real
7909189238828;25.00;monofasico
7909189239115;18.00;monofasico
7909189239290;25.00;monofasico
7909189239306;25.00;monofasico
7909189239313;25.00;monofasico
7909189239320;25.00;monofasico
7909189239337;25.00;monofasico
7909189239351;25.00;monofasico
7909189239368;25.00;monofasico
7909189239382;25.00;monofasico
7909189239399;25.00;monofasico
7909189240951;18.00;monofasico
7909189244133;0.00;monofasico
7909189245925;18.00;monofasico
7909189248582;18.00;monofasico
7909189249183;18.00;monofasico
7909189250868;25.00;monofasico
7909189255139;18.00;monofasico
7909189257959;18.00;monofasico
7909189258567;18.00;monofasico
7909189259519;25.00;monofasico
7909189259540;25.00;monofasico
7909189259557;25.00;monofasico
7909189259564;25.00;monofasico
7909189262212;18.00;monofasico
7909189267163;25.00;monofasico
7909189267170;25.00;monofasico
7909189267187;25.00;monofasico
7909189267217;25.00;monofasico
7909189267231;25.00;monofasico
7909189267262;25.00;monofasico
7909189270750;25.00;monofasico
7909189270767;25.00;monofasico
7909189270774;25.00;monofasico
7909189270798;25.00;monofasico
7909189270804;25.00;monofasico
7909189271115;18.00;monofasico
7909189271764;18.00;monofasico
7909189272167;18.00;monofasico
7909189276226;25.00;monofasico
7909189276233;25.00;monofasico
7909189276240;25.00;monofasico
7909189276257;25.00;monofasico
7909189276264;25.00;monofasico
7909189276295;25.00;monofasico
7909189276301;25.00;monofasico
7909189276325;25.00;monofasico
7909189277155;25.00;monofasico
7909189277162;25.00;monofasico
7909189280186;25.00;monofasico
7909189280209;25.00;monofasico
7909189280247;18.00;monofasico
7909189280353;0.00;monofasico
7909189284337;25.00;monofasico
7909189284344;25.00;monofasico
7909189284351;25.00;monofasico
7909189284368;25.00;monofasico
7909189284375;25.00;monofasico
7909189284382;25.00;monofasico
7909189284399;25.00;monofasico
7909189284405;25.00;monofasico
7909189284412;25.00;monofasico
7909189284429;25.00;monofasico
7909189284436;25.00;monofasico
7909189284443;25.00;monofasico
7909189284450;25.00;monofasico
7909189284467;25.00;monofasico
7909189284474;25.00;monofasico
7909189284481;25.00;monofasico
7909189284498;25.00;monofasico
7909189284504;25.00;monofasico
7909189284511;25.00;monofasico
7909189284528;25.00;monofasico
7909189286904;18.00;monofasico
7909189289530;18.00;monofasico
7909189290772;25.00;monofasico
7909189291601;18.00;monofasico
7909189293094;18.00;monofasico
7909189301140;18.00;monofasico
7909189301157;18.00;monofasico
7909189303311;25.00;monofasico
7909189303328;25.00;monofasico
7909189306497;25.00;monofasico
7909189306558;25.00;monofasico
7909189306565;25.00;monofasico
7909189306572;25.00;monofasico
7909189306589;25.00;monofasico
7909189306596;25.00;monofasico
7909189306602;25.00;monofasico
7909189306619;25.00;monofasico
7909189306626;25.00;monofasico
7909189306633;25.00;monofasico
7909189306640;25.00;monofasico
7909189306657;25.00;monofasico
7909189306664;25.00;monofasico
7909189306671;25.00;monofasico
7909189308071;18.00;monofasico
7909189308248;18.00;monofasico
7909189311972;25.00;monofasico
7909189311989;25.00;monofasico
7909189312016;25.00;monofasico
7909189312023;25.00;monofasico
7909189312030;25.00;monofasico
7909189312047;25.00;monofasico
7909189312078;25.00;monofasico
7909189312085;25.00;monofasico
7909189313969;25.00;monofasico
7909189316779;18.00;monofasico
7909189317677;25.00;monofasico
7909189317684;25.00;monofasico
7909189317691;25.00;monofasico
7909189317707;25.00;monofasico
7909189317714;25.00;monofasico
7909189317769;18.00;monofasico
7909189317776;18.00;monofasico
7909189317783;18.00;monofasico
7909189317790;18.00;monofasico
7909189317806;18.00;monofasico
7909189317813;18.00;monofasico
7909189317820;18.00;monofasico
7909189317837;18.00;monofasico
7909189317844;18.00;monofasico
7909189317851;18.00;monofasico
7909189317868;18.00;monofasico
7909189317875;18.00;monofasico
7909189317912;18.00;monofasico
7909189317929;18.00;monofasico
7909189317936;18.00;monofasico
7909189317943;18.00;monofasico
7909189318001;25.00;monofasico
7909189318018;25.00;monofasico
7909189318025;25.00;monofasico
7909189318094;25.00;monofasico
7909189318100;25.00;monofasico
7909189318117;25.00;monofasico
7909189318124;25.00;monofasico
7909189318599;25.00;monofasico
7909189318650;25.00;monofasico
7909189318667;25.00;monofasico
7909189318674;25.00;monofasico
7909189320653;18.00;monofasico
7909189323548;25.00;real
7909189323555;18.00;monofasico
7909189323562;18.00;monofasico
7909189323579;0.00;monofasico
7909189323586;18.00;monofasico
7909189323593;18.00;monofasico
7909189324927;18.00;monofasico
7909189324934;18.00;monofasico
7909189325047;25.00;real
7909189325238;25.00;real
7909189325245;25.00;real
7909189325252;25.00;real
7909189325382;25.00;real
7909189325412;25.00;monofasico
7909189325443;25.00;monofasico
7909189325481;25.00;monofasico
7909189325511;25.00;monofasico
7909189325528;25.00;monofasico
7909189325535;25.00;monofasico
7909189328659;25.00;monofasico
7909189328673;0.00;monofasico
7909189329618;25.00;monofasico
7909189329625;25.00;monofasico
7909189329632;25.00;monofasico
7909189329649;25.00;monofasico
7909189329656;25.00;monofasico
7909189329793;25.00;monofasico
7909189329809;25.00;monofasico
7909189329816;25.00;monofasico
7909189329823;25.00;monofasico
7909189331505;0.00;monofasico
7909189331512;18.00;monofasico
7909189331529;18.00;monofasico
7909189332939;0.00;monofasico
7909189334148;25.00;real
7909189334155;25.00;real
7909189334179;25.00;real
7909189334186;25.00;real
7909189334193;25.00;real
7909189334216;25.00;real
7909189334230;25.00;real
7909189334247;25.00;real
7909189334261;25.00;real
7909189334278;25.00;real
7909189334285;25.00;real
7909189334292;25.00;real
7909189336753;25.00;monofasico
7909189336760;25.00;monofasico
7909189336777;25.00;monofasico
7909189336784;25.00;monofasico
7909189336807;25.00;monofasico
7909189336814;25.00;monofasico
7909189336821;25.00;monofasico
7909189336838;25.00;monofasico
7909189336845;25.00;monofasico
7909189336852;25.00;monofasico
7909189336869;25.00;monofasico
7909189336876;25.00;monofasico
7909189336883;25.00;monofasico
7909189336890;25.00;monofasico
7909189336913;25.00;monofasico
7909189336920;25.00;monofasico
7909189336937;25.00;monofasico
7909189336944;25.00;monofasico
7909189338887;25.00;monofasico
7909189339396;25.00;monofasico
7909189340200;18.00;monofasico
7909189340217;18.00;monofasico
7909189340972;18.00;monofasico
7909189351220;25.00;monofasico
7909189351565;18.00;monofasico
7909189351572;18.00;monofasico
7909189352456;25.00;monofasico
7909189352463;25.00;monofasico
7909189352470;25.00;monofasico
7909189352487;25.00;monofasico
7909189352494;25.00;monofasico
7909189352500;25.00;monofasico
7909189352517;25.00;monofasico
7909189352524;25.00;monofasico
7909189352531;25.00;monofasico
7909189352548;25.00;monofasico
7909189367009;25.00;monofasico
7909189372492;25.00;monofasico
7909189372522;25.00;monofasico
7909189372539;25.00;monofasico
7909189372577;25.00;monofasico
7909189372584;25.00;monofasico
7909189373550;25.00;monofasico
7909189374991;25.00;monofasico
7909189375004;25.00;monofasico
7909189375011;25.00;monofasico
7909189375912;25.00;monofasico
7909189375929;25.00;monofasico
7909189375936;25.00;monofasico
7909189376629;18.00;monofasico
7909189380183;25.00;monofasico
7909189380763;25.00;monofasico
7909189380770;18.00;real
7909189380831;18.00;real
7909189380848;18.00;real
7909189380947;25.00;monofasico
7909189380954;25.00;monofasico
7909189380978;25.00;monofasico
7909189380985;25.00;monofasico
7909189380992;25.00;monofasico
7909189381005;25.00;monofasico
7909189382408;25.00;monofasico
7909189383313;18.00;monofasico
7909189383320;18.00;monofasico
7909189383344;18.00;monofasico
7909194001516;0.00;monofasico
7909392119259;18.00;real
7909392119266;18.00;real
7909392119280;18.00;real
7909392119297;18.00;real
7909392163238;18.00;presumido
7909392166567;18.00;presumido
7909392166598;18.00;presumido
7909392166659;18.00;presumido
7909392183892;18.00;real
7909392320259;18.00;real
7909392551462;18.00;real
7909392551479;18.00;real
7909392551486;18.00;real
7909392551530;18.00;real
7909392721254;12.00;real
7909392721261;12.00;real
7909392721377;12.00;real
7909392835999;12.00;real
7909392836002;12.00;real
7909392836026;12.00;real
7909392836033;12.00;real
7909392836057;12.00;real
7909392836064;12.00;real
7909392888261;18.00;real
7909392888346;12.00;real
7909392888353;12.00;real
7909392888407;12.00;real
7909392888414;12.00;real
7909392888421;12.00;real
7909392888490;12.00;real
7909569477922;18.00;real
7909588729774;0.00;real
7909830120007;0.00;monofasico
7909830210005;0.00;monofasico
7909883158040;25.00;monofasico
7909883435028;18.00;monofasico
7909883435158;25.00;monofasico
7909883435165;25.00;monofasico
7909883435196;25.00;monofasico
7909883435202;25.00;monofasico
7909883435219;25.00;monofasico
7909883435226;25.00;monofasico
7909883448318;25.00;monofasico
7909883448325;25.00;monofasico
7909883467623;25.00;monofasico
7909883467739;25.00;monofasico
7909883467883;25.00;monofasico
7909883467906;25.00;monofasico
7909883467968;25.00;monofasico
7909883467975;25.00;monofasico
7909883468057;18.00;monofasico
7909883468064;18.00;monofasico
7909883468095;18.00;monofasico
7909883468101;18.00;monofasico
7909883468118;18.00;monofasico
7909883468149;18.00;monofasico
7909883470876;25.00;monofasico
7909883470883;25.00;monofasico
7909883471163;25.00;monofasico
7909883471170;25.00;monofasico
7909883471354;25.00;monofasico
7909883471378;25.00;monofasico
7909883472894;18.00;monofasico
7909883472900;18.00;monofasico
7909883472955;18.00;monofasico
7909883496203;25.00;monofasico
7909883496210;25.00;monofasico
7909883496241;25.00;monofasico
7909883496258;25.00;monofasico
7909883509088;25.00;monofasico
7909883509095;25.00;monofasico
7909883511623;25.00;monofasico
7909883511630;25.00;monofasico
7909883511647;25.00;monofasico
7909883526917;18.00;monofasico
7909883576776;25.00;monofasico
7909883576783;25.00;monofasico
7909883576790;25.00;monofasico
7909883576806;25.00;monofasico
7909883576813;25.00;monofasico
7909883576820;25.00;monofasico
79400526342;0.00;monofasico
79400526359;0.00;monofasico
79656529289;0.00;real
79808782201161;0.00;monofasico
8000000061768;4.00;real
8002990292092;25.00;monofasico
8002990292139;25.00;monofasico
8003085016333;4.00;real
8003085016357;4.00;real
8003085016388;4.00;real
8003085017057;4.00;real
8003085017071;4.00;real
8003085017330;4.00;real
8003085701239;18.00;monofasico
8003085701260;18.00;monofasico
8003085704322;4.00;real
8003085705121;4.00;real
8003085705145;4.00;real
8003085705220;4.00;monofasico
8003085705275;25.00;monofasico
8003085706685;4.00;monofasico
8003085706692;4.00;monofasico
8003085708283;25.00;monofasico
8003085708955;4.00;monofasico
8003085708979;4.00;monofasico
8003085708986;4.00;monofasico
8003085708993;4.00;monofasico
8003085709662;4.00;monofasico
8005610325309;4.00;monofasico
8005610325507;4.00;monofasico
8005610325538;4.00;monofasico
8005610531632;4.00;monofasico
8005610541679;4.00;monofasico
8005610541730;4.00;monofasico
8005610644394;4.00;monofasico
8005610672397;4.00;monofasico
8011003900060;0.00;monofasico
8011003903351;18.00;monofasico
8031508348556;0.00;monofasico
83100000;0.00;monofasico
8410104274160;0.00;monofasico
8410104437749;25.00;monofasico
8410525146435;18.00;presumido
8410525159619;18.00;presumido
8411061043820;18.00;monofasico
8411061043868;0.00;monofasico
8411061088180;0.00;monofasico
8411061088197;0.00;monofasico
8411061109953;0.00;monofasico
8411061109984;0.00;monofasico
8411061110096;0.00;monofasico
8411061120590;18.00;monofasico
8411061122679;18.00;monofasico
8411061122709;0.00;monofasico
8411061123911;0.00;monofasico
8411061134450;18.00;monofasico
8411061777183;0.00;monofasico
8411061894026;0.00;monofasico
8411061945308;0.00;monofasico
8411061946671;0.00;monofasico
8411126025655;0.00;monofasico
8411126025662;0.00;monofasico
8411126025679;0.00;monofasico
8411126025686;0.00;monofasico
8411126025693;0.00;monofasico
8411126025723;0.00;monofasico
8411126040047;0.00;monofasico
8432225129778;25.00;monofasico
8432225129853;25.00;monofasico
8432225129877;25.00;monofasico
8432225129907;25.00;monofasico
8435415092548;0.00;monofasico
8435415103107;18.00;monofasico
8435415103145;18.00;monofasico
8435415103251;0.00;monofasico
8439627646636;0.00;monofasico
8439627646643;4.00;monofasico
8439627646650;4.00;monofasico
8439627646667;0.00;monofasico
8439627646674;0.00;monofasico
8439627646681;4.00;monofasico
8439627646698;4.00;monofasico
8439627646704;0.00;monofasico
8439627646711;0.00;monofasico
8439627646728;4.00;monofasico
8439627646735;4.00;monofasico
8439627646742;4.00;monofasico
8581704415175;0.00;monofasico
8681554621402;0.00;monofasico
8681554621433;18.00;presumido
8681554621457;0.00;monofasico
8715200813061;25.00;monofasico
8715658390350;0.00;monofasico
8715658401117;0.00;monofasico
8715658969594;0.00;monofasico
8715658998433;0.00;monofasico
8717185380880;25.00;monofasico
8717185380903;25.00;monofasico
8717185380927;25.00;monofasico
8717185380941;25.00;monofasico
8717185383621;0.00;monofasico
8718375524909;25.00;monofasico
8718375524923;25.00;monofasico
8718375525005;25.00;monofasico
8718375525128;25.00;monofasico
8718375525142;25.00;monofasico
8718375525203;25.00;monofasico
8718375525289;25.00;monofasico
8718375525326;25.00;monofasico
8718375525401;25.00;monofasico
8718375525425;25.00;monofasico
8718375525487;0.00;monofasico
8718951456440;4.00;monofasico
8719281057321;25.00;monofasico
8719281059622;25.00;monofasico
8719281059653;25.00;monofasico
8719281059677;25.00;monofasico
8719281059691;25.00;monofasico
8719281059837;25.00;monofasico
8719281059974;25.00;monofasico
8719281059998;25.00;monofasico
8719281060185;25.00;monofasico
8719281060222;25.00;monofasico
8719281060260;0.00;monofasico
8719281060345;25.00;monofasico
8719281067047;0.00;monofasico
8719281103417;0.00;monofasico
8719281103424;0.00;monofasico
8719281103431;0.00;monofasico
8719281103455;0.00;monofasico
8719281103462;0.00;monofasico
8719281103479;0.00;monofasico
8719281103509;0.00;monofasico
8719281103523;0.00;monofasico
8719281103547;0.00;monofasico
8719281103868;0.00;monofasico
8719281103875;25.00;monofasico
8719281103882;0.00;monofasico
8719281103899;25.00;monofasico
8719281111122;25.00;monofasico
8719281111139;25.00;monofasico
8719281111146;25.00;monofasico
8719281111177;25.00;monofasico
8719281111207;25.00;monofasico
8719281111221;25.00;monofasico
8719281111238;25.00;monofasico
8719281111245;25.00;monofasico
8719281111252;25.00;monofasico
8719281111269;25.00;monofasico
8719281111276;25.00;monofasico
8719281111283;25.00;monofasico
8719281111306;25.00;monofasico
8719281111368;25.00;monofasico
8719281111399;25.00;monofasico
8719281111436;25.00;monofasico
8719281111443;25.00;monofasico
8719281111498;25.00;monofasico
8719281111511;25.00;monofasico
8719281111528;25.00;monofasico
8719281111542;25.00;monofasico
8719281111566;25.00;monofasico
8719281111580;25.00;monofasico
8719281111603;0.00;monofasico
8719281111689;25.00;monofasico
8719281111696;0.00;monofasico
8719281111702;25.00;monofasico
8719281111764;25.00;monofasico
8719281111771;25.00;monofasico
8719281111795;25.00;monofasico
8719281111818;25.00;monofasico
8719281111856;25.00;monofasico
8719281111870;25.00;monofasico
8719281111900;25.00;monofasico
8719281111917;0.00;monofasico
8719281111986;25.00;monofasico
8719281112112;25.00;monofasico
8719281112204;0.00;monofasico
8719281112211;25.00;monofasico
8719281116554;0.00;monofasico
8719281124405;18.00;monofasico
8719281127291;0.00;monofasico
8719281127307;18.00;monofasico
8719281127895;18.00;monofasico
8719281127963;18.00;monofasico
8719281128014;25.00;monofasico
8719281128045;18.00;monofasico
8719281128076;25.00;monofasico
8719281128090;25.00;monofasico
8719281128113;25.00;monofasico
8719281128137;18.00;monofasico
8719281128168;25.00;monofasico
8719281128182;25.00;monofasico
8719281128205;25.00;monofasico
8719281128229;18.00;monofasico
8719281128250;25.00;monofasico
8719281128274;25.00;monofasico
8719281128298;18.00;monofasico
8719281128328;25.00;monofasico
8719281128342;25.00;monofasico
8719281128366;25.00;monofasico
8719281128373;25.00;monofasico
8719281128427;18.00;monofasico
8719281128441;25.00;monofasico
8719281128465;25.00;monofasico
8719281128496;18.00;monofasico
8719281128526;25.00;monofasico
8719281128540;18.00;monofasico
8719281128571;18.00;monofasico
8719281128595;25.00;monofasico
8719281128632;25.00;monofasico
8719281128687;18.00;monofasico
8719281128694;25.00;monofasico
8719281128717;25.00;monofasico
8719281128939;18.00;monofasico
8719281128946;25.00;monofasico
8719281128977;25.00;monofasico
8719281128991;25.00;monofasico
8719281132554;25.00;monofasico
8719281132578;18.00;monofasico
8719281132592;18.00;monofasico
8719281132608;18.00;monofasico
8719281132615;18.00;monofasico
8719281140917;25.00;monofasico
8719281988311;25.00;monofasico
8719281988502;18.00;monofasico
8719281999249;25.00;monofasico
878813000094;0.00;monofasico
87891055813702;12.00;monofasico
87896098905902;18.00;real
8800256108046;25.00;monofasico
8800256114399;25.00;monofasico
8800256114665;25.00;monofasico
8800256115549;25.00;monofasico
8800256119653;25.00;monofasico
8800283631111;4.00;real
8800283636703;4.00;real
8800283640366;4.00;real
8800283661804;4.00;real
8800283662740;4.00;real
8800289470448;25.00;monofasico
8801046269015;4.00;real
8801046277904;4.00;real
8801046357804;4.00;real
8801046357811;4.00;real
8801046413685;0.00;monofasico
8801046413692;4.00;real
8801046439555;4.00;real
8801046439562;4.00;real
8801046439593;4.00;real
8801046870990;4.00;real
8801046871003;0.00;monofasico
8801046876237;4.00;real
8801046876244;4.00;real
8806322113372;25.00;monofasico
8806322113389;0.00;monofasico
8809417490006;0.00;monofasico
8809417490020;0.00;monofasico
8809417490037;0.00;monofasico
8809417490976;0.00;monofasico
8809417490983;0.00;monofasico
8809417491003;0.00;monofasico
8809417491065;0.00;monofasico
8809417491553;0.00;monofasico
8809446652499;0.00;monofasico
8809446652505;0.00;monofasico
8809446652512;0.00;monofasico
8809446652529;0.00;monofasico
8809446652550;0.00;monofasico
8809446652567;0.00;monofasico
8809446652772;0.00;monofasico
8809446652796;0.00;monofasico
8809446652802;0.00;monofasico
8809446655674;0.00;monofasico
8809446658767;0.00;monofasico
8809446658774;0.00;monofasico
8809446658781;0.00;monofasico
8809446658798;0.00;monofasico
8809470122098;0.00;monofasico
8809470122128;0.00;monofasico
8809470126225;0.00;monofasico
8809576260496;25.00;monofasico
8809576260601;25.00;monofasico
8809576260663;25.00;monofasico
8809576261110;25.00;monofasico
8809576261172;25.00;monofasico
8809576261462;25.00;monofasico
8809615051115;0.00;monofasico
8809615051139;0.00;monofasico
8809643064088;4.00;real
8809679092208;0.00;monofasico
8809679092222;0.00;monofasico
8809679092246;0.00;monofasico
8809679092260;0.00;monofasico
8809685746973;4.00;real
8809700320805;25.00;monofasico
8809700320812;25.00;monofasico
8809743546323;25.00;monofasico
8809803540346;4.00;real
8809803540353;4.00;real
8809803548496;4.00;real
8809803549202;4.00;real
8809803556187;4.00;real
8809803556316;4.00;real
8809803574921;0.00;monofasico
8809809805647;0.00;monofasico
8809809805654;0.00;monofasico
8809875907795;25.00;monofasico
8809913830085;25.00;monofasico
8809913830139;25.00;monofasico
8809913830931;25.00;monofasico
8809913831310;25.00;monofasico
8809913832003;25.00;monofasico
8809913832034;25.00;monofasico
8809913832058;25.00;monofasico
8809925126497;4.00;real
8809925130104;4.00;real
8809925164741;4.00;real
8809925167483;4.00;real
8809925167490;4.00;real
8809925173835;4.00;monofasico
8809925196803;4.00;real
8809925196810;4.00;real
8809925196827;4.00;real
8809971484503;25.00;monofasico
887961953596;0.00;monofasico
8906008720662;4.00;monofasico
8906008722130;4.00;monofasico
8906008722147;4.00;monofasico
8906008722154;4.00;monofasico
8906008722161;4.00;monofasico
8906008724110;12.00;monofasico
8906008724127;4.00;monofasico
8906008724158;4.00;monofasico
8906008724240;4.00;monofasico
8906008725087;4.00;monofasico
8906008725094;4.00;monofasico
8906008725360;4.00;monofasico
8909144306103;4.00;monofasico
8909144306110;4.00;monofasico
8909144306134;4.00;monofasico
8909144306165;4.00;monofasico
892456000174;0.00;monofasico
8934868194293;18.00;real
8934868194316;18.00;real
8934868194330;18.00;real
8934868194354;18.00;real
8934868194378;18.00;real
908072514483;18.00;presumido
9346578368991;0.00;real
97855088826;0.00;monofasico
9786588001608;0.00;monofasico
9789896647537;18.00;presumido
9990000014118;0.00;monofasico
SEM GTIN;0.00;monofasico
