Codigo;Quantidade
100081256;7361.000
3680;6714.000
100028453;6472.000
100029102;5459.000
100018356;4993.000
100066146;4660.000
67838;4612.000
100074958;4063.000
43420;3712.000
82868;3643.000
100074959;3470.000
48109;3460.000
91439;3383.000
89882;3106.000
1287;3096.000
100064572;3072.000
1950;3022.000
100064611;2896.000
90884;2895.000
100032033;2800.000
67831;2732.000
58561;2698.000
100050242;2549.000
100019917;2527.000
42593;2517.000
67839;2497.000
36008;2463.000
77613;2453.000
44196;2447.000
100050633;2438.000
87095;2433.000
100021401;2397.000
96705;2345.000
100081466;2341.000
42590;2322.000
100071466;2308.000
2061;2239.000
100072516;2208.000
20398;2190.000
100060803;2188.000
86949;2187.000
100078806;2185.000
95930;2182.000
100054915;2176.000
80588;2158.000
55430;2088.000
89614;2079.000
43436;2073.000
100081465;1973.000
69317;1962.000
100023014;1955.000
100038017;1885.000
59597;1858.000
100056537;1828.000
100080712;1825.000
100022352;1822.000
100061893;1784.000
57206;1776.000
100017391;1771.000
62155;1764.000
100014356;1763.000
100064522;1733.000
80589;1689.000
59596;1664.000
23124;1652.000
100017388;1636.000
100075510;1615.000
58562;1600.000
100017392;1574.000
100012761;1565.000
100075902;1551.000
2031;1548.000
23125;1521.000
100017393;1476.000
35755;1466.000
82486;1456.000
86165;1434.000
60382;1422.000
59538;1416.000
602;1413.000
100023996;1389.000
50823;1388.000
31833;1377.000
100073223;1360.000
61245;1359.000
100079243;1359.000
100062969;1352.000
89598;1343.000
100062172;1323.000
55464;1315.000
100080714;1315.000
52033;1314.000
100064594;1283.000
68040;1270.000
100050608;1258.000
100010599;1258.000
100017067;1258.000
100080440;1253.000
46589;1247.000
23836;1247.000
100050727;1235.000
42599;1228.000
100054903;1222.000
41856;1219.000
45481;1218.000
55396;1205.000
100034582;1199.000
100067036;1192.000
100079246;1189.000
100052937;1184.000
100025035;1169.000
100080202;1169.000
87094;1167.000
100068048;1165.000
100080389;1157.000
100022778;1148.000
85284;1137.000
40600;1136.000
100060802;1135.000
100070838;1117.000
25517;1114.000
42597;1107.000
100015561;1098.000
100080442;1095.000
100063701;1082.000
82115;1079.000
100019137;1078.000
42586;1061.000
100013715;1059.000
100039558;1045.000
100019449;1044.000
95936;1037.000
100011270;1036.000
100029388;1033.000
100080447;1032.000
63416;1029.000
59677;1027.000
20357;1016.000
100063953;1014.000
82869;1012.000
100036110;1008.000
55437;1006.000
59575;990.000
100075913;986.000
100057655;986.000
100056137;983.000
100068289;982.000
59577;978.000
87097;976.000
60210;971.000
43008;968.000
55482;966.000
100051898;964.000
100079250;962.000
100070662;961.000
87436;959.000
95932;958.000
271;950.000
100058857;945.000
100055018;941.000
64860;939.000
100076309;937.000
51276;932.000
76103;930.000
100047616;929.000
63390;928.000
100022811;927.000
100074190;924.000
100080716;914.000
100080416;914.000
100081258;914.000
59585;913.000
100031169;912.000
57556;908.000
100082533;904.000
100078449;904.000
100046947;903.000
100078450;902.000
100050107;895.000
47459;888.000
79560;887.000
100081411;885.000
94472;884.000
45415;877.000
100080441;875.000
100079249;874.000
100067617;871.000
37127;871.000
100062174;869.000
2062;866.000
85238;865.000
20565;860.000
100066522;859.000
66275;856.000
100046946;855.000
100039563;851.000
100068061;850.000
100062769;849.000
100017062;848.000
62154;848.000
29176;840.000
28364;838.000
100076046;838.000
100035914;838.000
75504;835.000
59578;829.000
100039851;826.000
57558;826.000
29161;825.000
82573;823.000
100065973;822.000
100068050;819.000
84931;817.000
100076051;814.000
96569;814.000
100070674;812.000
100075859;810.000
100071878;809.000
100050275;808.000
59560;807.000
100080765;807.000
78566;806.000
100012806;806.000
40359;805.000
78844;799.000
100020056;799.000
100069992;798.000
98565;796.000
100017038;794.000
100068320;792.000
57555;789.000
100055904;788.000
100032874;787.000
100080764;784.000
79155;783.000
100064982;783.000
43007;778.000
100080735;778.000
100031873;774.000
100081257;774.000
59576;773.000
100012990;770.000
29187;768.000
100017387;763.000
100080308;759.000
84600;759.000
94468;757.000
100020660;756.000
100080763;755.000
85298;755.000
87091;753.000
55398;752.000
100064699;752.000
61085;747.000
100077143;747.000
42592;746.000
100044996;745.000
100055901;744.000
100080002;741.000
100040901;740.000
100054917;738.000
68547;738.000
100020876;737.000
79559;735.000
100026032;735.000
100038579;734.000
55429;732.000
100069711;729.000
100080232;728.000
100024868;722.000
100026575;721.000
59624;719.000
100080206;718.000
100068083;718.000
100071564;718.000
100076043;716.000
100070545;715.000
69305;714.000
100022808;712.000
100017110;710.000
100080203;708.000
100057449;705.000
100070802;704.000
42603;700.000
100039559;699.000
43636;699.000
100050290;697.000
100080733;696.000
65506;696.000
61278;696.000
64174;694.000
100071790;692.000
100062159;691.000
100080226;690.000
100020877;689.000
100011094;688.000
100039971;687.000
71340;687.000
92150;687.000
100080135;686.000
100022371;686.000
100051253;686.000
57557;685.000
94387;684.000
90360;684.000
2618;683.000
80481;683.000
46245;682.000
100062219;681.000
100044633;679.000
100080734;678.000
100080211;677.000
100022810;676.000
82572;675.000
55399;674.000
100069839;674.000
100060936;670.000
100076073;670.000
100072844;667.000
100011095;667.000
100074295;666.000
96588;665.000
100076880;665.000
100053719;664.000
82833;664.000
100070544;663.000
69306;663.000
100080449;662.000
20016;662.000
100080207;660.000
100044995;657.000
29741;657.000
479;654.000
634;653.000
100070873;653.000
5010;651.000
75510;648.000
100024232;647.000
57205;646.000
61962;645.000
77505;644.000
100011096;644.000
100054921;643.000
100064022;642.000
100080122;642.000
55397;642.000
33096;641.000
100033858;640.000
36011;635.000
100054914;634.000
100053805;634.000
100026860;634.000
85301;633.000
5141;633.000
632;631.000
100020051;626.000
37508;625.000
100077848;625.000
79164;624.000
100052013;623.000
100046949;623.000
100034585;621.000
82791;621.000
100017473;620.000
100054920;619.000
100081407;618.000
55484;618.000
100081403;617.000
100076039;616.000
30002;616.000
100071320;615.000
100062471;614.000
100078448;612.000
82049;612.000
100074823;612.000
100034584;612.000
100072603;609.000
44168;608.000
100065774;608.000
100076053;608.000
100059398;607.000
100056488;607.000
89080;604.000
100011104;603.000
59626;603.000
100036027;601.000
66030;600.000
100078737;600.000
100022372;598.000
50152;597.000
100078187;597.000
58146;597.000
100068324;597.000
100027050;597.000
100067712;595.000
60425;595.000
100079435;595.000
82834;595.000
95878;594.000
45996;592.000
44635;592.000
44520;592.000
63414;591.000
86263;590.000
51987;590.000
47419;589.000
100050291;589.000
79156;588.000
100075045;583.000
100078739;580.000
75506;580.000
100027051;579.000
100060796;578.000
55434;576.000
100020878;576.000
100015259;576.000
45995;576.000
53572;575.000
100076078;574.000
47516;574.000
55444;573.000
61277;572.000
59580;572.000
59628;571.000
100068329;570.000
82794;570.000
100065278;568.000
100081352;568.000
100013716;567.000
100071796;566.000
100073216;566.000
5530;566.000
49661;564.000
100057508;564.000
100020639;563.000
59586;561.000
29171;561.000
76764;559.000
100029091;559.000
100041795;559.000
61503;557.000
92151;557.000
46900;556.000
100070666;555.000
100011112;555.000
78323;554.000
100025586;554.000
100031515;552.000
100076153;552.000
100059401;549.000
100016670;549.000
66320;549.000
100073210;544.000
76758;544.000
100054922;544.000
70005;543.000
100032727;542.000
100062490;541.000
100075939;539.000
100064523;539.000
100035729;539.000
29185;538.000
100064519;537.000
100052689;537.000
100065241;537.000
100052011;536.000
100017069;536.000
100033142;535.000
92154;535.000
100039561;534.000
57559;533.000
100018288;531.000
100074324;530.000
100052936;530.000
24207;530.000
82175;529.000
100016507;529.000
100050297;529.000
100077520;529.000
100038580;528.000
100075290;528.000
100039242;527.000
46543;527.000
100069296;525.000
100068085;524.000
85245;524.000
94471;523.000
100022236;522.000
100028283;522.000
100035233;522.000
20487;521.000
100081160;521.000
100031166;520.000
100079244;520.000
42670;519.000
71464;518.000
100070640;516.000
100032645;516.000
68155;515.000
100079040;514.000
100021247;513.000
100078934;512.000
100018071;511.000
96905;510.000
100059374;510.000
91438;510.000
100078725;509.000
100041202;509.000
29174;508.000
85205;507.000
100011091;507.000
100016561;506.000
100075182;504.000
92153;504.000
100019907;503.000
100075388;503.000
100055168;502.000
20265;502.000
100056536;502.000
100022111;501.000
100075907;500.000
100079290;500.000
100022165;500.000
59558;499.000
100032373;498.000
100071798;497.000
1365;496.000
100018641;496.000
55471;496.000
29179;496.000
66905;495.000
100072036;495.000
100041152;495.000
100030284;494.000
55445;494.000
100024231;494.000
100052012;493.000
100080148;492.000
31682;492.000
2742;491.000
100032639;490.000
100080293;489.000
100050728;489.000
100036557;488.000
36556;488.000
100011101;488.000
61502;488.000
55489;487.000
95928;486.000
100077847;485.000
37078;485.000
44640;484.000
54467;484.000
45232;483.000
100060048;483.000
100075387;482.000
59567;482.000
100052010;482.000
79255;482.000
100050721;481.000
100060153;480.000
94920;479.000
92152;478.000
62157;477.000
100061818;477.000
249;476.000
100062618;476.000
64590;476.000
100078062;476.000
100049463;475.000
100077911;475.000
88796;471.000
87996;470.000
100075386;470.000
82574;469.000
100048899;469.000
64689;469.000
61518;468.000
100011616;468.000
77458;468.000
100059450;465.000
95888;465.000
100068326;465.000
100064041;464.000
100064040;464.000
100028565;463.000
100076599;462.000
51215;461.000
100070635;460.000
100034326;459.000
59566;459.000
100081916;459.000
82576;458.000
100079041;458.000
100068322;458.000
100011097;457.000
100039240;456.000
100022763;456.000
559;456.000
100075941;455.000
78586;455.000
100052513;454.000
100032648;454.000
100017068;454.000
82849;454.000
59619;453.000
26471;453.000
100046950;452.000
100076500;452.000
100020882;451.000
4829;451.000
94064;450.000
100079251;450.000
54468;450.000
100059400;450.000
37079;449.000
100010866;449.000
2624;449.000
41663;448.000
27534;448.000
100023997;447.000
46561;446.000
100024049;446.000
100078728;446.000
50151;446.000
94181;445.000
77582;445.000
61079;443.000
77583;443.000
78122;443.000
100011098;442.000
100065188;441.000
93289;441.000
76203;440.000
71672;440.000
51125;440.000
100071793;439.000
100057894;439.000
100076597;438.000
100054901;438.000
59680;438.000
100080204;438.000
100079679;437.000
55455;437.000
93612;436.000
100034325;436.000
100043197;436.000
100027213;436.000
47316;435.000
100017109;435.000
35896;435.000
100073379;435.000
100080384;435.000
36010;434.000
55418;433.000
100079240;433.000
100078723;433.000
100017989;433.000
100011099;433.000
37112;432.000
100066469;432.000
59613;431.000
100054078;430.000
100043466;430.000
100072311;430.000
100077895;429.000
100074195;429.000
100065120;429.000
100032163;429.000
100024230;428.000
76671;427.000
85297;427.000
87043;427.000
57561;427.000
100080626;426.000
100080221;426.000
55404;426.000
100021913;425.000
100063472;425.000
24346;425.000
100059402;425.000
23828;424.000
39871;424.000
90359;423.000
100025926;423.000
100038503;423.000
100050231;421.000
50257;421.000
82571;421.000
100026000;420.000
100079043;420.000
100078559;420.000
100068332;419.000
100047902;418.000
100025585;418.000
85303;418.000
85299;418.000
96245;417.000
59572;417.000
561;417.000
62107;417.000
100078437;417.000
2063;417.000
86894;415.000
44171;415.000
98267;415.000
100039128;414.000
89081;414.000
100062387;413.000
56026;413.000
100067359;413.000
100025208;412.000
85306;412.000
100014138;411.000
39708;411.000
92535;411.000
65495;411.000
20488;410.000
100068049;410.000
100050088;410.000
91041;409.000
100019385;408.000
100023850;408.000
100078560;408.000
60607;407.000
87581;407.000
95555;407.000
66991;406.000
90125;406.000
100025122;405.000
100013502;405.000
71456;405.000
100038208;404.000
100039235;404.000
100064585;404.000
81832;403.000
100066159;403.000
92162;403.000
86312;403.000
100027340;402.000
100080223;402.000
100062383;402.000
69150;401.000
100064612;401.000
4371;400.000
44183;400.000
29191;400.000
36293;399.000
100052514;399.000
100046944;399.000
100071789;398.000
100059429;398.000
95453;397.000
100026900;397.000
79220;396.000
100080245;396.000
100080220;395.000
37110;395.000
100075897;395.000
86940;395.000
69062;393.000
100050086;393.000
59568;392.000
100050187;392.000
63948;392.000
55406;392.000
55424;391.000
100060996;391.000
100053629;391.000
78735;390.000
40360;389.000
100070049;388.000
100064581;388.000
100079535;387.000
66029;387.000
100075480;387.000
59630;387.000
75354;387.000
100038302;387.000
100076074;387.000
100019472;386.000
100057645;386.000
44289;386.000
77242;386.000
89600;385.000
100075846;385.000
100062796;385.000
100056538;384.000
100066521;383.000
100046953;383.000
94469;383.000
100055908;382.000
100054502;382.000
100076048;382.000
86254;382.000
100078053;382.000
47417;382.000
100069557;382.000
47564;382.000
560;381.000
100011102;381.000
100080426;381.000
100075822;380.000
100078224;380.000
100071791;380.000
100078738;379.000
100050296;379.000
100050612;379.000
100072615;379.000
72508;378.000
100064206;378.000
47513;377.000
59573;376.000
100071675;376.000
100030709;376.000
90470;375.000
47376;375.000
59629;375.000
82832;375.000
100074879;375.000
100037337;375.000
100080843;374.000
100078731;374.000
100077776;374.000
79169;374.000
36066;374.000
69740;374.000
94211;374.000
100033780;374.000
59595;373.000
100055308;373.000
100016737;373.000
75568;372.000
100017036;372.000
100056555;372.000
100060997;371.000
100080875;370.000
100068325;370.000
63915;370.000
100045348;369.000
100039635;369.000
65351;369.000
91096;368.000
63363;368.000
100019788;368.000
46564;368.000
100075199;367.000
100070636;367.000
59570;367.000
100074292;367.000
100062457;367.000
100074424;366.000
55428;366.000
75350;366.000
100013004;365.000
4828;365.000
100032167;365.000
26064;364.000
100071792;364.000
100078740;364.000
100080814;364.000
100080078;364.000
100034625;364.000
100065386;364.000
95859;363.000
100069556;363.000
72831;363.000
100073207;363.000
100039634;363.000
100019260;362.000
59627;362.000
100064085;362.000
100064608;361.000
55403;361.000
51560;361.000
100032461;361.000
100032766;360.000
100032481;359.000
100077518;359.000
45622;359.000
100080200;359.000
100058862;358.000
100064960;358.000
100039357;358.000
100079878;358.000
100013902;358.000
100035412;358.000
100062467;358.000
95870;357.000
100050276;357.000
100011131;357.000
100063954;357.000
100021914;357.000
68039;357.000
100076044;357.000
82850;357.000
100064102;356.000
92155;356.000
100079532;356.000
100051222;356.000
100031516;355.000
90546;355.000
100045621;355.000
100031687;355.000
100012217;355.000
72358;355.000
38694;355.000
100060583;354.000
100080775;354.000
82792;354.000
59369;353.000
100064205;353.000
100072223;353.000
100020666;353.000
93410;353.000
100080757;353.000
100079345;352.000
76105;352.000
100078716;352.000
100075900;351.000
100067307;351.000
94060;351.000
42806;351.000
100020278;351.000
100080037;351.000
100055333;350.000
100071862;350.000
100067306;350.000
100067417;349.000
100014349;349.000
100075656;349.000
100066024;349.000
100019516;348.000
66031;348.000
100065308;348.000
100056530;348.000
100071795;348.000
100011132;347.000
82829;347.000
100047427;347.000
100022674;347.000
100078087;346.000
100060851;346.000
93160;346.000
71670;345.000
90927;345.000
100076045;344.000
100052252;344.000
46074;344.000
100081029;343.000
100030711;343.000
100058864;342.000
80701;341.000
55411;340.000
100076262;340.000
100032166;340.000
100032875;340.000
81283;339.000
100070633;339.000
100016392;339.000
100065298;339.000
100056499;339.000
44548;339.000
100043441;339.000
100067103;339.000
100063686;339.000
100080043;339.000
75;339.000
100039643;338.000
45576;338.000
49291;338.000
100080192;337.000
100043084;336.000
100011133;336.000
85296;336.000
100079509;336.000
100080774;336.000
100029800;336.000
100081355;335.000
100070470;335.000
56746;335.000
71476;335.000
100060342;335.000
63907;335.000
100081409;334.000
100052189;334.000
100019346;334.000
95934;334.000
59603;333.000
100024047;333.000
100025925;332.000
100055019;332.000
100066332;332.000
100079224;332.000
100019210;332.000
85307;331.000
100060998;331.000
74235;330.000
100072394;330.000
100081421;330.000
100062786;330.000
100078718;329.000
100074884;329.000
100020975;329.000
95887;329.000
53603;329.000
100040002;328.000
100012462;328.000
100039126;328.000
100064086;328.000
54483;328.000
75000;328.000
59590;327.000
100079926;327.000
100078059;327.000
100051902;327.000
59589;326.000
48313;326.000
100075899;326.000
69314;326.000
100030448;326.000
100056557;326.000
100026582;325.000
100062176;325.000
67029;325.000
100022420;325.000
60567;324.000
77573;324.000
100073908;324.000
100041031;324.000
100064834;323.000
100076592;323.000
100075908;323.000
97996;323.000
54470;323.000
100079242;323.000
100016862;323.000
100080217;322.000
100080388;322.000
63114;322.000
100067145;322.000
100070511;322.000
100077890;321.000
23275;321.000
100081359;321.000
20358;320.000
46550;320.000
55410;320.000
75636;319.000
100020884;319.000
100079042;318.000
50753;318.000
100012216;318.000
95553;318.000
100035390;318.000
100057986;317.000
87584;317.000
100019758;317.000
97985;317.000
100070466;316.000
100075845;316.000
100017482;316.000
58142;316.000
100070876;316.000
100067345;315.000
35055;315.000
100076103;314.000
100058861;314.000
59678;314.000
100010133;314.000
100022710;314.000
100081350;313.000
100039237;312.000
40132;312.000
100040714;312.000
100075239;312.000
100013427;312.000
100058863;311.000
100051918;311.000
100072927;311.000
36225;311.000
100012140;311.000
50954;311.000
61076;311.000
100079837;310.000
78935;310.000
87582;310.000
85315;310.000
51733;310.000
100010858;309.000
617;309.000
100024022;309.000
100075506;309.000
3013;309.000
100047426;308.000
100071794;308.000
44645;308.000
58144;308.000
100074882;308.000
92357;307.000
100065399;307.000
62648;307.000
100060162;307.000
78938;306.000
100039238;306.000
58587;306.000
100023942;306.000
100068430;306.000
100079794;306.000
100011692;306.000
100027379;306.000
100076818;305.000
54478;305.000
100055017;305.000
100061841;304.000
100066333;304.000
543;304.000
100057501;304.000
100058347;304.000
100045626;303.000
100061241;303.000
100073237;303.000
1318;303.000
100023362;302.000
100041203;302.000
100080820;302.000
100062480;302.000
100025298;302.000
77585;302.000
100074323;301.000
100070216;301.000
100063952;301.000
100013456;301.000
43337;301.000
100020114;301.000
98506;301.000
100080222;301.000
100050090;300.000
100072315;300.000
100025819;300.000
100080182;300.000
45480;300.000
100050277;300.000
100072930;300.000
36070;300.000
100065287;300.000
100071617;300.000
100063135;299.000
100067305;299.000
24096;299.000
60569;299.000
94070;299.000
100027384;299.000
69802;299.000
58383;299.000
84176;298.000
100060156;298.000
81833;298.000
89828;297.000
35753;297.000
100075096;297.000
100025313;296.000
100061245;296.000
89709;296.000
100062462;295.000
100065003;295.000
95455;295.000
100025297;295.000
55447;295.000
100064726;295.000
100049053;294.000
100077569;294.000
100056146;294.000
59614;294.000
86947;294.000
100055156;294.000
545;293.000
100042381;293.000
60215;293.000
100065725;293.000
35849;293.000
60643;293.000
29194;293.000
50962;292.000
100072146;292.000
100079820;291.000
100071539;291.000
66067;291.000
100045454;291.000
100065239;291.000
100079198;291.000
100073708;291.000
100062991;291.000
82835;291.000
91588;290.000
100050089;290.000
75511;289.000
39490;289.000
97982;289.000
100079538;289.000
100029658;289.000
80464;289.000
85345;289.000
100060091;289.000
100068339;289.000
100039344;289.000
100018444;289.000
100078436;289.000
100079218;288.000
100043128;288.000
55640;288.000
100013673;288.000
96551;288.000
100055486;288.000
100044636;288.000
100080184;288.000
94386;287.000
100038505;287.000
100039642;287.000
46297;287.000
100016236;286.000
2065;286.000
46530;286.000
100026962;286.000
100080188;286.000
90126;285.000
100035645;285.000
29517;285.000
20144;285.000
100078223;284.000
100061242;284.000
100049864;284.000
100068037;284.000
96310;284.000
100062461;283.000
43267;283.000
64176;283.000
100080438;283.000
100074416;283.000
68643;283.000
98571;283.000
100022370;283.000
100060060;283.000
56744;282.000
100079200;282.000
79168;282.000
100061870;282.000
100041030;282.000
95869;281.000
100016246;281.000
100031885;281.000
92202;280.000
81790;280.000
86729;280.000
74231;279.000
69287;279.000
94823;279.000
100050087;279.000
100053531;278.000
26903;278.000
24623;278.000
100080210;277.000
92149;277.000
100024961;277.000
100024050;277.000
95554;277.000
100015534;277.000
100080193;277.000
55490;277.000
57535;277.000
59089;276.000
100056553;276.000
33064;276.000
37206;276.000
72379;276.000
63655;276.000
37119;276.000
75375;276.000
100017306;276.000
20615;276.000
75505;275.000
22942;275.000
100047866;275.000
61156;274.000
100020532;274.000
100078320;274.000
41575;274.000
100045339;274.000
37094;274.000
100060931;274.000
26003;274.000
100056367;273.000
100063784;273.000
100065820;273.000
54474;273.000
91243;273.000
35956;273.000
100050013;272.000
100036161;272.000
59574;272.000
100039978;272.000
100063124;272.000
100071720;271.000
100021803;271.000
100065281;271.000
100018027;271.000
62108;271.000
20634;271.000
100060801;271.000
100064582;271.000
59587;271.000
100072145;270.000
100072280;270.000
90655;270.000
100072316;270.000
100080187;270.000
100054902;270.000
100010316;270.000
100068407;270.000
100049667;270.000
100063505;270.000
100076907;270.000
89645;270.000
35149;269.000
100013245;269.000
100075434;269.000
100076199;269.000
100058949;269.000
35023;268.000
59123;268.000
56747;268.000
100062384;268.000
100074118;268.000
95898;268.000
100074173;268.000
86162;268.000
100024048;268.000
100080038;268.000
100051895;268.000
44039;267.000
100080196;267.000
100081354;267.000
100023823;267.000
100064207;267.000
100078734;267.000
100076004;267.000
23578;267.000
47128;267.000
66892;267.000
91249;267.000
45416;266.000
100053716;266.000
100027198;266.000
100012732;266.000
100067146;266.000
100032644;266.000
64177;266.000
30944;266.000
100060638;266.000
100038502;265.000
100016275;265.000
100068282;265.000
100049368;265.000
82831;265.000
2844;264.000
100072925;264.000
36071;264.000
43461;264.000
100079193;264.000
100080131;264.000
100079933;264.000
100010378;264.000
100080877;263.000
100056556;263.000
59604;263.000
100074215;263.000
55491;263.000
100035394;263.000
75351;262.000
91121;262.000
100045350;262.000
90124;262.000
100063695;262.000
100072928;262.000
69932;262.000
79730;262.000
100049436;262.000
76168;261.000
100035396;261.000
97997;261.000
100033098;261.000
100035404;261.000
100065177;261.000
100079885;260.000
100019448;260.000
100079192;260.000
100049711;260.000
100074878;260.000
100041934;260.000
100061355;260.000
31143;259.000
44647;259.000
100035405;259.000
100080429;259.000
100026232;259.000
211;259.000
55452;259.000
87080;259.000
82830;258.000
55448;258.000
90765;258.000
100011144;257.000
30006;257.000
91675;257.000
100071605;257.000
100064654;257.000
100064986;257.000
38147;257.000
100050084;257.000
100050012;257.000
100011851;257.000
100046760;256.000
39771;256.000
100025120;256.000
100029802;256.000
55408;256.000
100081129;255.000
100079993;255.000
100073913;255.000
638;255.000
29164;255.000
100032688;255.000
1850;255.000
100065161;255.000
100072916;255.000
33787;255.000
100022779;255.000
100076612;255.000
100067716;254.000
100021248;254.000
100080183;254.000
100079830;254.000
87856;254.000
100059399;254.000
70202;254.000
100045342;253.000
100080213;253.000
100080876;253.000
100063506;253.000
100080150;253.000
54106;253.000
100073238;253.000
100037117;252.000
82722;252.000
72952;252.000
100080194;252.000
100026581;252.000
76491;252.000
100080212;252.000
67403;251.000
57541;251.000
82319;251.000
37906;251.000
100016270;251.000
100081087;251.000
100074423;251.000
35961;251.000
100056503;251.000
100050198;251.000
100080208;251.000
100027201;250.000
100070637;250.000
100074192;250.000
76029;250.000
100035915;250.000
100080040;250.000
4144;250.000
90926;250.000
100021411;250.000
100067918;249.000
60568;249.000
94614;249.000
31406;249.000
47731;248.000
66058;248.000
100035409;248.000
100081402;248.000
89304;248.000
100078431;248.000
100066361;247.000
100062117;247.000
37111;247.000
100067050;247.000
100020974;247.000
100067925;247.000
100016509;247.000
100038508;247.000
36394;247.000
100056132;247.000
100023446;247.000
100062990;247.000
100035400;247.000
100037309;246.000
100075238;246.000
100080134;246.000
100063072;246.000
100052535;246.000
50795;246.000
100080006;246.000
84599;246.000
100035946;246.000
100042481;246.000
100075860;245.000
95912;245.000
100080128;245.000
94062;245.000
100079294;245.000
69620;245.000
100080142;245.000
47569;245.000
94085;245.000
35957;244.000
265;244.000
29522;244.000
100015324;244.000
100040150;244.000
44644;244.000
100079542;244.000
88726;244.000
100027203;244.000
100054326;244.000
100080146;244.000
100044695;243.000
32369;243.000
100017100;243.000
100041318;243.000
100075205;243.000
354;243.000
90603;243.000
100081349;243.000
100027390;243.000
100076887;242.000
100035406;242.000
100074181;242.000
100074091;242.000
100074182;242.000
100065074;242.000
100033614;242.000
79195;242.000
66436;242.000
74791;241.000
100063782;241.000
100035654;241.000
100081089;241.000
100030701;241.000
52213;241.000
100055294;240.000
100016104;240.000
78997;240.000
100065002;240.000
100079478;240.000
100050942;240.000
72378;239.000
100080198;239.000
100038035;239.000
100020599;239.000
1367;239.000
20746;239.000
100011139;239.000
100072926;239.000
100078220;239.000
100046153;239.000
100071507;239.000
100070450;239.000
100018211;239.000
100035639;238.000
100026239;238.000
82498;238.000
100021341;238.000
100080181;238.000
86727;238.000
100078713;238.000
100065237;238.000
58826;237.000
61729;237.000
100079891;237.000
100079349;237.000
100054077;237.000
100065280;237.000
63654;237.000
100043608;237.000
100034327;237.000
100054323;237.000
100057870;236.000
100079889;236.000
87585;236.000
57203;236.000
100068279;236.000
58783;235.000
100060797;235.000
86417;235.000
100050292;235.000
100012416;235.000
100071991;235.000
100070140;235.000
87036;234.000
74526;234.000
100076109;234.000
94084;234.000
100071491;234.000
100044999;234.000
100080036;234.000
52223;234.000
100043445;234.000
66948;233.000
46901;233.000
100064210;233.000
100072587;233.000
100047901;233.000
100075339;233.000
100043127;232.000
100080197;232.000
100080041;232.000
97582;232.000
100050011;232.000
100010849;232.000
100035008;232.000
31144;231.000
100059573;231.000
59616;231.000
100078490;231.000
100077491;231.000
46538;231.000
81373;231.000
100036001;231.000
100034328;231.000
100012373;231.000
100078063;231.000
100020856;230.000
100053740;230.000
72502;230.000
24032;230.000
100078983;230.000
100035397;230.000
59617;230.000
81648;230.000
100041937;230.000
100060157;230.000
57344;229.000
100062175;229.000
100066470;229.000
43583;229.000
100060040;229.000
55267;229.000
35895;229.000
100030655;229.000
100042380;229.000
67402;229.000
91791;229.000
100065385;229.000
100077854;229.000
100060152;228.000
2199;228.000
100011134;228.000
100074920;227.000
100070806;227.000
100058860;227.000
100017305;227.000
100068079;227.000
100029795;227.000
53463;227.000
100049709;227.000
100077361;227.000
47325;226.000
100070835;226.000
100066637;226.000
100065152;226.000
100017227;226.000
100011397;226.000
91095;226.000
100056193;225.000
46061;225.000
100045031;225.000
100035391;225.000
69446;225.000
100079225;225.000
100064653;225.000
100065612;225.000
100079197;225.000
79187;225.000
100063838;225.000
100051223;225.000
91272;224.000
100055293;224.000
100064728;224.000
90145;224.000
27037;224.000
100013420;224.000
100051054;223.000
82569;223.000
100025294;223.000
100017307;223.000
100056558;223.000
100032460;223.000
100068277;223.000
100079441;223.000
71447;223.000
100057507;223.000
67785;223.000
100080145;222.000
84177;222.000
94067;222.000
100068331;222.000
100050085;222.000
100016077;222.000
100012635;221.000
100013321;221.000
86047;221.000
100076593;221.000
96045;221.000
100066549;221.000
4826;221.000
100067102;221.000
100040582;221.000
100072524;221.000
44649;221.000
76030;221.000
52212;221.000
100040985;220.000
100079252;220.000
2029;220.000
100080177;220.000
100039127;220.000
100074883;220.000
54486;220.000
61084;220.000
100065154;220.000
100050131;219.000
100030598;219.000
100079199;219.000
29726;219.000
100068868;219.000
100049489;219.000
57696;219.000
100075819;218.000
100050091;218.000
30942;218.000
92122;218.000
100050018;218.000
100075424;217.000
100081356;217.000
100061150;217.000
100074283;217.000
100061843;217.000
90068;217.000
100064625;217.000
100021304;217.000
90920;217.000
100070031;217.000
95265;216.000
100031972;216.000
100045724;216.000
98452;216.000
47515;216.000
100074927;215.000
100049708;215.000
55420;215.000
100067304;215.000
100076201;215.000
42850;215.000
100015520;215.000
78096;215.000
100079825;214.000
100024821;214.000
100051877;214.000
48583;214.000
100074630;214.000
100063283;214.000
100025301;214.000
100020841;214.000
100035398;214.000
100076100;214.000
2693;214.000
4976;214.000
58048;214.000
100045650;213.000
100075423;213.000
100081312;213.000
42967;213.000
100076338;213.000
100011220;213.000
100050121;213.000
100040580;213.000
100078451;213.000
100067729;212.000
60875;212.000
100079985;212.000
100064697;212.000
100070468;212.000
100044613;212.000
78506;212.000
100031168;212.000
95545;212.000
72832;212.000
100039638;212.000
49837;212.000
100061243;212.000
21606;211.000
76174;211.000
100048004;211.000
100056548;211.000
100063769;211.000
100079060;211.000
93579;210.000
85241;210.000
91323;210.000
100075898;210.000
100073703;210.000
68722;210.000
100011141;210.000
100072440;210.000
100072613;210.000
100047047;210.000
380;210.000
75569;210.000
100079715;210.000
100021494;209.000
100070643;209.000
35856;209.000
100041935;209.000
22574;209.000
323;209.000
100050738;209.000
100071490;209.000
100067075;209.000
100017028;209.000
90939;209.000
100024813;209.000
100036409;208.000
100079447;208.000
100076459;208.000
100063138;208.000
82570;208.000
100081401;208.000
91122;208.000
100041986;208.000
100075407;208.000
100062116;208.000
100030385;208.000
100078057;208.000
51198;208.000
92324;208.000
100024375;207.000
89601;207.000
100011691;207.000
50322;207.000
100081124;207.000
100077850;207.000
100052931;207.000
47081;207.000
100076200;207.000
100072242;207.000
100024334;207.000
100041936;207.000
100080809;207.000
100076494;207.000
100080818;206.000
91113;206.000
100051870;206.000
69636;206.000
100042344;206.000
90919;206.000
57560;206.000
100056133;206.000
100079892;206.000
100055048;206.000
100075395;206.000
92058;206.000
100062519;206.000
100056087;205.000
100070811;205.000
100078185;205.000
100033847;205.000
100051298;205.000
100080625;205.000
20878;205.000
100038131;205.000
100080201;205.000
5494;205.000
100050014;205.000
100012649;204.000
100064018;204.000
20194;204.000
100025584;204.000
64924;204.000
55961;204.000
36700;204.000
29742;204.000
35060;204.000
100022544;204.000
100017097;204.000
79159;203.000
100070638;203.000
100034093;203.000
100050055;203.000
100035621;203.000
100025121;203.000
100036030;203.000
100030867;203.000
27493;203.000
100078061;203.000
45994;203.000
100077282;203.000
84178;202.000
100075946;202.000
90823;202.000
49138;202.000
100063681;202.000
100030702;202.000
622;202.000
100030647;202.000
100063783;202.000
100072887;202.000
61080;202.000
100050130;202.000
100035413;202.000
100079253;201.000
100079677;201.000
100079382;201.000
65273;201.000
100056508;201.000
100025119;201.000
100070703;201.000
100021796;201.000
89279;201.000
100060299;201.000
100079072;201.000
100029641;200.000
54046;200.000
100064732;200.000
100056493;200.000
100065279;200.000
100035642;200.000
39770;200.000
100023342;200.000
100056135;199.000
100064729;199.000
100065183;199.000
100064338;199.000
100022192;199.000
100015519;199.000
100076618;199.000
62106;199.000
100078565;199.000
95365;199.000
100064213;199.000
47249;199.000
96904;199.000
100061252;199.000
61070;199.000
100063893;199.000
100066474;198.000
100033864;198.000
100075342;198.000
100071493;198.000
100013464;198.000
100064714;198.000
100033525;198.000
100045977;198.000
100062017;198.000
100076093;198.000
100031564;198.000
100079895;198.000
100059474;198.000
100043123;198.000
100061712;198.000
56745;198.000
81781;198.000
65274;197.000
100075947;197.000
100011430;197.000
59675;197.000
100060140;197.000
100081110;197.000
100064575;197.000
100073194;197.000
100023007;197.000
89353;197.000
74500;197.000
100012827;197.000
100057502;197.000
100067051;197.000
100015309;196.000
54930;196.000
100031635;196.000
92203;196.000
100066005;196.000
100049672;196.000
100027856;196.000
100080136;196.000
100065666;196.000
100027453;196.000
100028285;196.000
100019901;196.000
2833;196.000
100040984;195.000
100079142;195.000
100020868;195.000
62650;195.000
24098;195.000
96046;195.000
100036571;195.000
100079067;195.000
100044919;195.000
100078633;195.000
100039182;195.000
82828;195.000
100041201;195.000
20166;195.000
100064609;194.000
100066352;194.000
100030594;194.000
100014046;194.000
91617;194.000
100039640;194.000
91674;194.000
85316;194.000
100024370;194.000
100055020;194.000
100076322;194.000
91103;194.000
100060708;194.000
100052191;194.000
100078818;193.000
55496;193.000
100037459;193.000
85346;193.000
100059984;193.000
100011653;193.000
78565;193.000
100075422;193.000
100034290;193.000
100016081;193.000
51275;193.000
51418;193.000
100080214;193.000
75503;193.000
100029801;193.000
100077239;193.000
100035401;193.000
100075498;193.000
100073707;192.000
100081410;192.000
33343;192.000
100074185;192.000
100070352;192.000
100048451;192.000
46744;192.000
63362;192.000
62162;192.000
100062992;192.000
83502;192.000
100016574;192.000
100047059;192.000
100013426;192.000
100017755;192.000
75004;192.000
100079824;191.000
100077917;191.000
100068281;191.000
100075341;191.000
100079342;191.000
100080773;191.000
100071579;191.000
100030708;191.000
1976;191.000
100070834;191.000
100020079;191.000
59363;190.000
96903;190.000
100035644;190.000
100080140;190.000
100035411;190.000
100061711;190.000
100011810;190.000
95895;190.000
100081544;190.000
100039617;190.000
100074628;190.000
100035620;190.000
100060180;190.000
100078088;190.000
100080218;189.000
100063082;189.000
60076;189.000
100050272;189.000
100074934;189.000
100043168;189.000
100079065;189.000
100080417;189.000
100055327;189.000
100080312;189.000
55299;189.000
100074119;189.000
100023070;189.000
100060102;189.000
100018201;189.000
60437;188.000
546;188.000
100062520;188.000
100057182;188.000
24560;188.000
100064591;188.000
100032642;188.000
35851;188.000
47396;188.000
100074928;188.000
76367;188.000
100073440;188.000
100046156;188.000
100079929;188.000
100074093;188.000
78123;188.000
100076089;188.000
67408;188.000
100070465;188.000
100080624;188.000
100066999;188.000
100022867;188.000
100041933;188.000
66521;188.000
100013213;187.000
100013748;187.000
94410;187.000
100073376;187.000
100082455;187.000
100071330;187.000
100073377;187.000
87586;187.000
100014361;187.000
100070958;187.000
100060227;187.000
96303;187.000
62109;187.000
59091;187.000
100011782;187.000
100051224;187.000
100011972;186.000
100020035;186.000
100076091;186.000
100075535;186.000
100072037;186.000
82846;186.000
88721;186.000
88599;186.000
100069347;186.000
100012586;186.000
100071514;186.000
77584;186.000
100055330;186.000
100065407;186.000
100047899;186.000
355;185.000
100022187;185.000
62103;185.000
98058;185.000
100053631;185.000
100055302;185.000
30857;185.000
100061579;185.000
100080199;185.000
97475;185.000
100064182;185.000
100064607;185.000
100060224;185.000
100032876;185.000
95919;184.000
100060155;184.000
100062610;184.000
94077;184.000
85314;184.000
552;184.000
23579;184.000
100035407;184.000
100035372;184.000
100029803;184.000
100079329;184.000
100076878;184.000
100079574;184.000
100077806;184.000
100077788;184.000
49950;183.000
100041319;183.000
100038740;183.000
100081136;183.000
79028;183.000
100072929;183.000
100079612;183.000
36492;183.000
100015497;183.000
95868;183.000
100030707;183.000
100073435;183.000
100068241;183.000
100055332;183.000
60571;183.000
100057268;183.000
100056550;182.000
100074926;182.000
100075338;182.000
100014047;182.000
100043205;182.000
100076900;182.000
80664;182.000
51964;182.000
100020533;182.000
100011429;182.000
20285;182.000
100075818;182.000
100019832;182.000
100067921;181.000
100068063;181.000
100074932;181.000
100074090;181.000
100063137;181.000
100064620;181.000
100051053;181.000
100078064;181.000
62105;181.000
95857;181.000
79053;181.000
100014362;181.000
100026401;181.000
100076467;181.000
100023012;180.000
91101;180.000
100012671;180.000
100051378;180.000
100029807;180.000
100079833;180.000
48639;180.000
100077269;180.000
100016169;180.000
95454;180.000
100077241;180.000
100071489;180.000
100076062;180.000
83343;180.000
100071515;180.000
62091;180.000
31796;179.000
100039191;179.000
100035715;179.000
32835;179.000
100013564;179.000
100067113;179.000
88197;179.000
100012546;179.000
100062993;179.000
100028298;179.000
94961;179.000
100013459;179.000
100059189;179.000
70116;179.000
100071501;179.000
100035392;179.000
20001;179.000
100048227;179.000
100019494;179.000
100072626;179.000
49526;179.000
100023010;179.000
90821;179.000
100078202;179.000
100056549;178.000
100079866;178.000
100076077;178.000
44650;178.000
100079665;178.000
100065741;178.000
100062611;178.000
100082030;178.000
100051750;178.000
100073139;178.000
100061244;178.000
100081811;178.000
100051301;177.000
82865;177.000
100071509;177.000
100080186;177.000
100064624;177.000
100039976;177.000
46546;177.000
69310;177.000
100025521;177.000
100039236;177.000
100034986;177.000
100060387;177.000
100030651;177.000
100020855;177.000
74865;177.000
100038212;177.000
66876;177.000
60224;176.000
94679;176.000
100070217;176.000
64179;176.000
100052885;176.000
51499;176.000
100026403;176.000
100077489;176.000
60873;176.000
97998;176.000
100029788;176.000
100081547;176.000
100082471;176.000
621;176.000
100016493;175.000
100082457;175.000
100077538;175.000
60761;175.000
97581;175.000
87098;175.000
100013455;175.000
100015989;175.000
100036591;175.000
82847;175.000
100070670;175.000
100081100;175.000
47048;175.000
100045612;174.000
100063436;174.000
100080431;174.000
100046575;174.000
100080185;174.000
100017335;174.000
43458;174.000
82836;174.000
100059897;174.000
100022174;174.000
100037055;174.000
62090;174.000
61505;174.000
55016;174.000
100080219;173.000
100078237;173.000
100062608;173.000
100052162;173.000
100023525;173.000
98411;173.000
100060798;173.000
97983;173.000
100038180;173.000
82845;173.000
35620;173.000
92166;173.000
82840;172.000
100078637;172.000
50021;172.000
100035520;172.000
100067907;172.000
100072288;172.000
100063282;172.000
92156;172.000
100076249;172.000
93610;172.000
58143;172.000
60336;172.000
100075401;172.000
100066458;171.000
100079642;171.000
85236;171.000
100075999;171.000
100076198;171.000
69916;171.000
100076556;171.000
100033528;171.000
82863;171.000
100081091;171.000
100046579;171.000
100079195;171.000
100012095;171.000
100039239;171.000
100080039;171.000
90115;171.000
100080242;171.000
100060642;171.000
100072319;171.000
100075396;171.000
100075462;171.000
4827;170.000
100013935;170.000
100016076;170.000
100021628;170.000
100022994;170.000
100065403;170.000
100075337;170.000
100079722;170.000
100015816;170.000
889;170.000
100023954;170.000
100044334;170.000
100062787;170.000
100021798;170.000
100035176;170.000
100035011;169.000
100064425;169.000
100039906;169.000
100078568;169.000
100077271;169.000
100027963;169.000
59621;169.000
100031084;169.000
100047931;169.000
100080130;169.000
100078058;169.000
49527;169.000
100025308;169.000
100057390;168.000
100043107;168.000
37208;168.000
100023360;168.000
100062459;168.000
100078207;168.000
100025583;168.000
100075433;168.000
60471;168.000
100080334;168.000
86092;168.000
55726;168.000
63391;168.000
100027461;168.000
100012520;168.000
98139;168.000
100032405;168.000
100027455;168.000
44082;168.000
100074740;168.000
100018171;168.000
5027;168.000
100045030;168.000
55354;167.000
100073910;167.000
100079394;167.000
100024473;167.000
100035402;167.000
100055157;167.000
62243;167.000
100025043;167.000
100059247;167.000
100063454;167.000
100074931;167.000
100059080;167.000
46575;167.000
100041032;167.000
32038;167.000
100079351;166.000
84486;166.000
100070874;166.000
79029;166.000
100080005;166.000
100015563;166.000
100077777;166.000
100076883;166.000
100072988;166.000
100072243;166.000
69321;166.000
100064731;166.000
100019408;166.000
100061407;165.000
94187;165.000
100051751;165.000
100027382;165.000
100033967;165.000
100010984;165.000
100035646;165.000
100051067;165.000
94385;165.000
23927;165.000
93161;165.000
100017152;165.000
100077502;165.000
62087;165.000
100065182;165.000
100029088;165.000
95692;165.000
50940;165.000
100072571;164.000
100080153;164.000
100077810;164.000
100015125;164.000
87035;164.000
100061251;164.000
53063;164.000
97447;164.000
42541;164.000
100072620;164.000
35971;164.000
100051813;164.000
90120;163.000
92946;163.000
100070953;163.000
90123;163.000
96131;163.000
100072520;163.000
100021598;163.000
100078652;163.000
44436;163.000
100035012;163.000
887;163.000
78861;163.000
100052934;163.000
100057504;163.000
58032;163.000
100078726;163.000
100013269;162.000
100024806;162.000
100021343;162.000
100039854;162.000
100023361;162.000
59364;162.000
100037060;162.000
100019728;162.000
100061332;162.000
100056716;162.000
100072895;162.000
100064622;162.000
89446;162.000
86989;162.000
100072919;162.000
100075035;162.000
31865;162.000
100074237;162.000
97611;162.000
100045346;162.000
54803;162.000
49783;162.000
100072920;162.000
100077162;161.000
60575;161.000
100072923;161.000
100015406;161.000
46929;161.000
100073385;161.000
100065693;161.000
100018172;161.000
100039173;161.000
85257;161.000
100061638;161.000
100080152;161.000
100076872;161.000
100065384;161.000
43386;161.000
100018028;161.000
100035015;161.000
81868;161.000
100077007;161.000
31140;161.000
100027415;161.000
100079063;160.000
100074439;160.000
100041938;160.000
60760;160.000
100070330;160.000
100080118;160.000
100027403;160.000
40920;160.000
100076507;160.000
100075044;160.000
30535;160.000
100068323;160.000
100080228;160.000
100075420;160.000
72822;160.000
100056721;160.000
100074473;160.000
100027199;160.000
100074754;160.000
100075571;160.000
100078065;160.000
100072291;160.000
75293;160.000
100032288;160.000
100044880;160.000
100079888;159.000
100045457;159.000
100033898;159.000
100036492;159.000
100051679;159.000
63290;159.000
100077488;159.000
66875;159.000
100074222;159.000
100010565;159.000
100077811;159.000
96410;159.000
100043203;158.000
100065184;158.000
100016021;158.000
92163;158.000
82862;158.000
82841;158.000
100066455;158.000
100012590;158.000
100079609;158.000
62088;158.000
51285;158.000
56987;158.000
100013894;158.000
100061194;158.000
100035009;158.000
100070881;158.000
94069;157.000
100012350;157.000
100015518;157.000
100055707;157.000
100026160;157.000
49401;157.000
664;157.000
100045636;157.000
40357;157.000
100076600;157.000
100031162;157.000
100070984;157.000
100061001;157.000
41763;157.000
100058662;157.000
49503;157.000
100015235;157.000
100023096;157.000
100072258;157.000
100072320;156.000
93220;156.000
100063136;156.000
23658;156.000
98067;156.000
95779;156.000
100079896;156.000
100079381;156.000
100036408;156.000
100046154;156.000
100042967;156.000
100051381;156.000
61155;156.000
100079508;156.000
100047250;156.000
100046395;156.000
100062105;156.000
100077268;156.000
100016269;156.000
100080390;155.000
100024373;155.000
80594;155.000
61506;155.000
100075844;155.000
58031;155.000
100050019;155.000
90271;155.000
100010315;155.000
39991;155.000
100077981;155.000
100023009;155.000
100059335;155.000
100080815;155.000
100074465;155.000
100048828;155.000
62128;155.000
100064100;155.000
65699;155.000
100077512;155.000
100035371;155.000
100012657;155.000
100079893;154.000
100064673;154.000
59608;154.000
100011755;154.000
100069307;154.000
95097;154.000
81757;154.000
100050127;154.000
100074438;154.000
100080732;154.000
100043202;154.000
100067988;154.000
2517;154.000
63147;154.000
100025511;154.000
36068;154.000
100024570;154.000
100038507;154.000
100080035;154.000
100060226;153.000
90932;153.000
100045410;153.000
100039175;153.000
60578;153.000
47227;153.000
46571;153.000
76161;153.000
45618;153.000
83347;153.000
100061636;153.000
3405;153.000
100058866;153.000
29740;153.000
100045952;153.000
100055305;153.000
100074087;153.000
82178;153.000
100079975;153.000
100041208;153.000
100062137;152.000
100010690;152.000
100018763;152.000
100019469;152.000
43536;152.000
43181;152.000
98029;152.000
100035013;152.000
100069841;152.000
100067714;152.000
100066593;152.000
82793;152.000
100060158;152.000
100050132;152.000
68714;152.000
100052329;152.000
54487;152.000
72879;152.000
100019493;152.000
100080230;152.000
100055298;152.000
100071865;152.000
100050261;152.000
100012206;152.000
100011190;152.000
62104;152.000
100023345;151.000
100056527;151.000
100058615;151.000
100020844;151.000
100030370;151.000
74999;151.000
100068283;151.000
100030705;151.000
100057518;151.000
100079742;151.000
100013001;151.000
47009;151.000
100015311;151.000
100056091;151.000
100030597;151.000
100044418;151.000
100061356;151.000
100063298;151.000
909;151.000
61086;151.000
67027;151.000
100024103;151.000
94384;151.000
100035941;151.000
100073212;151.000
100080137;150.000
100024366;150.000
100011420;150.000
100015237;150.000
100044863;150.000
100079931;150.000
100019903;150.000
100078226;150.000
75571;150.000
62089;150.000
100077270;150.000
100021678;150.000
100050259;149.000
100067308;149.000
37209;149.000
100078429;149.000
100065924;149.000
100081636;149.000
100020041;149.000
100080239;149.000
100080314;149.000
100080215;149.000
100081357;149.000
100072618;149.000
5453;149.000
100022667;149.000
100068295;149.000
100074472;149.000
100023955;149.000
46856;149.000
76657;149.000
100021468;149.000
100063486;149.000
100055199;149.000
100064738;149.000
75091;149.000
100080433;149.000
53064;149.000
94420;149.000
100078422;148.000
100081173;148.000
100079522;148.000
100063093;148.000
98268;148.000
59622;148.000
100075814;148.000
36701;148.000
100065162;148.000
100045950;148.000
100074206;148.000
100035939;148.000
66804;148.000
2321;148.000
100027039;148.000
100075316;148.000
100029507;148.000
84899;148.000
4674;148.000
84887;148.000
43962;147.000
100075210;147.000
46586;147.000
100024837;147.000
81744;147.000
100045408;147.000
100079261;147.000
100069538;147.000
100035614;147.000
52214;147.000
32831;147.000
100033068;147.000
100065451;147.000
100018850;147.000
50916;147.000
100050017;147.000
100011208;147.000
100025296;147.000
100078417;147.000
100072305;146.000
82856;146.000
100035641;146.000
96048;146.000
100045600;146.000
100055303;146.000
90921;146.000
78358;146.000
100035231;146.000
87933;146.000
100080841;146.000
100056552;146.000
100080971;146.000
100035998;146.000
100048891;146.000
100063807;146.000
100070125;146.000
100078971;146.000
24451;146.000
100065903;146.000
100030650;146.000
100072922;146.000
100056554;145.000
94071;145.000
100028024;145.000
100045618;145.000
82867;145.000
100062521;145.000
100035408;145.000
95891;145.000
100014281;145.000
100078599;145.000
100055291;145.000
100011693;145.000
100043116;145.000
46327;144.000
32037;144.000
100072899;144.000
100027040;144.000
100074641;144.000
100077887;144.000
100035014;144.000
100072569;144.000
100055317;144.000
71437;144.000
100056368;144.000
53725;144.000
100016674;144.000
84478;144.000
100065425;144.000
100065119;144.000
100056685;144.000
100023609;144.000
100067215;144.000
100074224;144.000
100056494;144.000
28099;144.000
100038016;143.000
91273;143.000
92095;143.000
44996;143.000
100079222;143.000
100064706;143.000
100076621;143.000
100078438;143.000
100053000;143.000
86895;143.000
100074216;143.000
100072312;143.000
100022876;143.000
100049483;143.000
100075034;143.000
100071729;143.000
44659;143.000
100076184;143.000
100011398;143.000
100075030;143.000
100025305;143.000
78998;143.000
100013006;143.000
100034280;143.000
63741;143.000
100032646;143.000
100067974;143.000
100078460;143.000
82848;143.000
85133;143.000
76347;143.000
100017231;143.000
100024469;142.000
40119;142.000
100010850;142.000
97975;142.000
100077537;142.000
94962;142.000
100075315;142.000
100044980;142.000
40133;142.000
100072606;142.000
100064871;141.000
100040398;141.000
87685;141.000
100057511;141.000
100067897;141.000
100080311;141.000
47510;141.000
72878;141.000
100077224;141.000
100027482;141.000
100071837;141.000
100025593;141.000
100022998;141.000
100049710;141.000
100076069;141.000
100017397;141.000
80708;141.000
85243;140.000
44777;140.000
100075856;140.000
100075291;140.000
46932;140.000
100060059;140.000
39910;140.000
83344;140.000
100072313;140.000
52217;140.000
100050346;140.000
100074212;140.000
100059295;140.000
100076598;140.000
84598;140.000
52215;140.000
100069123;140.000
97111;140.000
100029378;140.000
100076908;140.000
100079390;140.000
100027038;140.000
100076305;140.000
100081265;140.000
100048221;140.000
100076102;139.000
100076101;139.000
100074791;139.000
100017316;139.000
49226;139.000
100045070;139.000
100027088;139.000
100031513;139.000
100022668;139.000
100078008;139.000
100063470;139.000
100066456;139.000
100060389;139.000
100011124;139.000
64768;139.000
100044971;139.000
100024024;139.000
100061364;139.000
100062662;139.000
100024354;139.000
100061358;139.000
100027207;139.000
29173;138.000
100077941;138.000
95918;138.000
100035697;138.000
62114;138.000
100075041;138.000
100063487;138.000
100056093;138.000
100078332;138.000
100060799;138.000
100040251;138.000
100058145;138.000
68678;138.000
100016230;138.000
100031561;138.000
100018315;138.000
85134;138.000
41521;138.000
100065008;138.000
79054;138.000
91671;138.000
100079758;138.000
100018642;138.000
100048247;138.000
100015940;138.000
100072888;138.000
100076207;138.000
100042714;138.000
100020020;138.000
100078564;137.000
51068;137.000
100040381;137.000
100032767;137.000
86235;137.000
100056496;137.000
70559;137.000
88898;137.000
100073390;137.000
100014245;137.000
100050048;137.000
94613;137.000
61346;137.000
100035399;137.000
82179;137.000
100061246;136.000
100078435;136.000
100078238;136.000
100080103;136.000
100072527;136.000
100044975;136.000
94081;136.000
100040986;136.000
100018854;136.000
100043111;136.000
100030602;136.000
100060381;136.000
100079593;136.000
80401;136.000
100016266;136.000
100021333;136.000
58039;136.000
100079300;136.000
100016502;136.000
100078993;136.000
58036;136.000
92800;136.000
100080972;135.000
94421;135.000
100077853;135.000
100080191;135.000
84180;135.000
100017313;135.000
62628;135.000
100075031;135.000
100074249;135.000
100031596;135.000
100020867;135.000
100060643;135.000
69153;135.000
100031815;135.000
100073839;135.000
92577;135.000
100055316;135.000
100029380;135.000
100031562;135.000
100029811;135.000
57485;135.000
100060053;135.000
100077335;135.000
89298;135.000
100045586;135.000
100068328;135.000
100014133;135.000
100050092;135.000
76376;135.000
92161;135.000
54265;135.000
100076346;135.000
100068933;135.000
100051864;135.000
100060094;135.000
100079494;135.000
42542;134.000
100015126;134.000
100072156;134.000
100078702;134.000
75171;134.000
80448;134.000
100069536;134.000
100023612;134.000
51484;134.000
100058092;134.000
44332;134.000
100024543;134.000
56468;134.000
78809;134.000
100063244;134.000
100072318;134.000
100032940;134.000
100075878;134.000
100013005;134.000
100019527;134.000
100063317;134.000
2691;134.000
100075837;134.000
100068059;134.000
100023723;134.000
100071866;133.000
100060929;133.000
100075438;133.000
100079335;133.000
91039;133.000
26386;133.000
56475;133.000
95886;133.000
30722;133.000
100066050;133.000
81106;133.000
2621;133.000
79023;133.000
100079546;133.000
100038636;133.000
92368;133.000
100080409;133.000
279;133.000
100075576;133.000
28242;133.000
37428;133.000
100052091;133.000
100032641;133.000
100053333;133.000
100075461;133.000
100078186;133.000
100023004;133.000
100011506;133.000
100079879;133.000
85490;133.000
67409;132.000
100061637;132.000
100078229;132.000
100062739;132.000
67023;132.000
74969;132.000
100066415;132.000
100042966;132.000
47010;132.000
100025303;132.000
100065118;132.000
69901;132.000
100069259;132.000
100072566;132.000
68328;132.000
88121;132.000
100029732;132.000
100076779;132.000
100079898;132.000
100021595;132.000
100061172;132.000
76377;132.000
42558;132.000
100067447;132.000
100032406;132.000
57038;132.000
100045176;132.000
100013912;132.000
100080309;131.000
29830;131.000
92742;131.000
54105;131.000
76438;131.000
56058;131.000
100079338;131.000
100016226;131.000
100062464;131.000
100039378;131.000
100062466;131.000
100064524;131.000
51953;131.000
27430;131.000
100077255;131.000
100050238;131.000
100040396;131.000
33518;131.000
100059186;131.000
100068051;131.000
100043201;131.000
100075725;131.000
100070154;131.000
69624;131.000
100060104;131.000
100075261;131.000
100068874;131.000
100071981;131.000
38409;130.000
100072445;130.000
82839;130.000
51233;130.000
52216;130.000
100059622;130.000
58045;130.000
90119;130.000
100023069;130.000
35967;130.000
100021470;130.000
57721;130.000
100055331;130.000
3029;130.000
100056025;130.000
100074739;130.000
100038581;130.000
76371;130.000
100074612;130.000
24092;130.000
100065994;130.000
100067515;130.000
77341;130.000
82086;130.000
29178;130.000
888;130.000
100016268;130.000
100021682;130.000
59601;129.000
100062499;129.000
100055346;129.000
91233;129.000
95917;129.000
3930;129.000
100051681;129.000
100020342;129.000
2826;129.000
100039051;129.000
100065915;129.000
100075831;129.000
50024;129.000
53893;129.000
73052;129.000
55094;129.000
100015222;129.000
100064723;129.000
100031812;129.000
100076068;129.000
53368;129.000
87873;129.000
100056551;129.000
100027692;129.000
95657;129.000
76831;129.000
100078966;129.000
80731;128.000
100071604;128.000
100023619;128.000
23959;128.000
100060159;128.000
100053336;128.000
100016816;128.000
301;128.000
100079551;128.000
100075573;128.000
79270;128.000
54492;128.000
65073;128.000
96340;128.000
100067480;128.000
100035007;128.000
50102;128.000
100077013;128.000
100071881;128.000
100022997;128.000
100023000;128.000
2831;128.000
33324;128.000
72459;128.000
87034;128.000
100080092;127.000
100078502;127.000
100019209;127.000
100023851;127.000
100014031;127.000
100079900;127.000
100024332;127.000
100050389;127.000
42936;127.000
92593;127.000
69286;127.000
71449;127.000
32370;127.000
100031886;127.000
100035016;127.000
100079281;127.000
92157;127.000
100077281;127.000
100064737;127.000
100072885;127.000
100063920;127.000
88725;127.000
65845;127.000
100030239;126.000
100032420;126.000
100079297;126.000
100067329;126.000
100073227;126.000
46928;126.000
100058090;126.000
100078697;126.000
100079994;126.000
100065398;126.000
50323;126.000
100018257;126.000
100045935;126.000
100064183;126.000
100055319;126.000
100016852;126.000
100031322;126.000
35960;126.000
553;126.000
100038504;126.000
100015834;126.000
100029810;126.000
55013;126.000
100052167;126.000
42209;126.000
100075960;126.000
100061699;126.000
100065006;126.000
100079348;125.000
78923;125.000
62086;125.000
100070278;125.000
100077250;125.000
100080434;125.000
43268;125.000
100036024;125.000
100050227;125.000
89987;125.000
95099;125.000
100075677;125.000
80358;125.000
100041239;125.000
79117;125.000
100020976;125.000
100060090;125.000
100019212;125.000
100028020;125.000
100050111;125.000
100013270;125.000
54102;125.000
100030648;125.000
100025226;125.000
100033859;125.000
100063479;125.000
100080359;124.000
100035638;124.000
100022696;124.000
100076025;124.000
47053;124.000
85935;124.000
65268;124.000
100043606;124.000
100067101;124.000
100041303;124.000
2816;124.000
74483;124.000
100012574;124.000
100071732;124.000
1399;124.000
100059565;124.000
87201;124.000
100060003;124.000
100055324;124.000
100063510;124.000
100075421;124.000
100065699;124.000
100039356;123.000
100013660;123.000
100079392;123.000
90121;123.000
91099;123.000
100061324;123.000
100070644;123.000
100063883;123.000
100023008;123.000
100032569;123.000
100056518;123.000
100067603;123.000
100079196;123.000
58058;123.000
50026;123.000
52787;123.000
79810;123.000
94191;123.000
100060640;123.000
100080436;123.000
100035410;123.000
100078371;123.000
78095;123.000
100070645;123.000
100024357;123.000
100059898;123.000
37686;123.000
100067730;123.000
100022670;123.000
100014039;122.000
69373;122.000
100029383;122.000
100045453;122.000
100069515;122.000
100053714;122.000
100077498;122.000
100063781;122.000
35852;122.000
100075237;122.000
44256;122.000
35965;122.000
100042986;122.000
100044923;122.000
100063757;122.000
53077;122.000
100065925;122.000
100066602;122.000
100047867;122.000
61081;122.000
71448;122.000
60570;122.000
100056495;122.000
100021683;122.000
30019;122.000
100054906;122.000
100071590;122.000
100033143;122.000
100065405;122.000
100059462;122.000
100070812;122.000
100080669;122.000
88724;122.000
100050185;122.000
100054907;122.000
83620;122.000
100058681;121.000
61937;121.000
100031559;121.000
100080126;121.000
100035065;121.000
100020084;121.000
100031974;121.000
100023907;121.000
100025066;121.000
100033768;121.000
93529;121.000
90137;121.000
100014077;121.000
100072573;121.000
23577;121.000
75881;121.000
100046586;121.000
100065167;121.000
100071454;121.000
90642;121.000
100021502;121.000
100075129;121.000
100063467;121.000
100079884;121.000
100078473;121.000
100027225;121.000
82295;121.000
100081267;121.000
2823;121.000
82859;121.000
100079395;120.000
40328;120.000
79039;120.000
95527;120.000
79038;120.000
100054904;120.000
100035376;120.000
100061145;120.000
79200;120.000
62130;120.000
100056509;120.000
94996;120.000
100061335;120.000
100045620;120.000
43266;120.000
87099;120.000
95100;120.000
100071322;120.000
100076780;120.000
57548;120.000
100079295;120.000
100080964;120.000
93453;120.000
100079304;120.000
100077499;120.000
93537;120.000
59248;120.000
100055914;120.000
95879;119.000
100070261;119.000
100073185;119.000
100056543;119.000
100011973;119.000
100070649;119.000
100051815;119.000
100015320;119.000
100055466;119.000
100024015;119.000
100049675;119.000
100069116;119.000
100075128;119.000
100027745;119.000
44079;118.000
100060724;118.000
100070294;118.000
100074933;118.000
100055339;118.000
100055329;118.000
96029;118.000
100050049;118.000
100013010;118.000
100034032;118.000
90332;118.000
100080108;118.000
84582;118.000
100013400;118.000
100069341;118.000
100077982;118.000
100078078;117.000
100010310;117.000
100045101;117.000
100045308;117.000
100016689;117.000
94074;117.000
100077852;117.000
100065823;117.000
100031413;117.000
100062428;117.000
43014;117.000
100010307;117.000
100064870;117.000
100031173;117.000
100073394;117.000
100063764;117.000
50324;117.000
100073392;116.000
100031646;116.000
100074618;116.000
100079870;116.000
100077279;116.000
35765;116.000
85244;116.000
100027053;116.000
10036;116.000
75147;116.000
100033184;116.000
91270;116.000
100081637;116.000
67413;116.000
100077501;116.000
100072092;116.000
76720;116.000
100076006;116.000
100058565;116.000
84107;116.000
100076342;116.000
100020066;116.000
100060187;116.000
33345;116.000
100076088;116.000
100063509;116.000
100063646;116.000
100026;116.000
100014040;116.000
100016673;116.000
44522;116.000
100079606;116.000
100065667;116.000
100042734;116.000
100028267;116.000
84119;116.000
100025046;116.000
100070646;116.000
100019576;115.000
100074421;115.000
24646;115.000
60012;115.000
100073391;115.000
100023885;115.000
100051814;115.000
100073393;115.000
83573;115.000
100080822;115.000
100072267;115.000
100025019;115.000
100072906;115.000
87101;115.000
100026046;115.000
100065904;115.000
100053003;115.000
100063544;115.000
100061091;115.000
100050125;115.000
100042710;115.000
100069836;115.000
100074211;115.000
84179;115.000
60720;115.000
100062526;115.000
100075803;115.000
100062115;114.000
100067114;114.000
100068280;114.000
100019384;114.000
80707;114.000
83435;114.000
100067847;114.000
20604;114.000
100035383;114.000
85491;114.000
61832;114.000
100060096;114.000
92241;114.000
100043200;114.000
100079319;114.000
100081268;114.000
100080358;114.000
100064515;114.000
100080823;114.000
100072035;114.000
100059460;114.000
97965;114.000
81754;113.000
100044892;113.000
100081915;113.000
100071050;113.000
75207;113.000
100079292;113.000
100065664;113.000
100078569;113.000
100039637;113.000
100080412;113.000
54107;113.000
100075334;113.000
100061227;113.000
59479;113.000
100077261;113.000
100071040;113.000
100044193;113.000
100069303;113.000
100072287;113.000
100074428;113.000
100013401;113.000
35969;113.000
92164;113.000
100081311;113.000
100012840;113.000
100071506;113.000
100055336;113.000
82837;113.000
42678;112.000
86561;112.000
100072918;112.000
100079059;112.000
100030704;112.000
100065382;112.000
100010922;112.000
100080861;112.000
100071839;112.000
100053742;112.000
906;112.000
100067920;112.000
100050729;112.000
75075;112.000
100072649;112.000
100051868;112.000
4168;112.000
86658;112.000
89296;112.000
100081284;112.000
100045936;112.000
100018188;112.000
100065668;112.000
100069340;112.000
2828;112.000
100072846;112.000
100056092;112.000
100039631;112.000
100043146;112.000
100073193;112.000
100075335;111.000
72478;111.000
45911;111.000
100075043;111.000
41761;111.000
100064727;111.000
100073240;111.000
100045412;111.000
100071513;111.000
84175;111.000
78507;111.000
53082;111.000
95914;111.000
100016672;111.000
24095;111.000
100044639;111.000
100075753;111.000
100065938;111.000
100059564;111.000
100080363;111.000
35959;111.000
100074918;110.000
100081028;110.000
47758;110.000
72460;110.000
100018639;110.000
100064745;110.000
100063429;110.000
100056512;110.000
100060073;110.000
100071585;110.000
100067328;110.000
77593;110.000
100045351;110.000
100049484;110.000
98455;110.000
30409;110.000
87855;110.000
100078415;110.000
100029432;110.000
88123;110.000
53894;110.000
47738;110.000
100016255;110.000
73491;110.000
100021760;110.000
100019533;110.000
51681;110.000
100031560;109.000
100010948;109.000
100055334;109.000
100025980;109.000
94858;109.000
96047;109.000
100081543;109.000
90550;109.000
100049863;109.000
100021256;109.000
100065004;109.000
100024023;109.000
100079717;109.000
100010207;109.000
100061790;109.000
100065121;109.000
100079549;109.000
92860;109.000
100073395;109.000
100080075;109.000
100051865;109.000
100039185;109.000
100076087;109.000
100081254;109.000
88132;109.000
100051333;109.000
74301;109.000
100080813;109.000
58782;109.000
100078089;109.000
100077367;109.000
100021680;109.000
100021365;109.000
100074631;109.000
100064484;109.000
100031165;109.000
100052935;109.000
100035616;109.000
3668;108.000
100079604;108.000
62159;108.000
100079346;108.000
100017264;108.000
51414;108.000
61100;108.000
100024072;108.000
70339;108.000
100018852;108.000
100064918;108.000
100047357;108.000
52218;108.000
96901;108.000
84481;108.000
100071538;108.000
79027;108.000
100033790;108.000
100018849;108.000
100070668;108.000
100071838;108.000
100045409;108.000
100063648;108.000
51909;108.000
55226;108.000
100035023;108.000
100039358;108.000
100026695;108.000
907;108.000
100077942;107.000
100025582;107.000
100078060;107.000
100077238;107.000
100035940;107.000
100079569;107.000
100043661;107.000
100065992;107.000
80665;107.000
100070960;107.000
100077786;107.000
100073215;107.000
100066464;107.000
100071049;107.000
100075863;107.000
100030828;107.000
100063955;107.000
100080120;107.000
100080357;107.000
100039855;107.000
100061351;107.000
85247;107.000
100072308;107.000
100050093;107.000
100055457;107.000
35219;107.000
100079112;107.000
100067049;107.000
100060103;107.000
100024822;107.000
60564;107.000
100072304;107.000
100023895;107.000
100079118;107.000
100030369;106.000
100062909;106.000
100049778;106.000
100070836;106.000
100080101;106.000
100056498;106.000
100051380;106.000
100062736;106.000
100025302;106.000
92117;106.000
100074227;106.000
47052;106.000
100067478;106.000
69313;106.000
100063067;106.000
100072572;106.000
100076008;106.000
94073;106.000
100065422;106.000
95684;106.000
100074238;106.000
100035890;106.000
100080050;106.000
100067062;106.000
75144;106.000
100060415;106.000
100050262;106.000
324;106.000
24648;106.000
100060097;106.000
100074209;106.000
49516;106.000
93497;106.000
100043184;106.000
833;106.000
84299;105.000
100032839;105.000
100079391;105.000
100052516;105.000
100027850;105.000
100035245;105.000
100077812;105.000
100062613;105.000
25502;105.000
78686;105.000
100074229;105.000
93407;105.000
80470;105.000
100076298;105.000
100025573;105.000
100024001;105.000
100029935;105.000
82855;105.000
100075333;105.000
100074239;105.000
100078732;105.000
100079116;105.000
100035617;105.000
100026248;105.000
100034092;105.000
91105;105.000
91196;105.000
37393;105.000
5136;105.000
94388;105.000
100074213;105.000
47638;105.000
100061900;105.000
100073389;105.000
100061374;105.000
100032190;105.000
21187;105.000
95889;105.000
100035919;105.000
100074608;105.000
100071042;105.000
100013100;105.000
100073188;105.000
100081708;105.000
100044697;105.000
100064846;105.000
100069339;105.000
100079501;104.000
100078976;104.000
100031594;104.000
35968;104.000
100080874;104.000
100015650;104.000
100053334;104.000
100078636;104.000
100024371;104.000
824;104.000
100077318;104.000
100074433;104.000
957;104.000
65493;104.000
59715;104.000
100073191;104.000
100048218;104.000
100076034;104.000
47138;104.000
100074121;104.000
100072890;104.000
78235;104.000
89280;104.000
100022848;103.000
2320;103.000
92358;103.000
42664;103.000
100036911;103.000
100064517;103.000
100046587;103.000
100070819;103.000
100011638;103.000
100048884;103.000
82614;103.000
100080117;103.000
100024567;103.000
100026891;103.000
100018144;103.000
263;103.000
95117;103.000
40379;103.000
100062112;103.000
100048219;103.000
100054908;103.000
100074208;103.000
100018143;103.000
53005;103.000
100010134;103.000
100073000;103.000
100067448;103.000
100075292;103.000
100041939;103.000
100014375;103.000
100081796;103.000
100056096;103.000
100063780;103.000
74860;103.000
100059405;103.000
20616;103.000
100074616;103.000
100080157;103.000
100045071;103.000
100080216;103.000
100071013;103.000
100079155;103.000
100076274;103.000
85685;103.000
47049;102.000
100062761;102.000
100021637;102.000
100030652;102.000
829;102.000
62249;102.000
55270;102.000
100011207;102.000
49400;102.000
100056507;102.000
100071577;102.000
100041539;102.000
73044;102.000
23170;102.000
100080316;102.000
100065401;102.000
66918;102.000
48554;102.000
100061417;102.000
45839;102.000
100058724;102.000
91203;102.000
36670;102.000
100059243;102.000
100044859;102.000
100016514;102.000
100080320;102.000
51690;102.000
100078215;102.000
100032174;102.000
100056842;101.000
100072090;101.000
100081353;101.000
100018217;101.000
100075862;101.000
100074471;101.000
100076506;101.000
100077264;101.000
100061880;101.000
100071863;101.000
100077020;101.000
100076516;101.000
90255;101.000
26806;101.000
100068248;101.000
64202;101.000
84108;101.000
100079829;101.000
100078650;101.000
100079678;101.000
100041648;101.000
100011968;101.000
100063119;101.000
71436;101.000
75211;101.000
100081101;101.000
70341;101.000
100027383;101.000
100072265;100.000
100071894;100.000
100079032;100.000
100030189;100.000
100063597;100.000
100054074;100.000
100041204;100.000
100071997;100.000
100077513;100.000
80791;100.000
56516;100.000
100079899;100.000
100075683;100.000
76157;100.000
95544;100.000
100080319;100.000
65906;100.000
100022509;100.000
100046336;100.000
100037727;100.000
100077780;100.000
100046132;100.000
100065412;100.000
100073396;100.000
100033848;100.000
100032571;100.000
100033249;100.000
100022147;100.000
62115;100.000
100068213;100.000
100046337;100.000
100076889;100.000
87140;100.000
89351;100.000
100079545;100.000
77752;100.000
100033798;100.000
100074912;100.000
100077267;100.000
100076439;100.000
100011673;100.000
100029379;100.000
87590;100.000
100055677;100.000
91606;100.000
59593;99.000
100041466;99.000
40513;99.000
95101;99.000
59483;99.000
100076067;99.000
100046238;99.000
100021051;99.000
100052532;99.000
84870;99.000
100070962;99.000
100078831;99.000
100063214;99.000
100051377;99.000
100026651;99.000
100078758;99.000
100039641;99.000
100045316;99.000
100072921;99.000
66068;99.000
100070647;99.000
78806;99.000
100072464;99.000
100061353;99.000
100033779;99.000
100080141;99.000
94869;99.000
100051866;99.000
24353;99.000
100075400;99.000
100071672;99.000
84194;99.000
100079567;99.000
902;99.000
100055318;99.000
100051259;99.000
60591;99.000
100036632;99.000
100062110;99.000
100052198;99.000
100018248;99.000
23771;99.000
47759;99.000
100076969;99.000
100079932;99.000
65423;99.000
100038780;98.000
100078182;98.000
51570;98.000
92248;98.000
100071216;98.000
100074881;98.000
100026402;98.000
29995;98.000
100049524;98.000
82592;98.000
100063915;98.000
46964;98.000
100067849;98.000
100048399;98.000
100045456;98.000
54493;98.000
100035252;98.000
100073840;98.000
100024982;98.000
100074789;98.000
69298;98.000
100069561;98.000
4784;98.000
100020122;98.000
78074;98.000
100011125;98.000
100017087;98.000
100072617;98.000
100052334;98.000
100065937;98.000
31139;98.000
100071836;98.000
100063070;98.000
100078214;98.000
84306;98.000
100066049;97.000
100079611;97.000
100067063;97.000
100064902;97.000
100064711;97.000
100024331;97.000
100065916;97.000
100071329;97.000
100056719;97.000
100021014;97.000
100070288;97.000
100078512;97.000
100011115;97.000
96495;97.000
100060374;97.000
100081573;97.000
100079556;97.000
92858;97.000
100071471;97.000
92096;97.000
98339;97.000
43244;97.000
61183;97.000
88129;97.000
100055858;97.000
88127;97.000
100029799;97.000
70995;97.000
100045309;97.000
100074866;97.000
100075495;97.000
62647;97.000
100080627;97.000
100079902;97.000
100038739;97.000
100069522;97.000
70192;97.000
100076035;97.000
78094;97.000
100075340;97.000
100025309;97.000
60225;97.000
96902;97.000
95925;97.000
100062108;97.000
92361;97.000
100075996;97.000
96028;96.000
100073841;96.000
100022645;96.000
100065902;96.000
51367;96.000
100074629;96.000
100070755;96.000
89497;96.000
100032419;96.000
57570;96.000
95920;96.000
82615;96.000
100078416;96.000
100035037;96.000
100071500;96.000
100015326;96.000
95922;96.000
100074420;96.000
100071324;96.000
94076;96.000
100071633;96.000
45490;96.000
95656;96.000
100079117;96.000
100017893;96.000
47413;96.000
100060089;96.000
100018218;96.000
100061316;96.000
100075857;96.000
59289;96.000
100075991;96.000
100049371;96.000
51374;96.000
100059577;96.000
100067474;96.000
100075491;96.000
22853;96.000
100078588;96.000
90272;96.000
100081229;96.000
100043148;96.000
100073838;95.000
100016356;95.000
89772;95.000
100065928;95.000
100061576;95.000
100063786;95.000
100061250;95.000
100070129;95.000
84472;95.000
100012812;95.000
100016212;95.000
87591;95.000
100078907;95.000
56505;95.000
100081548;95.000
86344;95.000
100062644;95.000
100021478;95.000
100075919;95.000
61153;95.000
62093;95.000
100081348;95.000
100081266;95.000
100034046;95.000
100064741;95.000
100056420;95.000
100066362;95.000
79816;95.000
100016170;95.000
100040583;95.000
100039169;94.000
54728;94.000
53905;94.000
100048890;94.000
100061350;94.000
100056998;94.000
100075361;94.000
100040178;94.000
100035945;94.000
100024450;94.000
100070358;94.000
100038736;94.000
100023642;94.000
100055608;94.000
100063680;94.000
100078800;94.000
100052009;94.000
100027402;94.000
100081801;94.000
100011211;94.000
100078987;94.000
100067731;94.000
100030273;94.000
100072089;94.000
100042713;94.000
100055558;94.000
100070947;94.000
100065583;94.000
100081180;94.000
100053332;94.000
913;94.000
100046144;94.000
100012837;94.000
100029361;94.000
100068258;94.000
100055000;94.000
100080159;94.000
100029901;94.000
100000010;94.000
100077916;93.000
71595;93.000
59273;93.000
47872;93.000
100027205;93.000
100063297;93.000
100030657;93.000
91569;93.000
100030616;93.000
100013101;93.000
48921;93.000
100076456;93.000
94075;93.000
100056358;93.000
100077521;93.000
100073678;93.000
100070829;93.000
100053532;93.000
100069373;93.000
100017228;93.000
100052088;93.000
367;93.000
100076151;93.000
100026683;93.000
100073706;93.000
100078373;93.000
100043131;93.000
100035018;93.000
31913;93.000
100049470;93.000
100016249;93.000
100076030;93.000
100075883;93.000
100061899;93.000
100060161;93.000
100049681;93.000
89301;93.000
100063111;93.000
100040786;93.000
100027445;93.000
100082375;93.000
66831;93.000
100027940;92.000
100019271;92.000
100062659;92.000
100051885;92.000
100077029;92.000
100063925;92.000
25493;92.000
100022996;92.000
100019206;92.000
56454;92.000
100072990;92.000
100045317;92.000
54472;92.000
100042991;92.000
100080127;92.000
95560;92.000
100054505;92.000
48923;92.000
100057261;92.000
82838;92.000
82748;92.000
86219;92.000
100076614;92.000
100079285;92.000
100049879;92.000
100030656;92.000
76737;92.000
100067428;92.000
54482;92.000
100048005;92.000
51103;92.000
73451;92.000
100076781;92.000
75259;92.000
100039050;92.000
100021293;92.000
100078720;92.000
100078077;92.000
100067919;92.000
100071980;92.000
100077085;92.000
44000;92.000
58042;92.000
100073102;92.000
100070934;92.000
50917;91.000
100033463;91.000
84470;91.000
2870;91.000
100046321;91.000
100075968;91.000
100021317;91.000
100070665;91.000
100045691;91.000
100071589;91.000
26572;91.000
100077494;91.000
100018272;91.000
100064598;91.000
100071345;91.000
100079339;91.000
82275;91.000
50932;91.000
42088;91.000
100072397;91.000
100056504;91.000
100080378;91.000
100027208;91.000
100074429;91.000
100025045;91.000
100039989;91.000
100059334;91.000
75916;91.000
100069838;91.000
76373;91.000
100036003;91.000
100052900;91.000
49402;91.000
96026;91.000
100076486;91.000
100076345;91.000
100045074;91.000
100076007;91.000
100036025;91.000
100039184;91.000
100028272;90.000
100079108;90.000
100072253;90.000
100055727;90.000
92576;90.000
100064850;90.000
100074311;90.000
100050717;90.000
100070705;90.000
78719;90.000
88125;90.000
100016515;90.000
100063315;90.000
100063645;90.000
100068244;90.000
100030653;90.000
100069336;90.000
100080133;90.000
100072907;90.000
100053706;90.000
100073187;90.000
100081408;90.000
100035650;90.000
100081420;90.000
21196;90.000
78509;90.000
100080158;90.000
36846;90.000
2830;90.000
100074425;90.000
82522;90.000
100080816;90.000
100078563;90.000
100020875;90.000
100058947;90.000
100018897;90.000
245;90.000
100039918;90.000
100074184;90.000
100078009;90.000
100078975;90.000
100078899;90.000
100067742;90.000
100055679;90.000
100030276;90.000
100081838;90.000
100016690;90.000
93215;90.000
78936;90.000
95103;90.000
23772;90.000
100055863;89.000
68642;89.000
100056360;89.000
100016550;89.000
94955;89.000
100063773;89.000
100063190;89.000
100066509;89.000
100034142;89.000
100021484;89.000
100059218;89.000
79026;89.000
100063229;89.000
39990;89.000
100041468;89.000
100035017;89.000
56993;89.000
100021679;89.000
100072290;89.000
100035019;89.000
100017142;89.000
100020019;89.000
100026693;89.000
100081541;89.000
100056724;89.000
100080061;89.000
60743;89.000
100068000;89.000
100013864;89.000
100063068;89.000
97431;89.000
100067893;89.000
100023044;89.000
100059249;89.000
100056871;89.000
78849;89.000
100078079;89.000
100054504;89.000
100028270;89.000
100072590;89.000
100078076;89.000
78826;89.000
100050081;89.000
100018246;89.000
100017754;89.000
100063750;89.000
100022835;89.000
100078759;88.000
52749;88.000
74279;88.000
100064749;88.000
100021302;88.000
79782;88.000
100031563;88.000
100078928;88.000
100035929;88.000
100061331;88.000
62724;88.000
49528;88.000
100055587;88.000
98047;88.000
32371;88.000
100072568;88.000
100035389;88.000
100068714;88.000
38695;88.000
100065203;88.000
100067923;88.000
77355;88.000
89694;88.000
100061698;88.000
100061748;88.000
100016215;88.000
32914;88.000
100014127;88.000
100035384;88.000
100052199;88.000
100076443;88.000
100010434;88.000
100031597;88.000
89281;88.000
100035027;88.000
100030182;88.000
100037729;88.000
43459;88.000
92639;87.000
100060386;87.000
100035602;87.000
100024842;87.000
100074204;87.000
100021249;87.000
100078912;87.000
100051682;87.000
82864;87.000
100049523;87.000
100062788;87.000
100064412;87.000
100078203;87.000
100041607;87.000
100024041;87.000
100041746;87.000
100048993;87.000
100078919;87.000
100061635;87.000
100058091;87.000
100078690;87.000
100071453;87.000
100060021;87.000
100045069;87.000
100077983;87.000
100080362;87.000
44651;87.000
100063468;87.000
95931;87.000
21669;87.000
100078397;87.000
100040070;87.000
100060639;87.000
100034148;87.000
100076798;87.000
100079464;87.000
100053678;87.000
100067451;87.000
100063461;87.000
100014317;87.000
100071859;87.000
100075037;87.000
57951;87.000
100068042;86.000
100021765;86.000
60009;86.000
100035022;86.000
100066048;86.000
100039982;86.000
100079115;86.000
100074921;86.000
93472;86.000
86346;86.000
49641;86.000
100040134;86.000
100078282;86.000
41298;86.000
100014060;86.000
100058181;86.000
100077787;86.000
100046322;86.000
100064901;86.000
100077320;86.000
100077164;86.000
100028269;86.000
48926;86.000
52306;86.000
100076302;86.000
100015567;86.000
100051055;86.000
100024470;86.000
62113;86.000
100069559;86.000
4741;86.000
92334;86.000
94879;86.000
76375;86.000
76107;86.000
100076300;86.000
100033628;86.000
100018851;86.000
100033831;86.000
57484;86.000
100079988;86.000
100078235;85.000
100048881;85.000
67924;85.000
100039616;85.000
100013040;85.000
100070160;85.000
77342;85.000
79025;85.000
49843;85.000
100078208;85.000
100079826;85.000
100079986;85.000
94065;85.000
46934;85.000
100060074;85.000
100061891;85.000
51686;85.000
100022173;85.000
100064984;85.000
100072271;85.000
100081281;85.000
5135;85.000
100028021;85.000
100019570;85.000
36543;85.000
832;85.000
100038523;85.000
87735;85.000
100016279;85.000
36982;85.000
100069334;85.000
100056544;85.000
89314;85.000
69169;85.000
100075562;85.000
100072400;85.000
100045567;85.000
100061845;85.000
100049481;85.000
100061370;85.000
100077258;85.000
100032930;85.000
65473;85.000
100079492;85.000
100035074;85.000
100021636;85.000
339;85.000
100059166;85.000
81634;85.000
100066216;85.000
78103;85.000
100076185;85.000
100077517;85.000
100037062;85.000
100035647;85.000
100061375;84.000
100076475;84.000
100061333;84.000
100035032;84.000
80723;84.000
100030321;84.000
100065423;84.000
82842;84.000
100060154;84.000
100075427;84.000
100055926;84.000
95929;84.000
100063756;84.000
100072672;84.000
100021602;84.000
100071331;84.000
100077332;84.000
87744;84.000
100076190;84.000
58941;84.000
100046593;84.000
76828;84.000
100050487;84.000
52846;84.000
69069;84.000
71451;84.000
100021340;84.000
100046576;84.000
100038654;84.000
100028274;84.000
100078729;84.000
100075243;84.000
100080315;84.000
100073953;84.000
73684;84.000
100058878;84.000
100035072;84.000
58051;84.000
100057412;84.000
46574;84.000
100061946;84.000
25488;84.000
39431;84.000
28702;84.000
58040;84.000
100072091;84.000
100060065;84.000
100063762;84.000
90553;83.000
100073837;83.000
100049784;83.000
100072924;83.000
100039188;83.000
100012755;83.000
100070400;83.000
100075375;83.000
78188;83.000
100040395;83.000
100073836;83.000
79030;83.000
100079027;83.000
94026;83.000
100027452;83.000
95860;83.000
63634;83.000
100067055;83.000
100063327;83.000
100075437;83.000
100019727;83.000
58131;83.000
100061700;83.000
100064747;83.000
100078236;83.000
100071052;83.000
100080344;83.000
100076477;83.000
100012584;83.000
100078910;83.000
47082;83.000
100038110;83.000
100080812;83.000
95698;83.000
100080360;83.000
100075018;83.000
100036471;83.000
100079475;83.000
1664;83.000
100052200;83.000
100074244;83.000
44646;83.000
100053340;83.000
100018596;83.000
100078717;83.000
71438;82.000
100079201;82.000
299;82.000
100022653;82.000
100081310;82.000
100077291;82.000
94082;82.000
100081590;82.000
62098;82.000
100075033;82.000
78027;82.000
100059412;82.000
100079897;82.000
52671;82.000
100060401;82.000
100071483;82.000
100070162;82.000
100077729;82.000
100034091;82.000
77972;82.000
100022411;82.000
100080633;82.000
100052089;82.000
100051818;82.000
100010497;82.000
100050278;82.000
100075887;82.000
100058673;82.000
100012042;82.000
100063918;82.000
100051052;82.000
64173;82.000
100053715;82.000
100070286;82.000
100058944;82.000
100080351;82.000
82527;82.000
100035920;82.000
100045136;82.000
73263;82.000
57074;82.000
100071528;82.000
100024351;82.000
100068002;82.000
100000009;82.000
100080093;81.000
100065913;81.000
100056709;81.000
58038;81.000
1194;81.000
100077945;81.000
100047431;81.000
100067913;81.000
61279;81.000
100076396;81.000
75559;81.000
100072465;81.000
100067450;81.000
100079582;81.000
29172;81.000
100021780;81.000
100015712;81.000
100077524;81.000
100075436;81.000
100076064;81.000
76185;81.000
95102;81.000
100031668;81.000
70998;81.000
79056;81.000
100070648;81.000
67813;81.000
100070060;81.000
100074609;81.000
89282;81.000
100045028;81.000
54929;81.000
100042716;81.000
100014360;81.000
100076382;81.000
66327;81.000
100081242;81.000
74869;81.000
100011508;81.000
100067813;81.000
100027854;81.000
100064907;81.000
5217;81.000
38144;81.000
100010572;81.000
100029382;81.000
100078997;80.000
100080307;80.000
40330;80.000
100079194;80.000
100067534;80.000
100068437;80.000
100056032;80.000
100021699;80.000
54254;80.000
100052001;80.000
62488;80.000
86441;80.000
100076910;80.000
144;80.000
95924;80.000
100057886;80.000
30725;80.000
100064849;80.000
100081111;80.000
464;80.000
85705;80.000
92705;80.000
100063732;80.000
92640;80.000
100060742;80.000
100060042;80.000
38901;80.000
100059463;80.000
100045306;80.000
100014038;80.000
100062106;80.000
100019798;80.000
100013318;80.000
62250;80.000
86155;80.000
100036470;80.000
100014049;80.000
100067812;80.000
95900;80.000
91792;80.000
95552;80.000
100079875;80.000
87817;80.000
94690;80.000
100052533;80.000
78582;80.000
100018138;80.000
100062385;80.000
100063378;80.000
86933;80.000
100079563;80.000
87592;80.000
100011572;80.000
100073510;80.000
100030240;80.000
100078649;80.000
100028023;80.000
100011503;80.000
100033193;79.000
100076433;79.000
100021783;79.000
100040671;79.000
100065196;79.000
100073104;79.000
100074649;79.000
100056546;79.000
899;79.000
100073190;79.000
100056715;79.000
61642;79.000
100033588;79.000
100077809;79.000
100055832;79.000
100011545;79.000
100081105;79.000
86478;79.000
100079459;79.000
100020640;79.000
100046326;79.000
100019307;79.000
61168;79.000
100051337;79.000
100067058;79.000
95694;79.000
100068462;79.000
100076000;79.000
100038634;79.000
100056723;79.000
100018252;79.000
100079191;79.000
52672;79.000
100022767;79.000
100037934;79.000
100071114;79.000
100019902;79.000
100039955;79.000
100048217;79.000
100079644;79.000
54103;79.000
100076419;79.000
100052577;79.000
54021;79.000
54116;79.000
100025311;79.000
74289;79.000
87990;79.000
100079991;79.000
100063752;79.000
100041097;79.000
87814;79.000
100062729;79.000
100014026;79.000
84116;79.000
80776;79.000
100035084;79.000
100063329;79.000
100050965;78.000
100067530;78.000
100060198;78.000
100043458;78.000
100013011;78.000
37107;78.000
100037951;78.000
100081586;78.000
100081185;78.000
100068888;78.000
100064926;78.000
100041210;78.000
100064718;78.000
100065402;78.000
100013319;78.000
100074988;78.000
78104;78.000
89767;78.000
100076183;78.000
100078813;78.000
94873;78.000
100057343;78.000
100064851;78.000
100077474;78.000
100077437;78.000
100023947;78.000
100013248;78.000
100077820;78.000
92240;78.000
100031410;78.000
100081739;78.000
91396;78.000
100071505;78.000
100044625;78.000
63328;78.000
96049;78.000
100051878;78.000
100034782;78.000
89349;78.000
97787;78.000
55661;78.000
100077849;78.000
100076894;78.000
100072627;78.000
100059194;78.000
100067057;78.000
100025522;78.000
100035603;78.000
100031468;78.000
52304;78.000
100079555;78.000
100057662;78.000
100082032;78.000
100019797;78.000
100058182;77.000
100017522;77.000
100074285;77.000
100048991;77.000
100053339;77.000
896;77.000
100031887;77.000
100056547;77.000
100034976;77.000
59668;77.000
100033880;77.000
100018039;77.000
100035247;77.000
96133;77.000
100030320;77.000
100082368;77.000
100078434;77.000
83355;77.000
100070475;77.000
47871;77.000
100064725;77.000
100070314;77.000
100072862;77.000
100071504;77.000
100048966;77.000
100040171;77.000
100020062;77.000
35962;77.000
100077144;77.000
100069840;77.000
71457;77.000
23157;77.000
100077444;77.000
100072630;77.000
830;77.000
100075563;77.000
100072574;77.000
81788;77.000
100015988;77.000
100022646;77.000
100063811;77.000
100039190;77.000
100070708;77.000
24097;77.000
100015535;77.000
100044974;77.000
52737;77.000
55514;77.000
100065630;77.000
100041898;77.000
100011675;77.000
100045318;77.000
100024870;76.000
79113;76.000
100070018;76.000
100081426;76.000
100045602;76.000
100061850;76.000
64156;76.000
51684;76.000
100033584;76.000
100052574;76.000
100079561;76.000
84017;76.000
63629;76.000
100039189;76.000
100069537;76.000
100034033;76.000
100041678;76.000
87144;76.000
100078610;76.000
100076846;76.000
100061175;76.000
57955;76.000
100051746;76.000
100035030;76.000
100080310;76.000
100070065;76.000
100040666;76.000
33045;76.000
100067815;76.000
77340;76.000
81359;76.000
100081491;76.000
87042;76.000
100020764;76.000
34574;76.000
100078724;76.000
100078566;76.000
100027890;76.000
100074737;76.000
48703;76.000
100010651;76.000
100053775;76.000
89423;76.000
100079894;76.000
100063098;76.000
100076564;76.000
100021799;76.000
97989;76.000
100056154;76.000
100074560;76.000
32180;76.000
100055434;76.000
100067678;76.000
100071188;76.000
87815;76.000
100054097;76.000
100024369;76.000
100035997;76.000
42544;76.000
43537;76.000
97777;76.000
100063771;76.000
100016175;76.000
100052338;76.000
100080347;75.000
100052561;75.000
100071864;75.000
100024014;75.000
100037132;75.000
100013399;75.000
100060101;75.000
100075560;75.000
85467;75.000
100062661;75.000
100081481;75.000
29531;75.000
100030654;75.000
100082297;75.000
100063212;75.000
100079106;75.000
100057421;75.000
100062638;75.000
100060524;75.000
100066457;75.000
100071578;75.000
100075014;75.000
100040189;75.000
100064740;75.000
100077493;75.000
100079917;75.000
95442;75.000
100058865;75.000
100074910;75.000
100060105;75.000
100024350;75.000
56458;75.000
52808;75.000
100045934;75.000
100073192;75.000
100080364;75.000
100072998;75.000
100024367;75.000
100068333;75.000
100064873;75.000
100058883;75.000
60091;75.000
100032747;75.000
71450;75.000
100075039;75.000
100079834;75.000
100075868;75.000
100077376;75.000
100077980;75.000
96560;75.000
100033530;75.000
100077240;75.000
100061249;75.000
100059245;75.000
100076422;75.000
100026083;75.000
69171;75.000
100072456;75.000
100038300;75.000
47415;75.000
90943;75.000
96027;74.000
100077341;74.000
100013574;74.000
100040172;74.000
100072330;74.000
36105;74.000
100080862;74.000
82861;74.000
100072264;74.000
100078395;74.000
64865;74.000
100036405;74.000
100066177;74.000
74622;74.000
100079272;74.000
100071470;74.000
37225;74.000
76401;74.000
100074277;74.000
100019265;74.000
100061874;74.000
79514;74.000
100021501;74.000
100075815;74.000
100021700;74.000
100080754;74.000
100040075;74.000
100058814;74.000
33115;74.000
100068871;74.000
100074738;74.000
100018853;74.000
54222;74.000
84115;74.000
100071835;74.000
95877;74.000
100076474;74.000
100050078;74.000
100060199;74.000
100075966;74.000
100055946;74.000
100074231;74.000
100070369;74.000
100079028;74.000
1295;74.000
100065213;74.000
100065381;74.000
100040670;74.000
93217;74.000
100076451;74.000
67969;74.000
100043442;74.000
100075493;74.000
97988;74.000
64655;74.000
100052330;74.000
70337;73.000
36540;73.000
100027408;73.000
100023222;73.000
100043158;73.000
100071993;73.000
100033835;73.000
100074257;73.000
100060641;73.000
100078232;73.000
100049482;73.000
100069342;73.000
62121;73.000
100072263;73.000
100034985;73.000
100076005;73.000
100051680;73.000
100023611;73.000
100052563;73.000
100060780;73.000
80834;73.000
100071580;73.000
100081550;73.000
100072317;73.000
100028276;73.000
100055870;73.000
65569;73.000
100064988;73.000
100075834;73.000
100065100;73.000
100067685;73.000
100071526;73.000
24823;73.000
92158;73.000
100067449;73.000
100050539;73.000
100042842;73.000
100077799;73.000
100074193;73.000
100079970;73.000
51682;73.000
100056539;73.000
100076430;73.000
100035076;73.000
100027855;73.000
100075038;73.000
100020842;73.000
100077236;73.000
100045947;73.000
94868;73.000
100077331;73.000
100067477;73.000
85686;73.000
100076303;73.000
97707;73.000
64155;73.000
89302;73.000
100078719;73.000
3950;73.000
100012756;73.000
100065197;73.000
52976;73.000
100065930;73.000
100076398;73.000
100080808;73.000
100079568;73.000
40623;73.000
72499;73.000
100034978;73.000
100076449;73.000
100065211;73.000
76309;73.000
20308;73.000
69068;72.000
100016074;72.000
100030660;72.000
81783;72.000
340;72.000
100065400;72.000
100081551;72.000
100029791;72.000
100060014;72.000
100021255;72.000
59373;72.000
100016160;72.000
81780;72.000
52758;72.000
100013265;72.000
100035021;72.000
48899;72.000
100019148;72.000
100072854;72.000
100064705;72.000
100043871;72.000
100071467;72.000
100073189;72.000
59367;72.000
91560;72.000
100078257;72.000
100079558;72.000
100056515;72.000
100077292;72.000
46843;72.000
100066416;72.000
100013479;72.000
28911;72.000
79389;72.000
100076800;72.000
94079;72.000
100033586;72.000
100070027;72.000
100021685;72.000
89967;72.000
100021286;72.000
100075832;72.000
59374;72.000
72848;72.000
100021342;72.000
100017934;72.000
51036;72.000
100021471;72.000
100010688;72.000
100014235;72.000
100049728;72.000
100021345;72.000
100037116;72.000
100073906;72.000
27463;72.000
100061926;72.000
100020060;72.000
100056823;72.000
100077340;72.000
100030637;72.000
48518;72.000
100063790;72.000
100072254;72.000
100011853;72.000
100064713;71.000
100075872;71.000
100023354;71.000
100061009;71.000
56820;71.000
100049777;71.000
87811;71.000
100067510;71.000
100050057;71.000
100035655;71.000
86314;71.000
100080402;71.000
100012991;71.000
47264;71.000
100072635;71.000
100072855;71.000
100059554;71.000
100064685;71.000
100055456;71.000
100070828;71.000
100021050;71.000
100057967;71.000
100061149;71.000
100076417;71.000
100074929;71.000
100065199;71.000
100040128;71.000
98390;71.000
100023259;71.000
100067604;71.000
58046;71.000
76374;71.000
100069560;71.000
84336;71.000
100081687;71.000
100067479;71.000
100020852;71.000
100035996;71.000
100076495;71.000
100067429;71.000
100070054;71.000
100067056;71.000
88202;71.000
100049379;71.000
100076301;71.000
100065927;71.000
100024021;71.000
100069122;71.000
100012591;71.000
100047758;71.000
100028240;71.000
100040967;71.000
71895;71.000
62116;71.000
100052564;71.000
24647;71.000
100026406;70.000
95323;70.000
100077472;70.000
57949;70.000
100080639;70.000
100070650;70.000
100076400;70.000
100063793;70.000
100056541;70.000
100078897;70.000
100080295;70.000
40792;70.000
100074809;70.000
100069519;70.000
100063113;70.000
100068929;70.000
87816;70.000
100076483;70.000
100063917;70.000
97705;70.000
100049255;70.000
100074205;70.000
25072;70.000
100019526;70.000
100024387;70.000
36651;70.000
100064678;70.000
100072908;70.000
100038309;70.000
100065200;70.000
87745;70.000
100074287;70.000
100076343;70.000
82241;70.000
100051883;70.000
100063338;70.000
100062917;70.000
100058886;70.000
100055121;70.000
100013032;70.000
100069084;70.000
100065332;70.000
100081804;70.000
84231;70.000
100050999;70.000
100040394;70.000
100023613;70.000
85254;70.000
100076476;70.000
100071012;70.000
62156;70.000
48946;70.000
100056669;70.000
80339;70.000
100072155;70.000
100079400;70.000
100079299;70.000
100079605;70.000
46931;70.000
100014258;70.000
100064082;70.000
100080668;70.000
100046239;70.000
100032284;70.000
100038130;70.000
86474;70.000
100074815;70.000
100056500;70.000
86424;70.000
100060448;70.000
100070165;70.000
100046541;70.000
89312;70.000
43257;69.000
100012758;69.000
53045;69.000
59060;69.000
100052092;69.000
100023641;69.000
100063377;69.000
100076033;69.000
100058887;69.000
52920;69.000
100077377;69.000
65415;69.000
90242;69.000
100033679;69.000
100065186;69.000
100076031;69.000
4003;69.000
100033945;69.000
100078656;69.000
914;69.000
100010435;69.000
100043130;69.000
100072575;69.000
100041467;69.000
71424;69.000
100075503;69.000
100062107;69.000
100050737;69.000
100081802;69.000
80484;69.000
100063906;69.000
100032417;69.000
100062663;69.000
100080349;69.000
100070957;69.000
52226;69.000
100027380;69.000
100075917;69.000
100057385;69.000
100055875;69.000
97557;69.000
62167;69.000
100072461;69.000
100063323;69.000
100076402;69.000
100011225;69.000
100076626;69.000
100061703;69.000
100045139;69.000
82857;69.000
100076890;69.000
100057866;69.000
100060200;69.000
100074240;69.000
69805;69.000
100071338;69.000
100069547;69.000
100069101;69.000
311;69.000
100070813;69.000
100074245;69.000
100071592;69.000
89444;69.000
100075997;69.000
100065215;69.000
100079227;69.000
100077979;69.000
100079916;69.000
74273;69.000
100030582;69.000
87038;69.000
100080758;69.000
100075336;68.000
100074427;68.000
100065688;68.000
100082183;68.000
100050217;68.000
100034966;68.000
82047;68.000
100043414;68.000
100076170;68.000
100078929;68.000
100035994;68.000
94180;68.000
885;68.000
100081839;68.000
100075873;68.000
100015244;68.000
100080335;68.000
100046584;68.000
100045138;68.000
100029481;68.000
67330;68.000
48853;68.000
92168;68.000
61161;68.000
100033629;68.000
100070830;68.000
80083;68.000
100045178;68.000
100074207;68.000
100032941;68.000
100046328;68.000
48732;68.000
100071344;68.000
100073163;68.000
100063485;68.000
100076870;68.000
64008;68.000
100065204;68.000
100069306;68.000
100069335;68.000
75066;68.000
100016508;68.000
100075901;68.000
97209;68.000
100038117;68.000
100021635;68.000
100065137;68.000
100013511;68.000
100046661;68.000
100068001;68.000
53900;68.000
100055866;68.000
100071508;68.000
65318;68.000
100029814;68.000
20847;68.000
41880;68.000
100021600;68.000
100029899;68.000
100077301;68.000
24365;68.000
100065573;68.000
100069329;68.000
100053534;68.000
100061901;68.000
67906;68.000
100074214;68.000
100074634;68.000
81883;68.000
100076783;68.000
100072033;68.000
979;68.000
100079504;67.000
100080160;67.000
100075168;67.000
100042077;67.000
100042825;67.000
100014061;67.000
100072269;67.000
100074426;67.000
88798;67.000
88122;67.000
100077470;67.000
80651;67.000
75332;67.000
100042995;67.000
79273;67.000
100069534;67.000
100080661;67.000
100070287;67.000
100076485;67.000
100031814;67.000
100042711;67.000
100061896;67.000
100051908;67.000
100063909;67.000
59351;67.000
53006;67.000
100025312;67.000
100028660;67.000
87037;67.000
100040074;67.000
100053466;67.000
100072589;67.000
100075886;67.000
100040020;67.000
100044221;67.000
92084;67.000
100075594;67.000
100046324;67.000
100081523;67.000
49782;67.000
100048770;67.000
100075858;67.000
100024457;67.000
100081294;67.000
83591;67.000
71429;67.000
100072307;67.000
100078054;67.000
56472;67.000
36541;67.000
22379;67.000
100065193;67.000
100045603;67.000
100075332;67.000
100080780;67.000
100077920;67.000
89861;67.000
100056869;67.000
100078572;67.000
100044608;67.000
100073226;67.000
100060711;67.000
37204;67.000
100077027;67.000
100019729;67.000
100072255;67.000
100067707;67.000
100019088;67.000
100030663;67.000
100081634;67.000
2620;67.000
100039249;67.000
100057208;67.000
100076820;67.000
100060215;67.000
100075739;66.000
100074919;66.000
100053137;66.000
100078730;66.000
100082023;66.000
100049776;66.000
100032176;66.000
100069829;66.000
95864;66.000
100069845;66.000
100076660;66.000
100068393;66.000
100074242;66.000
100080348;66.000
52219;66.000
100079053;66.000
85117;66.000
51437;66.000
100025410;66.000
79055;66.000
100072274;66.000
58056;66.000
100063430;66.000
100067999;66.000
96008;66.000
100028973;66.000
100056513;66.000
92160;66.000
100063325;66.000
100041211;66.000
100067846;66.000
42366;66.000
100074349;66.000
100015566;66.000
100068931;66.000
100080356;66.000
100076897;66.000
100038738;66.000
65798;66.000
100065217;66.000
76378;66.000
100081631;66.000
100049369;66.000
100069318;66.000
97700;66.000
100035619;66.000
100077272;66.000
100081230;66.000
62112;66.000
100051861;66.000
100076828;66.000
100018354;66.000
100019272;66.000
71413;66.000
100077943;66.000
100070758;66.000
46745;66.000
100068290;66.000
100063180;66.000
100052168;66.000
65818;66.000
36704;66.000
100033668;66.000
100077808;66.000
100075439;66.000
100075647;66.000
100077021;66.000
100046327;66.000
100078696;66.000
100028550;66.000
100074197;66.000
52262;66.000
87809;66.000
39975;66.000
100075519;65.000
100033794;65.000
100049387;65.000
87033;65.000
70010;65.000
100014118;65.000
100078111;65.000
100027127;65.000
100072856;65.000
100072567;65.000
100067909;65.000
100076406;65.000
100038574;65.000
831;65.000
100080340;65.000
84465;65.000
24449;65.000
100032756;65.000
100018140;65.000
100078247;65.000
100081467;65.000
100063188;65.000
100072248;65.000
100081582;65.000
100055706;65.000
100072762;65.000
100077025;65.000
84480;65.000
100040250;65.000
100074790;65.000
49074;65.000
100068003;65.000
100023005;65.000
100076409;65.000
93568;65.000
100011969;65.000
100077366;65.000
100071833;65.000
67414;65.000
100052494;65.000
100075405;65.000
100063222;65.000
100053741;65.000
100067994;65.000
100062766;65.000
100063907;65.000
100020869;65.000
76365;65.000
100070682;65.000
100026685;65.000
100064757;65.000
87203;65.000
100011719;65.000
87129;65.000
100070990;65.000
100081058;65.000
100070780;65.000
100080382;65.000
100018275;65.000
100070955;65.000
100035653;65.000
100080098;65.000
100073686;65.000
449;65.000
100055296;65.000
92708;65.000
100078655;65.000
100032315;65.000
60762;65.000
100065201;65.000
100079705;65.000
100076468;65.000
100072948;65.000
73324;65.000
100030366;65.000
100016281;65.000
100078803;65.000
100065240;65.000
100037726;65.000
100020324;65.000
100046330;65.000
100076344;65.000
100061296;65.000
100069543;65.000
42663;65.000
100056110;65.000
100073903;65.000
100075507;65.000
92662;65.000
90938;65.000
100032769;65.000
98391;65.000
100049780;65.000
100081807;65.000
100051197;65.000
100024227;65.000
100077319;65.000
52303;64.000
100026681;64.000
20;64.000
100070289;64.000
100029924;64.000
100014063;64.000
62111;64.000
100064401;64.000
100054506;64.000
62110;64.000
100017916;64.000
91999;64.000
100042975;64.000
100029815;64.000
100057344;64.000
100060022;64.000
100017276;64.000
100019180;64.000
73460;64.000
100052867;64.000
100056361;64.000
100053002;64.000
84597;64.000
100020845;64.000
61732;64.000
100082398;64.000
100065212;64.000
100077290;64.000
56495;64.000
100064501;64.000
59346;64.000
100057500;64.000
100070801;64.000
95926;64.000
100068404;64.000
100060388;64.000
100080683;64.000
100033797;64.000
100047630;64.000
100046632;64.000
43535;64.000
100065900;64.000
55008;64.000
100019636;64.000
100072222;64.000
100064999;64.000
100061394;64.000
100023539;64.000
100017336;64.000
82866;64.000
100079618;64.000
100035908;64.000
89038;64.000
100070641;64.000
100048765;64.000
100051379;64.000
100021684;64.000
53895;64.000
100022373;64.000
100078727;64.000
100076156;64.000
100076479;64.000
100030299;64.000
100078212;64.000
100051863;64.000
100079331;64.000
54469;64.000
100074288;64.000
100040133;64.000
57729;63.000
100055429;63.000
100077256;63.000
100026861;63.000
100065205;63.000
100021605;63.000
100076481;63.000
100074331;63.000
100015325;63.000
100027939;63.000
100011348;63.000
49152;63.000
100067216;63.000
100023074;63.000
100067546;63.000
100011347;63.000
100021048;63.000
40875;63.000
84917;63.000
100049380;63.000
62649;63.000
100011137;63.000
100067473;63.000
100023001;63.000
100075527;63.000
100016429;63.000
100079458;63.000
100061338;63.000
100074282;63.000
100052560;63.000
100040673;63.000
100076852;63.000
50402;63.000
100063939;63.000
79483;63.000
100070356;63.000
100035910;63.000
70176;63.000
100080282;63.000
65385;63.000
100042715;63.000
83028;63.000
100068465;63.000
100050082;63.000
100050996;63.000
100055310;63.000
100078931;63.000
100080097;63.000
63919;63.000
100072986;63.000
100022090;63.000
86944;63.000
72481;63.000
100080387;63.000
92974;63.000
100070931;63.000
100020534;63.000
100067219;63.000
100057267;63.000
78508;63.000
97563;63.000
100030310;63.000
100021364;63.000
100060011;63.000
100059224;63.000
45488;63.000
100040158;63.000
100063334;63.000
100055874;62.000
100011610;62.000
100062559;62.000
100021473;62.000
100079029;62.000
31755;62.000
100033923;62.000
100039049;62.000
92859;62.000
100035086;62.000
100058680;62.000
44997;62.000
100071048;62.000
100081130;62.000
100074422;62.000
100034571;62.000
100050080;62.000
100076311;62.000
100021603;62.000
100034567;62.000
100073130;62.000
100063778;62.000
100065207;62.000
100033917;62.000
100076458;62.000
86480;62.000
100028022;62.000
84392;62.000
100017396;62.000
100062192;62.000
100040668;62.000
100070016;62.000
55307;62.000
100057209;62.000
100075936;62.000
100063772;62.000
100070956;62.000
100052868;62.000
100013913;62.000
100070159;62.000
100075353;62.000
63845;62.000
100024699;62.000
100032837;62.000
100067945;62.000
100076385;62.000
100072441;62.000
77599;62.000
66951;62.000
100019574;62.000
100082539;62.000
100072947;62.000
100027061;62.000
100049665;62.000
41729;62.000
100044952;62.000
100081103;62.000
100046377;62.000
100060064;62.000
100078768;62.000
100045694;62.000
100078932;62.000
100016856;62.000
96030;62.000
100055349;62.000
100075416;62.000
100052499;62.000
100079836;62.000
100035999;62.000
100071376;62.000
100075235;62.000
90749;62.000
55304;62.000
100064339;61.000
100035622;61.000
76625;61.000
100016178;61.000
100075817;61.000
100035318;61.000
100010297;61.000
100013402;61.000
96132;61.000
100045616;61.000
98273;61.000
89306;61.000
100072886;61.000
69055;61.000
392;61.000
100063473;61.000
100064184;61.000
100060106;61.000
100046653;61.000
54104;61.000
24208;61.000
62150;61.000
100059081;61.000
100070534;61.000
100065655;61.000
100051051;61.000
100077145;61.000
2004;61.000
100036004;61.000
100080641;61.000
100067053;61.000
100031663;61.000
100042735;61.000
100079105;61.000
100021492;61.000
100064750;61.000
81916;61.000
4639;61.000
100079110;61.000
100060775;61.000
100055603;61.000
100080111;61.000
100061379;61.000
50399;61.000
100062939;61.000
58054;61.000
89708;61.000
100030659;61.000
100016262;61.000
95867;61.000
79018;61.000
98682;61.000
100042601;61.000
100062655;61.000
100067430;61.000
62127;61.000
96010;61.000
76403;61.000
97829;61.000
100078579;61.000
100049543;61.000
92167;61.000
97794;61.000
100074840;61.000
100048992;61.000
100077358;60.000
100076799;60.000
100060469;60.000
79780;60.000
100015318;60.000
100045440;60.000
100056363;60.000
100080353;60.000
95539;60.000
100077926;60.000
100071010;60.000
100073225;60.000
100064081;60.000
88723;60.000
54565;60.000
100080114;60.000
52220;60.000
100031787;60.000
100078933;60.000
61188;60.000
100074627;60.000
100011325;60.000
100078396;60.000
100067968;60.000
100041212;60.000
100041249;60.000
64908;60.000
25166;60.000
100078834;60.000
98374;60.000
884;60.000
100067963;60.000
100046577;60.000
100078799;60.000
100059258;60.000
100074615;60.000
100071482;60.000
100037939;60.000
23051;60.000
100076421;60.000
100065301;60.000
21349;60.000
100026404;60.000
100078183;60.000
100081575;60.000
67711;60.000
23512;60.000
94930;60.000
100028244;60.000
100081869;60.000
100041753;60.000
100077804;60.000
77580;60.000
73172;60.000
100075435;60.000
55265;60.000
100065165;60.000
100064037;60.000
100069305;60.000
100079707;60.000
100077364;60.000
100064852;60.000
100079919;60.000
100080096;60.000
70175;60.000
100021049;60.000
55009;60.000
100016258;60.000
100015411;60.000
100077365;60.000
100065127;60.000
100070945;60.000
100071918;60.000
100055196;60.000
97578;60.000
100042084;60.000
100017888;60.000
100074751;60.000
100037960;60.000
100035913;60.000
100080740;60.000
100064869;60.000
100055458;60.000
100072232;60.000
48910;60.000
100039613;60.000
100075419;60.000
76822;59.000
100076445;59.000
100058678;59.000
100025514;59.000
83556;59.000
77305;59.000
100060746;59.000
100027232;59.000
100017318;59.000
46960;59.000
28622;59.000
100082367;59.000
100053746;59.000
100071573;59.000
20055;59.000
100045605;59.000
100030325;59.000
100067431;59.000
100077779;59.000
54143;59.000
100061254;59.000
100070932;59.000
100070936;59.000
100078930;59.000
100075988;59.000
75162;59.000
81043;59.000
100073054;59.000
100022078;59.000
100064866;59.000
100057503;59.000
100073228;59.000
100061323;59.000
100032245;59.000
100081624;59.000
95893;59.000
100079912;59.000
82118;59.000
48891;59.000
100080660;59.000
84015;59.000
100071759;59.000
52221;59.000
100080710;59.000
100077026;59.000
100031424;59.000
53903;59.000
100021597;59.000
89039;59.000
100075985;59.000
828;59.000
100064906;59.000
79016;59.000
100021776;59.000
100071337;59.000
100063287;59.000
100079781;59.000
100074262;59.000
100077008;59.000
100070248;59.000
100030658;59.000
100063774;59.000
100034633;59.000
100076420;59.000
100075972;59.000
100018142;59.000
100079927;59.000
100071045;59.000
100035918;59.000
100061176;59.000
100018445;59.000
46536;59.000
54789;59.000
100075876;59.000
100078366;59.000
100077497;59.000
100073186;59.000
100049642;59.000
100041416;59.000
70181;59.000
100071540;59.000
100060188;58.000
100011496;58.000
100079663;58.000
100065914;58.000
100034868;58.000
100078056;58.000
100075682;58.000
100055628;58.000
69288;58.000
100020661;58.000
100070710;58.000
63123;58.000
100081187;58.000
100055798;58.000
100042569;58.000
26283;58.000
100034769;58.000
100062770;58.000
100081750;58.000
91032;58.000
92244;58.000
100040887;58.000
100069570;58.000
71459;58.000
100033840;58.000
100051335;58.000
100072101;58.000
100040186;58.000
84181;58.000
100042080;58.000
95871;58.000
100078937;58.000
45495;58.000
79785;58.000
100074281;58.000
100067446;58.000
100070144;58.000
94880;58.000
35289;58.000
100056730;58.000
100059225;58.000
100044951;58.000
100055437;58.000
100080262;58.000
100040181;58.000
100079624;58.000
100020279;58.000
100079341;58.000
100075835;58.000
71439;58.000
100059167;58.000
100056714;58.000
100023249;58.000
100075833;58.000
100075830;58.000
100065191;58.000
100053622;58.000
100056516;58.000
27893;58.000
48925;58.000
100013003;58.000
100062716;58.000
100029387;58.000
100042981;58.000
100081102;58.000
100075920;58.000
100078770;58.000
100061948;58.000
100070930;58.000
100074748;58.000
2700;58.000
100061380;58.000
100071571;58.000
64715;58.000
100066329;58.000
100052572;58.000
72067;58.000
38190;58.000
100076557;58.000
100068894;58.000
100077490;58.000
100063910;58.000
100060228;58.000
100078935;58.000
100055560;58.000
100065210;58.000
100075836;58.000
62149;58.000
100019158;58.000
52227;58.000
100052562;58.000
100058813;58.000
100055819;58.000
100072451;57.000
100020061;57.000
100074251;57.000
100075657;57.000
100064744;57.000
100019208;57.000
100072249;57.000
93584;57.000
100075672;57.000
100014028;57.000
100013934;57.000
96134;57.000
70193;57.000
95935;57.000
97704;57.000
100042299;57.000
93476;57.000
100055311;57.000
100078914;57.000
100078392;57.000
100029921;57.000
100029903;57.000
100078756;57.000
100079052;57.000
76099;57.000
100076415;57.000
92239;57.000
100063556;57.000
100019904;57.000
54117;57.000
100078699;57.000
100012362;57.000
100060211;57.000
100062614;57.000
100049066;57.000
100022654;57.000
95322;57.000
100046133;57.000
100071336;57.000
100056579;57.000
100063647;57.000
100020871;57.000
100077022;57.000
100072600;57.000
95897;57.000
52222;57.000
100079308;57.000
100028246;57.000
100074241;57.000
100043171;57.000
100057345;57.000
100074544;57.000
100079816;57.000
41998;57.000
100038082;57.000
58033;57.000
100050488;57.000
100022647;57.000
100045411;57.000
100065091;57.000
100079463;57.000
41881;57.000
100071502;57.000
75462;57.000
100055599;57.000
100071039;57.000
100077302;57.000
100039251;57.000
100071686;57.000
100013754;57.000
100067521;57.000
87810;57.000
100042308;57.000
100041281;57.000
391;57.000
100030661;57.000
84398;57.000
98178;57.000
100075805;57.000
100080776;57.000
55657;57.000
90940;57.000
100072411;57.000
100077889;57.000
100078227;57.000
100069095;57.000
100061320;57.000
100078757;57.000
100063661;57.000
100071992;57.000
100059457;57.000
100047434;56.000
82529;56.000
47002;56.000
100039656;56.000
100025411;56.000
100076427;56.000
100081295;56.000
100078735;56.000
100049677;56.000
100039141;56.000
100064686;56.000
100065818;56.000
100013908;56.000
97702;56.000
100063242;56.000
66330;56.000
100012068;56.000
100075595;56.000
100045140;56.000
100061704;56.000
100076840;56.000
100075036;56.000
100061847;56.000
100078710;56.000
100078461;56.000
100079298;56.000
100077919;56.000
52478;56.000
100016224;56.000
91662;56.000
100064720;56.000
100029905;56.000
100055927;56.000
100051887;56.000
100064419;56.000
31236;56.000
100074807;56.000
53101;56.000
100032570;56.000
100075394;56.000
100076844;56.000
98524;56.000
100025409;56.000
100081092;56.000
88136;56.000
100068344;56.000
100065198;56.000
100023945;56.000
100056545;56.000
54061;56.000
100080326;56.000
100079316;56.000
100064080;56.000
100074196;56.000
2829;56.000
100064746;56.000
100080094;56.000
77420;56.000
100070800;56.000
75243;56.000
100063667;56.000
100066205;56.000
100045608;56.000
705;56.000
100078698;56.000
100060214;56.000
100078894;56.000
100028548;56.000
100043320;56.000
100055936;56.000
100059372;56.000
100045029;56.000
100080380;56.000
100037367;56.000
100017278;56.000
100043156;56.000
100063432;56.000
100078586;56.000
100079668;56.000
100061253;56.000
100076466;56.000
21783;56.000
100030300;56.000
98705;56.000
1000;55.000
100012457;55.000
100078916;55.000
100080391;55.000
100049522;55.000
100050490;55.000
100032835;55.000
100016411;55.000
100066697;55.000
100063240;55.000
100075882;55.000
100068455;55.000
100063916;55.000
53007;55.000
100074574;55.000
100059360;55.000
100078578;55.000
100058946;55.000
100079051;55.000
100074623;55.000
100012541;55.000
100073829;55.000
89263;55.000
100012542;55.000
100025300;55.000
81104;55.000
100081583;55.000
100074561;55.000
67970;55.000
100081077;55.000
30402;55.000
100076841;55.000
100045455;55.000
100074247;55.000
100072625;55.000
100063779;55.000
100079590;55.000
100053616;55.000
100061947;55.000
100078895;55.000
100071676;55.000
100078201;55.000
100061922;55.000
87807;55.000
100051869;55.000
100041608;55.000
100021701;55.000
100060436;55.000
100055564;55.000
100079639;55.000
100069618;55.000
100072402;55.000
100036633;55.000
100076559;55.000
100057207;55.000
100020612;55.000
100025407;55.000
79510;55.000
52224;55.000
100067632;55.000
100074610;55.000
100070657;55.000
95865;55.000
100071848;55.000
100071525;55.000
100063870;55.000
100078777;55.000
100025924;55.000
100078141;55.000
49215;55.000
100077495;55.000
48161;55.000
100058869;55.000
100075296;55.000
100016716;55.000
100015006;55.000
100078426;55.000
89294;55.000
100070472;55.000
100079454;55.000
87143;54.000
100078688;54.000
100034767;54.000
100070059;54.000
100055947;54.000
53897;54.000
100012544;54.000
100081632;54.000
100077387;54.000
100078915;54.000
100052534;54.000
100029898;54.000
100055902;54.000
100059458;54.000
100043204;54.000
100051992;54.000
100061240;54.000
100031036;54.000
100070375;54.000
54464;54.000
100067452;54.000
100030615;54.000
100073196;54.000
94204;54.000
100050077;54.000
100029657;54.000
100027847;54.000
100016282;54.000
94080;54.000
76964;54.000
100056164;54.000
100074286;54.000
100077922;54.000
88263;54.000
100048248;54.000
62713;54.000
38935;54.000
85692;54.000
100020076;54.000
100042810;54.000
82509;54.000
59331;54.000
100045692;54.000
95876;54.000
65316;54.000
100077375;54.000
100027853;54.000
100071674;54.000
100080345;54.000
100067571;54.000
33114;54.000
58881;54.000
100063662;54.000
100076066;54.000
100055428;54.000
100074793;54.000
100076698;54.000
100071511;54.000
100080341;54.000
100063476;54.000
100072598;54.000
100072399;54.000
100029793;54.000
100035819;54.000
74864;54.000
100078209;54.000
100025575;54.000
100079378;54.000
100077496;54.000
100081767;54.000
35005;54.000
90241;54.000
100046669;54.000
80357;54.000
100072306;54.000
100060745;54.000
100055494;54.000
26090;54.000
100075397;54.000
100021693;54.000
100051796;54.000
100076677;53.000
100055559;53.000
100079050;53.000
100079706;53.000
100035036;53.000
100080076;53.000
100075215;53.000
100059461;53.000
100064867;53.000
100072061;53.000
100056578;53.000
38906;53.000
100076189;53.000
100021474;53.000
100032114;53.000
33405;53.000
100065214;53.000
53907;53.000
100063789;53.000
100068078;53.000
100050083;53.000
100060764;53.000
100068334;53.000
100074391;53.000
100060062;53.000
98073;53.000
100075267;53.000
64157;53.000
48970;53.000
100061322;53.000
100026692;53.000
100077944;53.000
100065046;53.000
52297;53.000
100060399;53.000
100062944;53.000
100018282;53.000
100059413;53.000
100071332;53.000
54108;53.000
94658;53.000
40795;53.000
100032285;53.000
35768;53.000
100062731;53.000
100048251;53.000
95880;53.000
100074562;53.000
100075885;53.000
100057926;53.000
100037725;53.000
100026687;53.000
100052579;53.000
59067;53.000
20145;53.000
100067991;53.000
84458;53.000
100061728;53.000
100065209;53.000
100065404;53.000
100038737;53.000
100082371;53.000
100079727;53.000
100035246;53.000
47874;53.000
100047353;53.000
91673;53.000
75003;53.000
100028491;53.000
100031491;53.000
100069437;53.000
100063767;53.000
100050319;53.000
57958;53.000
80431;53.000
100019500;53.000
100049925;53.000
70393;53.000
100065128;53.000
100018448;53.000
100079660;53.000
71454;53.000
59499;53.000
100057887;53.000
100071832;53.000
100081404;53.000
100080095;53.000
95855;53.000
100072983;53.000
100074875;53.000
100078896;53.000
100060193;53.000
100067816;53.000
100045103;53.000
100078793;53.000
100081027;53.000
100076902;53.000
100044949;53.000
100078776;53.000
100032833;52.000
100066110;52.000
100080670;52.000
78691;52.000
100078712;52.000
100053480;52.000
100065025;52.000
100032104;52.000
100071512;52.000
84856;52.000
100075372;52.000
80643;52.000
100078399;52.000
100038722;52.000
100060210;52.000
62152;52.000
96578;52.000
100076478;52.000
100061378;52.000
100081327;52.000
100024818;52.000
52225;52.000
57593;52.000
100072416;52.000
100075566;52.000
67957;52.000
100041222;52.000
100056540;52.000
100055436;52.000
71060;52.000
100051890;52.000
100066596;52.000
100080759;52.000
100080638;52.000
100060924;52.000
100060384;52.000
100079990;52.000
100075426;52.000
70186;52.000
100026686;52.000
70939;52.000
100063328;52.000
100075918;52.000
100061931;52.000
100076052;52.000
100034569;52.000
100076659;52.000
100018643;52.000
100061341;52.000
62100;52.000
100077294;52.000
100080439;52.000
100024000;52.000
29177;52.000
80430;52.000
100054489;52.000
100078617;52.000
76167;52.000
88139;52.000
87583;52.000
100058699;52.000
100056535;52.000
100054105;52.000
100078506;52.000
100074728;52.000
57918;52.000
36538;52.000
100074726;52.000
100055159;52.000
55256;52.000
93047;52.000
100069343;52.000
100079972;52.000
85014;52.000
100077439;52.000
100078798;52.000
100067116;52.000
100075074;52.000
80081;52.000
100076463;51.000
97212;51.000
48077;51.000
100081269;51.000
100072144;51.000
100081681;51.000
100025307;51.000
100060396;51.000
76372;51.000
39338;51.000
100038603;51.000
100016225;51.000
100061325;51.000
100040183;51.000
100068463;51.000
100077349;51.000
65337;51.000
98543;51.000
100055865;51.000
54978;51.000
100029484;51.000
100055868;51.000
100059394;51.000
40145;51.000
393;51.000
100078769;51.000
100034770;51.000
100056362;51.000
100081163;51.000
100071595;51.000
100016833;51.000
100064672;51.000
62015;51.000
62248;51.000
39979;51.000
100061714;51.000
100060176;51.000
100063380;51.000
96006;51.000
100035079;51.000
100077830;51.000
100069454;51.000
100076888;51.000
100080352;51.000
100063657;51.000
100035035;51.000
100069837;51.000
100067299;51.000
66857;51.000
100060109;51.000
100051683;51.000
95109;51.000
100077254;51.000
100074248;51.000
100034648;51.000
100080343;51.000
100059195;51.000
100074831;51.000
90551;51.000
100035069;51.000
100077877;51.000
100061971;51.000
100068088;51.000
28663;51.000
100061342;51.000
80592;51.000
100021629;51.000
24561;51.000
100052542;51.000
100064981;51.000
56625;51.000
100047555;51.000
100020158;51.000
100078477;51.000
55457;51.000
27297;51.000
100018139;51.000
100069979;51.000
28110;51.000
100079286;51.000
100017506;51.000
97556;51.000
100078195;51.000
100061236;51.000
36984;51.000
47615;51.000
100065192;51.000
100075256;51.000
100056511;50.000
100065194;50.000
100050056;50.000
100037728;50.000
49398;50.000
33061;50.000
100067982;50.000
97207;50.000
100057282;50.000
100011578;50.000
95688;50.000
100060016;50.000
100065672;50.000
100049659;50.000
79043;50.000
41762;50.000
100053566;50.000
100073217;50.000
100063658;50.000
100063140;50.000
100071588;50.000
59335;50.000
100016271;50.000
100080860;50.000
95433;50.000
100075984;50.000
100075086;50.000
80337;50.000
100012757;50.000
78236;50.000
100045083;50.000
100054905;50.000
100078774;50.000
100063484;50.000
100013863;50.000
100011575;50.000
100061849;50.000
100078213;50.000
100067895;50.000
100035029;50.000
100064743;50.000
100067899;50.000
91590;50.000
100045473;50.000
100082619;50.000
100035652;50.000
73470;50.000
100080156;50.000
100064197;50.000
100036482;50.000
100069374;50.000
71997;50.000
100065932;50.000
67712;50.000
88464;50.000
100011498;50.000
100080088;50.000
41581;50.000
68153;50.000
100014236;50.000
100081329;50.000
94210;50.000
82312;50.000
100067848;50.000
100081127;50.000
79024;50.000
100074617;50.000
100076471;50.000
100080119;50.000
35058;50.000
100051876;50.000
100077408;50.000
100016238;50.000
100029897;50.000
53817;50.000
87722;50.000
100079726;50.000
100079448;50.000
100072889;50.000
100037138;50.000
38902;50.000
100081743;50.000
100079307;50.000
100035911;50.000
100073507;50.000
100049542;50.000
100047133;50.000
49050;50.000
89494;49.000
95666;49.000
53636;49.000
100060644;49.000
100064588;49.000
100011605;49.000
100074911;49.000
100049063;49.000
100078996;49.000
100038582;49.000
100078577;49.000
100069985;49.000
100080297;49.000
100068335;49.000
100056531;49.000
100013557;49.000
100061639;49.000
100078219;49.000
100078554;49.000
100067554;49.000
100053288;49.000
44169;49.000
100062118;49.000
100047164;49.000
82171;49.000
100079591;49.000
100061713;49.000
100079493;49.000
100055689;49.000
100076453;49.000
100080663;49.000
100055461;49.000
100041214;49.000
100077783;49.000
100081260;49.000
100066108;49.000
100061284;49.000
100068345;49.000
100071046;49.000
92948;49.000
100065365;49.000
100073103;49.000
100078600;49.000
80341;49.000
100049370;49.000
93219;49.000
100033667;49.000
97577;49.000
100078615;49.000
100032287;49.000
83524;49.000
100060466;49.000
100050079;49.000
100062732;49.000
100079362;49.000
100075381;49.000
61827;49.000
100082765;49.000
100081639;49.000
97437;49.000
100071541;49.000
100060247;49.000
74290;49.000
88133;49.000
100073313;49.000
82563;49.000
100040667;49.000
100078204;49.000
100055348;49.000
100065189;49.000
100076555;49.000
100052845;49.000
100071879;49.000
100063664;49.000
100065939;49.000
100032438;49.000
84482;49.000
100074430;49.000
100056749;49.000
100080662;49.000
48924;49.000
100050816;49.000
100065124;49.000
94417;49.000
100078511;49.000
100076032;49.000
100034651;49.000
100077337;49.000
100076403;49.000
100070260;49.000
100023257;49.000
100053776;48.000
94416;48.000
55014;48.000
100079132;48.000
100074218;48.000
100016211;48.000
100072293;48.000
100080690;48.000
100081113;48.000
100063871;48.000
100065303;48.000
100034867;48.000
100055295;48.000
100038783;48.000
100059202;48.000
100048831;48.000
100012587;48.000
100014032;48.000
100072260;48.000
100018137;48.000
100079089;48.000
100081911;48.000
89879;48.000
92888;48.000
100013865;48.000
100080631;48.000
100011607;48.000
81848;48.000
46930;48.000
100029932;48.000
100060923;48.000
100062930;48.000
100010869;48.000
100046680;48.000
100070359;48.000
94282;48.000
100027744;48.000
100046658;48.000
100028863;48.000
100043126;48.000
85120;48.000
100070263;48.000
100080263;48.000
100081285;48.000
100077406;48.000
100077260;48.000
100019549;48.000
100024226;48.000
100065595;48.000
29516;48.000
82136;48.000
100065313;48.000
40793;48.000
100051900;48.000
100075378;48.000
100077784;48.000
100044331;48.000
100028912;48.000
100023129;48.000
100065172;48.000
100064715;48.000
100010325;48.000
100078892;48.000
100079778;48.000
100069562;48.000
100060124;48.000
100067112;48.000
100052771;48.000
47233;48.000
65330;48.000
92718;48.000
100037134;48.000
100061235;48.000
100064735;48.000
100072406;48.000
75650;48.000
100059647;48.000
100066310;48.000
100061705;48.000
100077802;48.000
100074280;48.000
100072970;48.000
100061337;48.000
40897;48.000
100037107;48.000
100055307;48.000
100064687;48.000
100067905;48.000
100075452;48.000
100055820;48.000
100074808;48.000
31490;48.000
77072;48.000
100081912;48.000
31502;48.000
100039248;48.000
100072421;48.000
100069830;48.000
100060759;48.000
100075875;47.000
100075884;47.000
100080087;47.000
100037198;47.000
100070474;47.000
100068887;47.000
100055962;47.000
100072201;47.000
100080074;47.000
100064195;47.000
100063420;47.000
100033836;47.000
100066122;47.000
100067706;47.000
100023937;47.000
100063481;47.000
100079318;47.000
100065222;47.000
100041166;47.000
100020843;47.000
100014128;47.000
67028;47.000
100072256;47.000
100025591;47.000
100062195;47.000
100040928;47.000
79034;47.000
87674;47.000
100071218;47.000
65329;47.000
100074545;47.000
86984;47.000
100058682;47.000
100053315;47.000
100060397;47.000
100024106;47.000
100033625;47.000
100026405;47.000
100067904;47.000
100079343;47.000
100077986;47.000
100063126;47.000
68072;47.000
100035075;47.000
100012142;47.000
33508;47.000
100018038;47.000
100068340;47.000
100057265;47.000
67404;47.000
100036406;47.000
100078634;47.000
52265;47.000
100032177;47.000
100079503;47.000
100060400;47.000
100070664;47.000
100079068;47.000
86702;47.000
82858;47.000
100080658;47.000
100075398;47.000
708;47.000
100060120;47.000
100076866;47.000
100014855;47.000
100058067;47.000
100072952;47.000
92794;47.000
100069344;47.000
100011582;47.000
100034768;47.000
100081769;47.000
48928;47.000
100065629;47.000
82131;47.000
100051892;47.000
100067427;47.000
100078423;47.000
100034650;47.000
100055862;47.000
84008;47.000
100082540;47.000
100077925;47.000
100052834;47.000
100024720;47.000
100064420;47.000
100076306;47.000
100065206;47.000
100071323;47.000
65450;47.000
100049485;47.000
100042980;47.000
100080350;47.000
100018281;46.000
100079835;46.000
100064977;46.000
100021483;46.000
100081496;46.000
100010580;46.000
100076275;46.000
100075829;46.000
100065010;46.000
100046031;46.000
100075263;46.000
100036707;46.000
54944;46.000
100011591;46.000
100039560;46.000
89990;46.000
100078243;46.000
96009;46.000
100079007;46.000
100077960;46.000
51966;46.000
100069923;46.000
100055600;46.000
100078046;46.000
100081319;46.000
54078;46.000
100080237;46.000
415;46.000
100071843;46.000
100075522;46.000
100065185;46.000
100070024;46.000
100027234;46.000
100075260;46.000
100046668;46.000
92159;46.000
100068971;46.000
100081197;46.000
100071433;46.000
92236;46.000
100065216;46.000
100079763;46.000
100074263;46.000
100020152;46.000
100069789;46.000
100074625;46.000
38877;46.000
100060031;46.000
89735;46.000
100079520;46.000
100079613;46.000
100045684;46.000
100065673;46.000
100053625;46.000
100077932;46.000
100046594;46.000
66946;46.000
90622;46.000
100077237;46.000
37669;46.000
100061812;46.000
31227;46.000
56826;46.000
100080283;46.000
100019654;46.000
100062763;46.000
100065633;46.000
100080109;46.000
100041103;46.000
76382;46.000
100046814;46.000
100076862;46.000
100055626;46.000
100078689;46.000
100055216;46.000
100055517;46.000
100073264;46.000
100036484;46.000
100080399;46.000
100078326;46.000
100056739;46.000
90942;46.000
100032472;46.000
34686;46.000
100072408;46.000
100065560;46.000
100070798;46.000
100077807;46.000
100029476;46.000
84011;46.000
100037797;46.000
100065181;46.000
54701;46.000
100080845;46.000
100075553;46.000
100029648;46.000
100061293;46.000
100036495;46.000
57691;46.000
30707;46.000
100033587;46.000
100072933;46.000
100079204;46.000
59509;46.000
100052878;46.000
100011684;46.000
94078;46.000
65433;46.000
100044190;46.000
100080819;45.000
100080321;45.000
100076416;45.000
100077411;45.000
87454;45.000
100070093;45.000
100079021;45.000
100071575;45.000
84875;45.000
100060307;45.000
100076195;45.000
59186;45.000
98533;45.000
100068089;45.000
100056890;45.000
100071339;45.000
100057852;45.000
100025434;45.000
100070797;45.000
100064676;45.000
71477;45.000
100061291;45.000
100073658;45.000
100037321;45.000
84189;45.000
100060063;45.000
100076187;45.000
75466;45.000
100024058;45.000
100061640;45.000
100011581;45.000
87061;45.000
87053;45.000
100033626;45.000
100055563;45.000
100071071;45.000
52104;45.000
100075937;45.000
100039243;45.000
100027276;45.000
100071436;45.000
100075445;45.000
100025989;45.000
100071609;45.000
87141;45.000
100078206;45.000
97719;45.000
100068086;45.000
100079332;45.000
100067493;45.000
24295;45.000
100071176;45.000
100043597;45.000
100066192;45.000
86503;45.000
100076171;45.000
52264;45.000
100077347;45.000
100079070;45.000
100018863;45.000
100047402;45.000
75446;45.000
100074219;45.000
100021979;45.000
100078911;45.000
86975;45.000
100072633;45.000
75752;45.000
100060301;45.000
100064597;45.000
100077409;45.000
97701;45.000
100079445;45.000
100065383;45.000
95147;45.000
100076304;45.000
100016875;45.000
46479;45.000
36006;45.000
95658;45.000
100041370;45.000
100017752;45.000
100035090;45.000
100047216;45.000
63815;45.000
100067996;45.000
57961;45.000
100062762;45.000
100020873;45.000
100036270;45.000
100062940;45.000
100078814;45.000
100076896;45.000
52474;45.000
100081122;45.000
31219;45.000
51508;45.000
55982;45.000
100047559;44.000
100076826;44.000
52688;44.000
100077714;44.000
52298;44.000
82732;44.000
100076652;44.000
100046867;44.000
92064;44.000
100081815;44.000
100017260;44.000
100061641;44.000
100075749;44.000
100039478;44.000
89562;44.000
100061879;44.000
100057498;44.000
100075084;44.000
100078484;44.000
100081810;44.000
100079536;44.000
65320;44.000
100013398;44.000
100041686;44.000
100072812;44.000
100047435;44.000
100062797;44.000
82176;44.000
100051317;44.000
67786;44.000
100060019;44.000
100066114;44.000
100020615;44.000
100074611;44.000
100031035;44.000
100075593;44.000
100078210;44.000
100011178;44.000
100061745;44.000
54063;44.000
100081820;44.000
100076964;44.000
77874;44.000
100037299;44.000
100062018;44.000
100077023;44.000
58961;44.000
100016286;44.000
100067563;44.000
100059648;44.000
100046242;44.000
100074780;44.000
100028840;44.000
100046216;44.000
100027792;44.000
100063683;44.000
100070667;44.000
100025977;44.000
53407;44.000
100079913;44.000
100061904;44.000
100072788;44.000
100061329;44.000
90915;44.000
57513;44.000
100075278;44.000
100076386;44.000
100078055;44.000
100065431;44.000
100075740;44.000
75441;44.000
100015979;44.000
100078090;44.000
100079877;44.000
100013260;44.000
96533;44.000
100065923;44.000
100020623;44.000
76170;44.000
100071043;44.000
100015987;44.000
100048929;44.000
100017277;44.000
100031269;44.000
37033;44.000
100081271;44.000
100029662;44.000
83614;44.000
22382;44.000
100045975;44.000
85696;44.000
94601;44.000
100013909;44.000
77852;44.000
38913;44.000
100072592;44.000
100040750;44.000
100076063;44.000
100026678;44.000
100075679;44.000
100071982;44.000
100041470;44.000
100076260;44.000
100059250;44.000
100042529;44.000
100049486;44.000
100063924;44.000
100067318;44.000
89495;44.000
100077883;44.000
100075354;44.000
100046667;44.000
21448;44.000
100058064;44.000
93052;43.000
57073;43.000
100048982;43.000
100060425;43.000
100049749;43.000
100056671;43.000
100033460;43.000
100081809;43.000
100072717;43.000
100060298;43.000
100067572;43.000
100035702;43.000
100051747;43.000
100033841;43.000
100046340;43.000
100047048;43.000
100029927;43.000
87431;43.000
100052096;43.000
100068464;43.000
100080864;43.000
100078900;43.000
100080112;43.000
69389;43.000
100031888;43.000
100074820;43.000
100014978;43.000
100074836;43.000
79031;43.000
63630;43.000
81377;43.000
100021491;43.000
100063937;43.000
100082055;43.000
100072593;43.000
100078583;43.000
100080324;43.000
100079832;43.000
95121;43.000
65317;43.000
100079001;43.000
100056727;43.000
100077863;43.000
100061706;43.000
100069545;43.000
100046819;43.000
100073222;43.000
100058178;43.000
100025600;43.000
100074256;43.000
2812;43.000
100077354;43.000
100069786;43.000
100080628;43.000
100053682;43.000
100078093;43.000
100072602;43.000
100081913;43.000
100070025;43.000
100078228;43.000
71416;43.000
100067850;43.000
77974;43.000
100061228;43.000
100080665;43.000
100064191;43.000
100050824;43.000
100015004;43.000
100079451;43.000
100038549;43.000
100067724;43.000
100053695;43.000
100035085;43.000
48080;43.000
100076858;43.000
100071673;43.000
100010652;43.000
100057269;43.000
100043172;43.000
100027138;43.000
100078787;43.000
100049375;43.000
100061386;43.000
100022274;43.000
67958;43.000
100063037;43.000
100033791;43.000
100077985;43.000
100062636;43.000
100012039;43.000
100025306;43.000
79035;43.000
100064198;43.000
100024723;43.000
77647;43.000
89037;43.000
100077393;43.000
100070952;43.000
53902;43.000
100073319;43.000
100042008;43.000
100078003;43.000
100022765;43.000
100079092;43.000
100077976;42.000
100062121;42.000
100070053;42.000
100047136;42.000
100071260;42.000
50655;42.000
81632;42.000
100075348;42.000
100020016;42.000
100056514;42.000
100078322;42.000
67519;42.000
100070290;42.000
43006;42.000
100073263;42.000
100013225;42.000
100074721;42.000
100011567;42.000
100060194;42.000
48078;42.000
100077284;42.000
100075363;42.000
71443;42.000
100055519;42.000
59746;42.000
100052497;42.000
100013033;42.000
100072373;42.000
100012044;42.000
100057921;42.000
54062;42.000
100048767;42.000
100079552;42.000
100077736;42.000
82103;42.000
100028220;42.000
100072755;42.000
100078904;42.000
100060111;42.000
59269;42.000
100081276;42.000
100051816;42.000
27894;42.000
100069965;42.000
100060645;42.000
100027488;42.000
47599;42.000
100074266;42.000
100034672;42.000
100065331;42.000
100079987;42.000
100072398;42.000
100072250;42.000
100058812;42.000
100065889;42.000
82785;42.000
100068062;42.000
63648;42.000
100070207;42.000
100011595;42.000
100069887;42.000
86518;42.000
100075870;42.000
100077475;42.000
56211;42.000
100024817;42.000
100079055;42.000
100073218;42.000
100035067;42.000
100069302;42.000
100054589;42.000
100071867;42.000
73266;42.000
100079937;42.000
100050826;42.000
100077924;42.000
100060296;42.000
71470;42.000
100016696;42.000
96403;42.000
82580;42.000
100038755;42.000
100077273;42.000
100081633;42.000
100075446;42.000
100063324;42.000
100060852;42.000
100064730;42.000
92570;42.000
40969;42.000
100055963;42.000
62117;42.000
100063475;42.000
100062905;42.000
100021604;42.000
100039627;42.000
100042989;42.000
100019909;42.000
100080747;42.000
100011596;42.000
90757;42.000
100071995;42.000
100079534;42.000
29506;42.000
100081803;42.000
100080329;42.000
100029482;42.000
63633;42.000
100039881;42.000
100075986;42.000
100011847;42.000
100065936;42.000
100021487;41.000
68911;41.000
100075930;41.000
100059361;41.000
100014284;41.000
100079780;41.000
100080688;41.000
100065024;41.000
100037375;41.000
95110;41.000
100055050;41.000
100035080;41.000
95030;41.000
100050052;41.000
100080664;41.000
100074622;41.000
95440;41.000
100033105;41.000
100029468;41.000
100055949;41.000
100028275;41.000
100045609;41.000
100045414;41.000
100010322;41.000
100038107;41.000
100055187;41.000
100078913;41.000
53673;41.000
100028296;41.000
100051904;41.000
100055072;41.000
100030710;41.000
3993;41.000
100016519;41.000
100076891;41.000
100071524;41.000
100056534;41.000
100010822;41.000
100076576;41.000
64199;41.000
40303;41.000
35766;41.000
92955;41.000
100033148;41.000
100055045;41.000
100056542;41.000
100055120;41.000
100054597;41.000
100030294;41.000
100051881;41.000
100064722;41.000
100037523;41.000
100070757;41.000
100076204;41.000
100014981;41.000
100063866;41.000
100078091;41.000
100060385;41.000
100014131;41.000
100061701;41.000
100078917;41.000
100036005;41.000
100055430;41.000
100069377;41.000
80697;41.000
100078974;41.000
100074279;41.000
100053530;41.000
100013425;41.000
100063687;41.000
100078462;41.000
31235;41.000
64669;41.000
27805;41.000
45485;41.000
100025408;41.000
62135;41.000
100076425;41.000
77071;41.000
100049386;41.000
100075568;41.000
100018274;41.000
100064847;41.000
100075866;41.000
100017891;41.000
100047570;41.000
100067601;41.000
100076936;41.000
35772;41.000
100046370;41.000
100075087;41.000
100078905;41.000
100079203;41.000
100064036;41.000
100050818;41.000
100080529;41.000
100072761;41.000
100061573;41.000
100032483;41.000
63844;41.000
100077997;41.000
76668;41.000
100056720;41.000
95863;41.000
100016794;41.000
100012040;41.000
100051042;41.000
90428;41.000
100081705;41.000
100040672;41.000
100077971;41.000
70178;41.000
52260;41.000
100067059;41.000
100077785;41.000
100041541;41.000
41878;41.000
57950;41.000
100078635;41.000
62158;41.000
100020149;41.000
100022594;41.000
100075349;40.000
100063806;40.000
100059223;40.000
100035907;40.000
100061846;40.000
100075345;40.000
100074727;40.000
100075048;40.000
100067541;40.000
100038608;40.000
100025805;40.000
100078999;40.000
100017271;40.000
100075404;40.000
89703;40.000
100081712;40.000
100075967;40.000
84267;40.000
95098;40.000
91790;40.000
100025304;40.000
100063628;40.000
100061574;40.000
98201;40.000
62144;40.000
100025069;40.000
100038781;40.000
100078401;40.000
100075678;40.000
100077485;40.000
100062630;40.000
100080752;40.000
33686;40.000
100075989;40.000
100055146;40.000
100080842;40.000
100075376;40.000
100065190;40.000
100069540;40.000
100071587;40.000
100042982;40.000
100018845;40.000
100070804;40.000
100064734;40.000
100078475;40.000
100077862;40.000
100061876;40.000
100072396;40.000
90804;40.000
100052015;40.000
100040952;40.000
100076553;40.000
100072509;40.000
100076228;40.000
67968;40.000
63643;40.000
100069862;40.000
100061458;40.000
100078459;40.000
100078404;40.000
60319;40.000
100072295;40.000
40734;40.000
100051888;40.000
100054567;40.000
100077407;40.000
100036410;40.000
100020013;40.000
100074913;40.000
100052501;40.000
100069124;40.000
100071542;40.000
100077402;40.000
76881;40.000
100065218;40.000
100070805;40.000
100027851;40.000
62717;40.000
100071147;40.000
100052769;40.000
100078657;40.000
100021704;40.000
100027175;40.000
100059395;40.000
96100;40.000
78505;40.000
100010145;40.000
100078906;40.000
62075;40.000
52800;40.000
100011569;40.000
100014980;40.000
100034750;40.000
86411;40.000
87158;40.000
100078687;40.000
100052491;40.000
100074786;40.000
100017722;40.000
90990;40.000
100039469;40.000
100078921;40.000
100058891;40.000
100067990;39.000
100013395;39.000
100038726;39.000
100027458;39.000
100048883;39.000
86659;39.000
100077345;39.000
100064688;39.000
71458;39.000
78564;39.000
100081424;39.000
100075393;39.000
100057183;39.000
100076383;39.000
100045307;39.000
100055948;39.000
100078691;39.000
100076589;39.000
100046143;39.000
100051766;39.000
91668;39.000
29521;39.000
100072259;39.000
4496;39.000
100077928;39.000
100059222;39.000
100060018;39.000
100018247;39.000
38903;39.000
100074290;39.000
100078771;39.000
100071537;39.000
100029471;39.000
100079438;39.000
100037495;39.000
100052541;39.000
53469;39.000
97284;39.000
65333;39.000
100040349;39.000
100076561;39.000
92716;39.000
77424;39.000
68730;39.000
100038779;39.000
100028825;39.000
100076152;39.000
100075684;39.000
100049928;39.000
100071523;39.000
100059190;39.000
100059624;39.000
100030398;39.000
22988;39.000
100077837;39.000
53901;39.000
100063226;39.000
42662;39.000
100075362;39.000
82577;39.000
100058888;39.000
100080558;39.000
100071586;39.000
34680;39.000
100032318;39.000
704;39.000
100025412;39.000
100071576;39.000
100077414;39.000
100052775;39.000
100016996;39.000
100072414;39.000
100049545;39.000
100071829;39.000
77646;39.000
100081145;39.000
100063943;39.000
100049772;39.000
100050016;39.000
89283;39.000
51683;39.000
53364;39.000
86660;39.000
100047969;39.000
100077478;39.000
100081331;39.000
100055420;39.000
100065368;39.000
100051880;39.000
89638;39.000
100031441;39.000
100067823;39.000
100051555;39.000
100078264;39.000
100070163;39.000
100070734;39.000
82239;39.000
100078400;39.000
100071469;39.000
100061848;39.000
100057913;39.000
100024458;39.000
75076;39.000
100052899;39.000
58053;39.000
100072435;39.000
100067902;39.000
100066234;39.000
100070050;39.000
76747;39.000
100020613;39.000
100079822;39.000
100074779;38.000
100028794;38.000
100039951;38.000
100024438;38.000
100055910;38.000
100079012;38.000
30721;38.000
100075950;38.000
100065627;38.000
100055138;38.000
100079455;38.000
100068288;38.000
97807;38.000
100047162;38.000
100028913;38.000
77875;38.000
76379;38.000
100051354;38.000
100017691;38.000
100062068;38.000
100066109;38.000
100029474;38.000
100022820;38.000
100019183;38.000
100031469;38.000
49186;38.000
100072715;38.000
100074650;38.000
100058948;38.000
100062104;38.000
100031425;38.000
91414;38.000
100073899;38.000
95874;38.000
100021707;38.000
100076176;38.000
100061873;38.000
100061334;38.000
100053328;38.000
100069360;38.000
100080753;38.000
42208;38.000
100052539;38.000
100047100;38.000
100041096;38.000
100056874;38.000
100016456;38.000
100030297;38.000
100074246;38.000
47602;38.000
100053626;38.000
64647;38.000
100059077;38.000
86311;38.000
52875;38.000
24822;38.000
100065219;38.000
45392;38.000
100071148;38.000
100078211;38.000
100065759;38.000
100067910;38.000
100011577;38.000
100072466;38.000
55373;38.000
50662;38.000
100077805;38.000
100078815;38.000
100055562;38.000
100056722;38.000
100080666;38.000
100016688;38.000
100044922;38.000
100078403;38.000
877;38.000
100061372;38.000
100012882;38.000
100016247;38.000
88138;38.000
100074743;38.000
100076470;38.000
100065000;38.000
100046325;38.000
95306;38.000
100069269;38.000
100079000;38.000
100076461;38.000
100019548;38.000
100038524;38.000
100061287;38.000
24106;38.000
100032089;38.000
69915;38.000
54223;38.000
100075051;38.000
100023999;38.000
100056668;38.000
100079008;38.000
51689;38.000
100062016;38.000
100075297;38.000
100053457;38.000
100057854;38.000
100079974;38.000
100065367;38.000
100065329;38.000
87161;38.000
65319;38.000
100032286;38.000
100069539;38.000
90914;38.000
58120;38.000
100019655;38.000
90935;38.000
100075136;38.000
77356;38.000
100077257;38.000
100030821;38.000
100059578;38.000
100081131;38.000
100066206;38.000
100080261;38.000
78102;38.000
100072989;38.000
100048240;38.000
100077383;38.000
100062131;38.000
100033910;38.000
32814;38.000
69867;38.000
100059494;38.000
56062;38.000
100016397;38.000
100079505;38.000
100055966;38.000
100037112;38.000
100028819;38.000
97341;38.000
100024100;38.000
100052008;38.000
86345;37.000
100067553;37.000
100070698;37.000
100078146;37.000
53018;37.000
100020614;37.000
100071064;37.000
100068254;37.000
100069925;37.000
100077160;37.000
100039853;37.000
100067906;37.000
100018215;37.000
100056366;37.000
100066112;37.000
100041213;37.000
87881;37.000
100014956;37.000
22127;37.000
100071998;37.000
57964;37.000
97914;37.000
100046828;37.000
100071926;37.000
82242;37.000
100076905;37.000
100064328;37.000
96341;37.000
100066120;37.000
98569;37.000
100067809;37.000
100077471;37.000
100060390;37.000
100024451;37.000
100063940;37.000
95452;37.000
100053327;37.000
100061878;37.000
100082130;37.000
100065615;37.000
100070814;37.000
93816;37.000
65471;37.000
100078893;37.000
60070;37.000
84466;37.000
100076404;37.000
100038015;37.000
86310;37.000
100047621;37.000
100081933;37.000
100051862;37.000
100077401;37.000
100078645;37.000
100055797;37.000
29282;37.000
100068896;37.000
91518;37.000
100065993;37.000
100073501;37.000
100062667;37.000
100067214;37.000
50758;37.000
100064913;37.000
100056419;37.000
100081797;37.000
63152;37.000
100074706;37.000
86220;37.000
78805;37.000
100065164;37.000
100059011;37.000
100076809;37.000
100069378;37.000
100077758;37.000
40321;37.000
100076399;37.000
100077744;37.000
82579;37.000
100022649;37.000
27415;37.000
100045604;37.000
87213;37.000
100063191;37.000
100075550;37.000
100078946;37.000
100070451;37.000
100078505;37.000
100079615;37.000
100071629;37.000
100030414;37.000
100026221;37.000
100068932;37.000
100065221;37.000
100049113;37.000
36983;37.000
100014048;37.000
100077873;37.000
100061285;37.000
100033581;37.000
100070064;37.000
95104;37.000
28111;37.000
100046374;37.000
100080089;37.000
100060303;37.000
100011573;37.000
100080361;37.000
100079024;37.000
100057264;37.000
100037376;37.000
38895;37.000
100021476;37.000
100055629;37.000
100070391;37.000
100069535;36.000
100027136;36.000
100077251;36.000
39786;36.000
100020321;36.000
100042773;36.000
100071321;36.000
39886;36.000
100026258;36.000
79037;36.000
100038334;36.000
100063688;36.000
92928;36.000
100030826;36.000
100053341;36.000
100081751;36.000
100076307;36.000
96102;36.000
100077840;36.000
100017726;36.000
100050883;36.000
45361;36.000
100078755;36.000
100064736;36.000
100035924;36.000
100070532;36.000
100079614;36.000
100077935;36.000
100049541;36.000
100069328;36.000
100042794;36.000
100034749;36.000
100051889;36.000
100056731;36.000
100056414;36.000
48705;36.000
100070164;36.000
81020;36.000
69290;36.000
40917;36.000
100081798;36.000
100078491;36.000
100079623;36.000
100080640;36.000
98176;36.000
100072984;36.000
100078285;36.000
79754;36.000
100052837;36.000
100022677;36.000
100014030;36.000
76381;36.000
100066107;36.000
100060438;36.000
100071591;36.000
76310;36.000
100061461;36.000
43246;36.000
96975;36.000
70200;36.000
100063478;36.000
100076565;36.000
100078651;36.000
100012230;36.000
100035648;36.000
57894;36.000
100072261;36.000
96577;36.000
85597;36.000
100068862;36.000
100072938;36.000
100028065;36.000
100057224;36.000
73452;36.000
100071851;36.000
100022831;36.000
100027133;36.000
100069541;36.000
62122;36.000
100078648;36.000
100023099;36.000
100072289;36.000
100076401;36.000
100053297;36.000
100057884;36.000
100072257;36.000
100066129;36.000
100052571;36.000
100071994;36.000
100079989;36.000
100059654;36.000
100077443;36.000
100067012;36.000
100060662;36.000
100045305;36.000
66830;36.000
100073258;36.000
100044953;36.000
100063379;36.000
100076070;36.000
100033627;36.000
100044954;36.000
100074347;36.000
100068278;36.000
100067943;36.000
100052743;36.000
100028241;36.000
31233;36.000
100080044;36.000
85949;36.000
100023356;36.000
100077289;36.000
100061697;36.000
100026259;36.000
100055459;36.000
100075364;36.000
100025803;36.000
100082273;36.000
100047049;36.000
100011720;36.000
100022651;36.000
100079814;36.000
100078409;36.000
100063048;36.000
100080760;36.000
100074255;36.000
53909;36.000
100067612;36.000
100078398;36.000
100049256;36.000
97720;35.000
100075982;35.000
100072811;35.000
100080637;35.000
100075673;35.000
100078658;35.000
86943;35.000
96018;35.000
100026081;35.000
76147;35.000
84471;35.000
98534;35.000
100077774;35.000
100034498;35.000
100034047;35.000
100070763;35.000
100058180;35.000
98184;35.000
92813;35.000
100073348;35.000
100042078;35.000
100077384;35.000
100077328;35.000
100079741;35.000
100011594;35.000
98138;35.000
100070700;35.000
4139;35.000
100075132;35.000
100072949;35.000
100050892;35.000
100072716;35.000
100052568;35.000
100061361;35.000
100056726;35.000
41662;35.000
48927;35.000
100064739;35.000
100065593;35.000
100011221;35.000
100076407;35.000
100080713;35.000
100030298;35.000
100033191;35.000
100067620;35.000
100054772;35.000
100062440;35.000
64203;35.000
100053447;35.000
100064868;35.000
75158;35.000
100065208;35.000
100065918;35.000
100075983;35.000
100075138;35.000
100069108;35.000
100067605;35.000
100078489;35.000
100038602;35.000
100081279;35.000
76405;35.000
95068;35.000
87313;35.000
100056737;35.000
100072437;35.000
100079914;35.000
100035615;35.000
94921;35.000
100043163;35.000
59754;35.000
100075993;35.000
100077287;35.000
100041291;35.000
100075346;35.000
34555;35.000
100068242;35.000
79509;35.000
100075598;35.000
100077823;35.000
100015946;35.000
100069788;35.000
100047837;35.000
81870;35.000
100042769;35.000
100079526;35.000
100052580;35.000
100052874;35.000
62577;35.000
100072972;35.000
100035323;35.000
70338;35.000
100067170;35.000
100018856;35.000
100077381;35.000
100080374;35.000
100037131;35.000
100074475;35.000
100063660;35.000
100051131;35.000
58136;35.000
100063753;35.000
100021688;35.000
100064083;35.000
100075520;35.000
100049487;35.000
100014949;35.000
100077225;35.000
100074563;35.000
82860;35.000
100050212;35.000
100067704;35.000
100072604;35.000
100031664;35.000
100036737;35.000
100077937;35.000
100065370;35.000
100038417;35.000
100081745;35.000
100067332;35.000
100075943;35.000
31555;35.000
72961;35.000
100051893;35.000
100052524;35.000
100081684;35.000
100063460;35.000
100073498;35.000
94218;35.000
100069790;35.000
100020750;35.000
100079444;35.000
100052870;35.000
100065170;35.000
100080782;35.000
100073397;35.000
100028279;35.000
100058884;35.000
100069900;34.000
100060432;34.000
66450;34.000
100065707;34.000
100081584;34.000
43916;34.000
100023604;34.000
28358;34.000
98681;34.000
66448;34.000
100078639;34.000
100065363;34.000
100071858;34.000
58030;34.000
100079054;34.000
100069920;34.000
55015;34.000
100065311;34.000
100042973;34.000
100074724;34.000
89883;34.000
100072756;34.000
100061327;34.000
84468;34.000
75344;34.000
100073508;34.000
100074776;34.000
100072807;34.000
100081914;34.000
100060418;34.000
100078836;34.000
88461;34.000
100016697;34.000
63136;34.000
100072235;34.000
100062900;34.000
97187;34.000
100072053;34.000
38192;34.000
45430;34.000
100073162;34.000
100064360;34.000
100078626;34.000
100059333;34.000
89268;34.000
100063120;34.000
100039370;34.000
100060023;34.000
57888;34.000
100014948;34.000
78924;34.000
100014051;34.000
100067649;34.000
100063944;34.000
100077757;34.000
100081744;34.000
100051903;34.000
100026653;34.000
100034296;34.000
100031657;34.000
100067723;34.000
100057929;34.000
100063823;34.000
100072808;34.000
100067438;34.000
34573;34.000
100060219;34.000
80811;34.000
92353;34.000
65472;34.000
100059492;34.000
100025406;34.000
77074;34.000
100032836;34.000
100075259;34.000
100030150;34.000
100078244;34.000
83644;34.000
100074017;34.000
100045976;34.000
100060028;34.000
100078402;34.000
100036416;34.000
65321;34.000
98269;34.000
100035078;34.000
100080323;34.000
30401;34.000
100063340;34.000
100046759;34.000
100076057;34.000
43441;34.000
100060394;34.000
100052002;34.000
100024502;34.000
100081685;34.000
100080342;34.000
100076056;34.000
100077556;34.000
100018911;34.000
87044;34.000
100037133;34.000
81028;34.000
100077342;34.000
100014057;34.000
100080275;34.000
67921;34.000
44170;34.000
100028061;34.000
100073221;34.000
100031085;34.000
100060302;34.000
100075591;34.000
100060287;34.000
100053363;34.000
100056431;34.000
100075970;34.000
84010;34.000
100011537;34.000
86537;34.000
100080354;34.000
100056740;34.000
100053811;34.000
100078323;34.000
96050;34.000
100067621;34.000
100056822;34.000
46021;34.000
100063331;34.000
100075523;34.000
100068458;34.000
97316;34.000
100072601;34.000
100077921;34.000
100071341;34.000
100064709;34.000
100072459;34.000
87301;34.000
100075411;34.000
100069179;34.000
100016219;34.000
100053320;34.000
100056770;34.000
100075089;34.000
100056667;34.000
33347;34.000
100080224;34.000
100079918;34.000
100069844;34.000
100081406;34.000
100078624;34.000
52296;34.000
100069563;34.000
100064327;34.000
100021563;34.000
100071199;34.000
100019464;33.000
100072696;33.000
100040637;33.000
100046271;33.000
100020126;33.000
100061851;33.000
2883;33.000
100061294;33.000
100016161;33.000
67465;33.000
100025704;33.000
100041414;33.000
100011608;33.000
100040929;33.000
74453;33.000
100032175;33.000
100023878;33.000
64189;33.000
100062887;33.000
100049064;33.000
100080346;33.000
100079915;33.000
100069301;33.000
100028909;33.000
100070056;33.000
76408;33.000
87577;33.000
100072724;33.000
69382;33.000
100053299;33.000
100055620;33.000
100078701;33.000
100076797;33.000
100081372;33.000
65474;33.000
100022432;33.000
100075134;33.000
100075069;33.000
100014059;33.000
95119;33.000
86327;33.000
100051875;33.000
84477;33.000
62092;33.000
100076943;33.000
100052836;33.000
54077;33.000
100058870;33.000
100070699;33.000
23926;33.000
72955;33.000
100044612;33.000
100067989;33.000
100076127;33.000
100030416;33.000
100076310;33.000
100079473;33.000
100014259;33.000
100079355;33.000
100016900;33.000
100030274;33.000
100069565;33.000
100070449;33.000
100081040;33.000
100013029;33.000
100012310;33.000
100065330;33.000
100018044;33.000
100036449;33.000
100028195;33.000
55691;33.000
100081765;33.000
100066149;33.000
100071340;33.000
100063927;33.000
100080241;33.000
97714;33.000
100080509;33.000
100060292;33.000
100013910;33.000
100050624;33.000
100062191;33.000
100057281;33.000
100075351;33.000
100017727;33.000
84013;33.000
100057223;33.000
100071682;33.000
100060044;33.000
100045876;33.000
100033470;33.000
62143;33.000
87287;33.000
100061290;33.000
100012651;33.000
100068396;33.000
100062122;33.000
100079137;33.000
100078408;33.000
71422;33.000
100071574;33.000
100074259;33.000
75635;33.000
100064580;33.000
100065705;33.000
100077789;33.000
100063765;33.000
100081875;33.000
100036407;33.000
100030641;33.000
32904;33.000
100071597;33.000
100028253;33.000
100079608;33.000
81042;33.000
81185;33.000
100074619;33.000
95441;33.000
100080250;33.000
100045110;33.000
100060428;33.000
92717;33.000
100081272;33.000
100053326;33.000
41882;33.000
100059296;33.000
100078030;33.000
100016163;33.000
100013671;33.000
100033670;33.000
100015223;33.000
100079507;33.000
100052525;33.000
100080049;33.000
100023355;33.000
73289;33.000
100053551;33.000
100061991;33.000
97166;33.000
53981;33.000
100055630;33.000
100070039;33.000
100021703;33.000
100039039;33.000
87684;32.000
38929;32.000
100081340;32.000
100072000;32.000
100081167;32.000
80084;32.000
100079474;32.000
100060421;32.000
73022;32.000
100082541;32.000
100081218;32.000
98200;32.000
79115;32.000
100068967;32.000
98554;32.000
100049476;32.000
100051334;32.000
100020447;32.000
100016815;32.000
100076649;32.000
56977;32.000
100075213;32.000
100022430;32.000
84474;32.000
36287;32.000
100058880;32.000
100075374;32.000
100037520;32.000
100072677;32.000
100061317;32.000
100079456;32.000
5020;32.000
100075133;32.000
100067556;32.000
100077793;32.000
43287;32.000
100012043;32.000
100073690;32.000
62119;32.000
32258;32.000
100077888;32.000
100060037;32.000
100077442;32.000
53898;32.000
59283;32.000
100020341;32.000
100056405;32.000
100045735;32.000
65510;32.000
100070461;32.000
100019127;32.000
100033666;32.000
100062776;32.000
100078844;32.000
100046889;32.000
100080667;32.000
100079326;32.000
100028818;32.000
100075298;32.000
100057060;32.000
100024319;32.000
100079730;32.000
97283;32.000
85118;32.000
100075127;32.000
100079483;32.000
100066131;32.000
100061892;32.000
100080405;32.000
100016082;32.000
77422;32.000
100077386;32.000
100020318;32.000
77965;32.000
76400;32.000
100035421;32.000
100037297;32.000
100032834;32.000
100028823;32.000
100056506;32.000
100033839;32.000
47819;32.000
52270;32.000
100064629;32.000
100055602;32.000
100079723;32.000
100078956;32.000
91271;32.000
94145;32.000
97867;32.000
100049475;32.000
100076182;32.000
71430;32.000
100033526;32.000
100051064;32.000
95775;32.000
100075597;32.000
100033669;32.000
100054909;32.000
26370;32.000
100072444;32.000
100075277;32.000
100061123;32.000
100051143;32.000
100081749;32.000
100072442;32.000
69081;32.000
100078762;32.000
100065922;32.000
100073224;32.000
100056764;32.000
80724;32.000
100081079;32.000
59254;32.000
100067115;32.000
100077346;32.000
100057266;32.000
100056533;32.000
100074835;32.000
100069300;32.000
100060075;32.000
97790;32.000
100016240;32.000
100043446;32.000
100038552;32.000
100080379;32.000
100079284;32.000
100065929;32.000
94600;32.000
100055142;32.000
100070044;32.000
100016558;32.000
89041;32.000
100073269;32.000
100072246;32.000
100080243;32.000
100077330;32.000
100071758;32.000
78255;32.000
100080281;32.000
100078464;32.000
100046270;32.000
100041741;32.000
100049299;32.000
100026262;32.000
100024345;32.000
100035174;32.000
100046824;32.000
100012876;32.000
38411;31.000
38969;31.000
100075440;31.000
100062927;31.000
100047433;31.000
100020858;31.000
100058679;31.000
100026044;31.000
100063125;31.000
82119;31.000
100082542;31.000
100017098;31.000
100016792;31.000
76880;31.000
100078142;31.000
93812;31.000
100064194;31.000
100079324;31.000
75652;31.000
100065220;31.000
54097;31.000
100075081;31.000
100049378;31.000
100075676;31.000
100082538;31.000
100077430;31.000
100081770;31.000
100064721;31.000
100063908;31.000
100079485;31.000
100072149;31.000
100077057;31.000
100071840;31.000
100078147;31.000
63638;31.000
100011846;31.000
100037305;31.000
85507;31.000
39972;31.000
100036439;31.000
100020120;31.000
86237;31.000
100034560;31.000
100070336;31.000
88130;31.000
100062026;31.000
100079490;31.000
100011584;31.000
100038612;31.000
100072796;31.000
100075343;31.000
100067298;31.000
100072001;31.000
100068880;31.000
100027137;31.000
100080766;31.000
100078792;31.000
100044950;31.000
100067544;31.000
100041568;31.000
100076796;31.000
100073398;31.000
100080867;31.000
100052003;31.000
100078616;31.000
100021379;31.000
100028268;31.000
100053304;31.000
100047917;31.000
100014934;31.000
100078898;31.000
100073112;31.000
100075167;31.000
100033772;31.000
100074787;31.000
89487;31.000
96059;31.000
95883;31.000
100031065;31.000
100070697;31.000
100058725;31.000
100062240;31.000
100059054;31.000
100074268;31.000
77967;31.000
100055625;31.000
100045073;31.000
100035649;31.000
100041216;31.000
100080632;31.000
100032945;31.000
100042977;31.000
100073696;31.000
25906;31.000
100070005;31.000
100052502;31.000
76402;31.000
100060433;31.000
100061286;31.000
92235;31.000
100069791;31.000
100078920;31.000
97869;31.000
62721;31.000
100076482;31.000
100061457;31.000
100053553;31.000
100056780;31.000
100078085;31.000
100057874;31.000
100034653;31.000
90274;31.000
100030275;31.000
90934;31.000
100061875;31.000
31150;31.000
100081724;31.000
81845;31.000
100078145;31.000
100019333;31.000
54110;31.000
100068456;31.000
73432;31.000
100068275;31.000
100078411;31.000
100036638;31.000
100026691;31.000
100071619;31.000
100067619;31.000
100075478;31.000
78922;31.000
42094;31.000
100031467;31.000
100061894;31.000
100063094;31.000
100024576;31.000
100076054;31.000
89519;31.000
100071350;31.000
100078558;31.000
100012877;31.000
100040127;31.000
100063178;31.000
82172;31.000
100077851;31.000
100046849;31.000
100066148;31.000
100021314;31.000
100064042;31.000
100026175;31.000
100064886;31.000
100077334;31.000
100071785;31.000
90941;31.000
100079009;30.000
100079573;30.000
100080231;30.000
100065135;30.000
100060249;30.000
100075050;30.000
100070462;30.000
76391;30.000
100064742;30.000
100071155;30.000
53626;30.000
100081422;30.000
100031656;30.000
62118;30.000
100033857;30.000
100042085;30.000
100074553;30.000
84489;30.000
54448;30.000
100061575;30.000
87214;30.000
100078773;30.000
100052570;30.000
100080707;30.000
100064927;30.000
100055967;30.000
100070822;30.000
100075874;30.000
100077288;30.000
81050;30.000
100018860;30.000
100021030;30.000
100053170;30.000
100079322;30.000
100052007;30.000
100046741;30.000
90427;30.000
100052498;30.000
100081954;30.000
100077252;30.000
100081166;30.000
100056628;30.000
100078312;30.000
100025310;30.000
100037415;30.000
100051554;30.000
100025804;30.000
100073001;30.000
61878;30.000
100076863;30.000
100081635;30.000
97712;30.000
98558;30.000
100068457;30.000
100068043;30.000
100061463;30.000
100076807;30.000
71896;30.000
68719;30.000
100055681;30.000
100019513;30.000
100041463;30.000
100041940;30.000
100078543;30.000
100080846;30.000
100046276;30.000
100019653;30.000
100072393;30.000
100018908;30.000
71995;30.000
100078945;30.000
100033769;30.000
100072985;30.000
100041464;30.000
100077967;30.000
100063451;30.000
100076071;30.000
100027946;30.000
100038111;30.000
100056865;30.000
100079095;30.000
100048232;30.000
76106;30.000
100017894;30.000
100030777;30.000
100062524;30.000
76097;30.000
89348;30.000
63642;30.000
100066363;30.000
100021477;30.000
100062908;30.000
100079903;30.000
31225;30.000
100081192;30.000
100077398;30.000
100081213;30.000
100079502;30.000
100067426;30.000
84888;30.000
100064993;30.000
70013;30.000
100040968;30.000
55196;30.000
100012998;30.000
100070040;30.000
100030319;30.000
100079514;30.000
100071908;30.000
100077438;30.000
100067607;30.000
45496;30.000
100067932;30.000
100076892;30.000
61993;30.000
100081874;30.000
100056517;30.000
100020870;30.000
100078692;30.000
100077885;30.000
100019498;30.000
100060728;30.000
100082382;30.000
68909;30.000
87130;30.000
100060177;30.000
100053517;30.000
100069125;30.000
84014;30.000
100038109;30.000
100067977;30.000
100055136;30.000
100076285;30.000
100071449;30.000
100075365;30.000
100046588;30.000
100034746;30.000
63153;30.000
100053701;30.000
100079356;30.000
100077476;30.000
100018283;30.000
90167;30.000
100061962;30.000
100080225;29.000
100078922;29.000
92658;29.000
100067439;29.000
100041740;29.000
40900;29.000
100039245;29.000
22;29.000
100017728;29.000
100077322;29.000
52299;29.000
100081334;29.000
100072793;29.000
100075214;29.000
100040642;29.000
100072971;29.000
67561;29.000
61995;29.000
96974;29.000
100043416;29.000
100065592;29.000
100079422;29.000
707;29.000
100059079;29.000
100052004;29.000
100072786;29.000
100052520;29.000
21600;29.000
100017507;29.000
100050537;29.000
100077373;29.000
100078623;29.000
100078480;29.000
100075137;29.000
68859;29.000
100054566;29.000
100050247;29.000
100052488;29.000
100062617;29.000
100078924;29.000
100060171;29.000
100028196;29.000
100048252;29.000
100075932;29.000
100081332;29.000
100021480;29.000
100070041;29.000
100062612;29.000
76380;29.000
100042774;29.000
100069848;29.000
100038522;29.000
55983;29.000
94213;29.000
100081289;29.000
67688;29.000
100073442;29.000
38410;29.000
100071900;29.000
100053296;29.000
100030643;29.000
100072954;29.000
60777;29.000
100016671;29.000
100071654;29.000
100065264;29.000
100076113;29.000
100072802;29.000
55513;29.000
74113;29.000
87777;29.000
44802;29.000
100055668;29.000
96025;29.000
100080969;29.000
100069141;29.000
94677;29.000
88134;29.000
100059982;29.000
100072736;29.000
100070136;29.000
100068212;29.000
100077191;29.000
100072782;29.000
67323;29.000
100062695;29.000
100055315;29.000
100016265;29.000
100081119;29.000
100077547;29.000
100078835;29.000
100063419;29.000
100018251;29.000
100027037;29.000
100065226;29.000
100046854;29.000
100078753;29.000
90847;29.000
100072959;29.000
80778;29.000
75755;29.000
100037959;29.000
100041688;29.000
100062558;29.000
100078591;29.000
4122;29.000
100077317;29.000
100074829;29.000
100073795;29.000
100080072;29.000
100077419;29.000
100058945;29.000
100061167;29.000
100067630;29.000
100082091;29.000
100057969;29.000
100078239;29.000
100012041;29.000
100068052;29.000
100069337;29.000
100061377;29.000
100071348;29.000
100078918;29.000
100041218;29.000
100062652;29.000
100036485;29.000
100076001;29.000
25981;29.000
100082370;29.000
100022650;29.000
100011598;29.000
100078621;29.000
100077946;29.000
100021692;29.000
100059191;29.000
78185;29.000
100074841;29.000
100042985;29.000
100049324;29.000
87210;29.000
76397;29.000
100027662;29.000
91093;29.000
100078890;29.000
100061746;29.000
100061229;29.000
100032932;29.000
100046844;29.000
100053636;29.000
100082157;28.000
100028798;28.000
100046799;28.000
100024276;28.000
100024352;28.000
98413;28.000
100076877;28.000
50956;28.000
100072934;28.000
95431;28.000
100077278;28.000
100082057;28.000
100062628;28.000
100025405;28.000
82783;28.000
46984;28.000
100079330;28.000
100065112;28.000
100057225;28.000
100063073;28.000
100080587;28.000
100069843;28.000
100018037;28.000
100021777;28.000
100071681;28.000
70185;28.000
100053478;28.000
100053680;28.000
100080771;28.000
50553;28.000
100021687;28.000
100067117;28.000
100078155;28.000
100023863;28.000
100076265;28.000
100068044;28.000
100081748;28.000
100053307;28.000
100019635;28.000
24100;28.000
100081098;28.000
100063942;28.000
100064627;28.000
100028855;28.000
100075181;28.000
100071784;28.000
100063227;28.000
100035320;28.000
100058873;28.000
100063945;28.000
100082387;28.000
43777;28.000
100070244;28.000
94144;28.000
100081195;28.000
100062735;28.000
100077285;28.000
100042976;28.000
100011109;28.000
100070966;28.000
100037056;28.000
100077933;28.000
100049477;28.000
100041471;28.000
87808;28.000
100077350;28.000
100046769;28.000
100019650;28.000
100061318;28.000
100041554;28.000
100072739;28.000
100075425;28.000
100077927;28.000
100081264;28.000
100011750;28.000
100074122;28.000
100024854;28.000
100078153;28.000
100016457;28.000
62206;28.000
100079336;28.000
73496;28.000
100017273;28.000
100071860;28.000
91951;28.000
100062020;28.000
100056026;28.000
31226;28.000
100075071;28.000
88118;28.000
100060838;28.000
100039048;28.000
76388;28.000
100069134;28.000
47820;28.000
100071067;28.000
100072565;28.000
100074253;28.000
100067060;28.000
100072945;28.000
100076472;28.000
100021686;28.000
100082081;28.000
100069860;28.000
100024690;28.000
100075355;28.000
100080865;28.000
100061283;28.000
100037295;28.000
100069835;28.000
100064904;28.000
85252;28.000
95872;28.000
100060049;28.000
69378;28.000
100065364;28.000
100016276;28.000
48929;28.000
100047242;28.000
100054098;28.000
100041535;28.000
100074554;28.000
100072405;28.000
100076319;28.000
100078428;28.000
100072231;28.000
100077357;28.000
100052881;28.000
73025;28.000
100080375;28.000
100067677;28.000
100067912;28.000
100044955;28.000
51496;28.000
100055622;28.000
100080730;28.000
100050273;28.000
77370;28.000
100021033;28.000
100079995;28.000
100040346;28.000
100065675;28.000
100057217;28.000
100036491;28.000
100061898;28.000
82024;28.000
100077798;28.000
100046848;28.000
100071760;28.000
100078943;28.000
100038625;28.000
100077368;28.000
100075370;28.000
100065639;28.000
31234;28.000
100063761;28.000
100074326;28.000
100071069;28.000
61731;28.000
100075049;28.000
84300;28.000
100034670;28.000
100020450;28.000
100080487;28.000
100078453;28.000
87613;28.000
100038604;28.000
100061871;28.000
79042;28.000
100033192;28.000
100063659;28.000
100036473;28.000
100077445;28.000
100038614;27.000
81904;27.000
100072438;27.000
5018;27.000
100078463;27.000
100073161;27.000
100016410;27.000
100071011;27.000
100064861;27.000
100080761;27.000
100032763;27.000
100047245;27.000
100060383;27.000
100055965;27.000
100067997;27.000
36985;27.000
100080755;27.000
100051030;27.000
773;27.000
82804;27.000
100077940;27.000
100048012;27.000
100035496;27.000
100010314;27.000
100078795;27.000
100030323;27.000
100078541;27.000
100060430;27.000
100079553;27.000
22378;27.000
100050286;27.000
92246;27.000
100014937;27.000
56470;27.000
100076462;27.000
100047909;27.000
100067896;27.000
100061869;27.000
81907;27.000
100064589;27.000
100067629;27.000
100062589;27.000
100052849;27.000
100077731;27.000
38915;27.000
100082807;27.000
52828;27.000
100070021;27.000
91513;27.000
87157;27.000
100064528;27.000
100064341;27.000
100019704;27.000
100052842;27.000
100053552;27.000
100054754;27.000
100015242;27.000
87768;27.000
100053317;27.000
100012576;27.000
100077372;27.000
100081252;27.000
45783;27.000
91618;27.000
100017259;27.000
100041742;27.000
100074821;27.000
96328;27.000
100068519;27.000
100064710;27.000
100059464;27.000
65486;27.000
50208;27.000
100077962;27.000
100036447;27.000
100011579;27.000
100061319;27.000
96019;27.000
100071468;27.000
100072203;27.000
100040350;27.000
49761;27.000
100056758;27.000
100026723;27.000
100059496;27.000
47704;27.000
90429;27.000
100075888;27.000
100013418;27.000
100072931;27.000
100018846;27.000
100075492;27.000
100010206;27.000
100049923;27.000
100062784;27.000
100065813;27.000
100031649;27.000
91794;27.000
49148;27.000
100074243;27.000
100075942;27.000
100081805;27.000
100076408;27.000
100064888;27.000
84719;27.000
100076444;27.000
100071347;27.000
100052581;27.000
100069968;27.000
100063926;27.000
26747;27.000
100016532;27.000
100077843;27.000
54020;27.000
92007;27.000
31228;27.000
100063791;27.000
100070042;27.000
100067980;27.000
100060495;27.000
100067926;27.000
100072790;27.000
100051817;27.000
87626;27.000
90837;27.000
100014129;27.000
47603;27.000
29532;27.000
100026260;27.000
100079328;27.000
100014132;27.000
100078259;27.000
100078047;27.000
100038601;27.000
100018278;27.000
41902;27.000
100019753;27.000
100019582;27.000
100014033;27.000
100024966;27.000
100055867;27.000
100078555;27.000
91395;27.000
100078742;27.000
87235;27.000
68150;27.000
100046017;27.000
100060455;27.000
100058066;27.000
100074382;27.000
100063665;27.000
100058882;27.000
100062421;27.000
100063961;27.000
100037257;27.000
100047861;27.000
100081335;27.000
100070219;27.000
46305;27.000
90840;27.000
100077839;27.000
100016267;27.000
100066695;27.000
100081366;27.000
100016263;27.000
100077969;27.000
100067408;27.000
24080;27.000
51732;27.000
100063912;27.000
100071685;27.000
100041469;27.000
100034680;27.000
100062759;27.000
100067363;27.000
100075065;27.000
100078585;27.000
94937;27.000
100075748;27.000
35773;27.000
100075751;27.000
100014848;27.000
100058881;27.000
75882;27.000
100070943;26.000
97859;26.000
100031558;26.000
100012955;26.000
100028282;26.000
49149;26.000
100046850;26.000
100055343;26.000
100071828;26.000
100055686;26.000
100055301;26.000
100081686;26.000
100041693;26.000
100020133;26.000
100072252;26.000
100061877;26.000
92100;26.000
100063623;26.000
100025820;26.000
100037366;26.000
100037373;26.000
100075496;26.000
100071333;26.000
100081747;26.000
100044611;26.000
100024003;26.000
100041462;26.000
100022170;26.000
100072713;26.000
100080048;26.000
100078998;26.000
100070513;26.000
100059653;26.000
100068338;26.000
100022564;26.000
100022451;26.000
100065358;26.000
100068296;26.000
100074725;26.000
100039198;26.000
100041429;26.000
100018857;26.000
100070676;26.000
100044610;26.000
100074696;26.000
100057230;26.000
100063045;26.000
79051;26.000
100077262;26.000
100067294;26.000
100038787;26.000
41901;26.000
92701;26.000
100082528;26.000
100065374;26.000
100058130;26.000
100052851;26.000
100064393;26.000
100080227;26.000
100074353;26.000
100059008;26.000
47229;26.000
100082389;26.000
100014119;26.000
100072562;26.000
100054843;26.000
100067686;26.000
100079479;26.000
100049321;26.000
100071622;26.000
40878;26.000
87142;26.000
87173;26.000
100063205;26.000
100062764;26.000
100060146;26.000
75500;26.000
100053325;26.000
100075807;26.000
22276;26.000
100038621;26.000
100081626;26.000
100046834;26.000
100063923;26.000
100039142;26.000
86703;26.000
100024692;26.000
100070382;26.000
100075889;26.000
100074558;26.000
100070688;26.000
74790;26.000
100076188;26.000
100055873;26.000
100064599;26.000
100062130;26.000
100050545;26.000
100053345;26.000
100078542;26.000
92165;26.000
100040353;26.000
100025978;26.000
100014052;26.000
79050;26.000
100076630;26.000
49379;26.000
100062758;26.000
100067986;26.000
5513;26.000
100038108;26.000
100071572;26.000
100076999;26.000
100051336;26.000
100020659;26.000
100032200;26.000
100076178;26.000
100076893;26.000
100077939;26.000
100017033;26.000
100069136;26.000
100019356;26.000
100064776;26.000
100069140;26.000
100071593;26.000
89799;26.000
100081371;26.000
100034741;26.000
100069996;26.000
100078315;26.000
100065920;26.000
100079530;26.000
100026352;26.000
61265;26.000
100081735;26.000
100024353;26.000
44030;26.000
100069120;26.000
100065556;26.000
100056416;26.000
100060196;26.000
100072436;26.000
64216;26.000
43457;26.000
100064872;26.000
100054598;26.000
100075539;26.000
100081384;26.000
100036494;26.000
100069853;26.000
100051860;26.000
100046596;26.000
100021475;26.000
100076177;26.000
100080155;26.000
100053430;26.000
100071831;26.000
100048406;26.000
100034510;26.000
100067365;26.000
100050602;26.000
100058212;26.000
76398;26.000
100080847;26.000
100082079;26.000
100071477;26.000
100067301;26.000
100036477;26.000
100067901;26.000
100063249;26.000
100061702;26.000
100067300;26.000
48092;26.000
100080489;26.000
100046272;26.000
100081771;26.000
100076901;26.000
100055139;26.000
100023505;26.000
100072522;26.000
100030585;26.000
100075090;26.000
100063601;26.000
100071325;26.000
76389;26.000
100077329;25.000
100076679;25.000
100076782;25.000
100022588;25.000
100051771;25.000
100075965;25.000
1648;25.000
100021262;25.000
100076175;25.000
100078260;25.000
100057875;25.000
47083;25.000
95435;25.000
100069858;25.000
100043579;25.000
50663;25.000
100047937;25.000
100045487;25.000
100062924;25.000
100045690;25.000
100079334;25.000
77976;25.000
100053289;25.000
100041951;25.000
100013815;25.000
100077929;25.000
100041744;25.000
100043662;25.000
100032717;25.000
57698;25.000
100016285;25.000
100028870;25.000
100070820;25.000
100070297;25.000
100060441;25.000
100060015;25.000
100021490;25.000
80777;25.000
100056561;25.000
65821;25.000
100056650;25.000
100081398;25.000
100053635;25.000
100055421;25.000
100078156;25.000
100075826;25.000
69865;25.000
100067618;25.000
100071938;25.000
82240;25.000
100076174;25.000
100033789;25.000
51688;25.000
100038342;25.000
89035;25.000
89261;25.000
100060174;25.000
100012935;25.000
100075505;25.000
100074412;25.000
100051050;25.000
76154;25.000
100038181;25.000
100072413;25.000
100061328;25.000
100061339;25.000
64201;25.000
100055363;25.000
100061345;25.000
100075279;25.000
100072809;25.000
100071689;25.000
100077403;25.000
100065227;25.000
100060435;25.000
41905;25.000
100080285;25.000
43387;25.000
100061281;25.000
82668;25.000
100050492;25.000
100068403;25.000
100016272;25.000
100079453;25.000
100064397;25.000
100060100;25.000
100055704;25.000
100072822;25.000
100081194;25.000
100081325;25.000
100060712;25.000
100078764;25.000
100039554;25.000
100012648;25.000
100041290;25.000
100080708;25.000
100046842;25.000
100072137;25.000
59310;25.000
100080394;25.000
100032719;25.000
100078492;25.000
100081795;25.000
100062194;25.000
100078584;25.000
100019719;25.000
100042439;25.000
100065594;25.000
100041300;25.000
100068092;25.000
3828;25.000
100053346;25.000
100014933;25.000
100073316;25.000
100069552;25.000
100082764;25.000
100077803;25.000
100081361;25.000
100077030;25.000
100078194;25.000
100014917;25.000
94606;25.000
100076431;25.000
100044329;25.000
30399;25.000
100060112;25.000
100024439;25.000
100074705;25.000
100074824;25.000
100071464;25.000
100069376;25.000
100052918;25.000
100055654;25.000
100018287;25.000
100041694;25.000
100053001;25.000
100035874;25.000
100078601;25.000
77263;25.000
54984;25.000
100052183;25.000
100060192;25.000
100021313;25.000
100068930;25.000
100078556;25.000
100046852;25.000
100077348;25.000
100024042;25.000
100071594;25.000
100069852;25.000
100055621;25.000
100029497;25.000
100077923;25.000
90166;25.000
100071928;25.000
100048862;25.000
79783;25.000
100078668;25.000
100020150;25.000
100024702;25.000
100057859;25.000
100047099;25.000
100069831;25.000
100069138;25.000
100012889;25.000
100018018;25.000
100061969;25.000
100073404;25.000
100075931;25.000
100077730;25.000
100053677;25.000
97703;25.000
100062537;25.000
55010;25.000
100059414;25.000
100063418;25.000
100070038;25.000
100037135;25.000
100080009;25.000
34655;25.000
100030309;25.000
100022635;25.000
95778;25.000
100019665;25.000
100081585;25.000
78640;25.000
100062119;25.000
100067559;25.000
100061381;25.000
100082356;25.000
67024;25.000
97208;25.000
100071904;25.000
100066265;25.000
100021312;25.000
31493;25.000
100066587;25.000
100076405;25.000
100077212;25.000
100040861;25.000
100079367;25.000
100059248;24.000
100022834;24.000
100060121;24.000
100046651;24.000
92242;24.000
100055821;24.000
100033799;24.000
100067539;24.000
100060426;24.000
100038611;24.000
100072415;24.000
100068406;24.000
100062557;24.000
48076;24.000
100016698;24.000
100022655;24.000
100014282;24.000
100080521;24.000
100080674;24.000
87191;24.000
100029480;24.000
100016523;24.000
100081099;24.000
100075231;24.000
42572;24.000
100010924;24.000
100079158;24.000
100012435;24.000
100076675;24.000
100042081;24.000
77046;24.000
100059627;24.000
76746;24.000
100070003;24.000
100019698;24.000
100014386;24.000
69781;24.000
68554;24.000
100075654;24.000
81378;24.000
100039194;24.000
36719;24.000
100078638;24.000
100054081;24.000
100055692;24.000
100041064;24.000
100075077;24.000
100064578;24.000
100076654;24.000
100074351;24.000
100053316;24.000
100066111;24.000
100080289;24.000
22381;24.000
100077275;24.000
61934;24.000
87295;24.000
100023105;24.000
100077369;24.000
100075262;24.000
100072937;24.000
100077286;24.000
41534;24.000
100065228;24.000
100063611;24.000
100075635;24.000
100021790;24.000
100017892;24.000
100045606;24.000
60928;24.000
100069432;24.000
100011576;24.000
100072946;24.000
55985;24.000
100034660;24.000
100059455;24.000
74112;24.000
100065651;24.000
100068818;24.000
100070735;24.000
100071612;24.000
100074620;24.000
100074735;24.000
100081245;24.000
100029469;24.000
100082384;24.000
100051296;24.000
100034045;24.000
100065302;24.000
100060246;24.000
100071910;24.000
100047335;24.000
100038272;24.000
100059369;24.000
100063100;24.000
97314;24.000
100080248;24.000
100067587;24.000
100022000;24.000
892;24.000
100048875;24.000
100074871;24.000
100072002;24.000
100041743;24.000
100075945;24.000
100045460;24.000
100066154;24.000
100063959;24.000
100067638;24.000
100078154;24.000
100079014;24.000
22677;24.000
100078481;24.000
100060440;24.000
100056767;24.000
72851;24.000
100041110;24.000
100024950;24.000
100045873;24.000
100026699;24.000
100062929;24.000
100048378;24.000
100072378;24.000
100051891;24.000
100049528;24.000
95464;24.000
100064733;24.000
100017670;24.000
98175;24.000
100029537;24.000
100068202;24.000
100070464;24.000
76489;24.000
100080598;24.000
100056752;24.000
100079460;24.000
62485;24.000
100073668;24.000
100064516;24.000
100078216;24.000
100074811;24.000
100077327;24.000
55651;24.000
100070950;24.000
77272;24.000
100079661;24.000
89036;24.000
100037374;24.000
100074284;24.000
100024485;24.000
100069909;24.000
47429;24.000
100014977;24.000
100055624;24.000
100026655;24.000
100080686;24.000
95933;24.000
100045065;24.000
100015338;24.000
100026045;24.000
100077352;24.000
100067635;24.000
100014491;24.000
100027409;24.000
100080491;24.000
29508;24.000
100034062;24.000
100050654;24.000
79136;24.000
100079025;24.000
100055903;24.000
100051897;24.000
100079774;24.000
100081261;24.000
100079728;24.000
100050208;24.000
100081137;24.000
100020014;24.000
100069961;24.000
100064471;24.000
100069834;24.000
100058726;24.000
100055076;24.000
100056022;24.000
100071738;24.000
2761;24.000
100079521;24.000
100065912;23.000
100073022;23.000
100059362;23.000
100033801;23.000
62538;23.000
77068;23.000
100064579;23.000
100024850;23.000
100056424;23.000
100073164;23.000
100081625;23.000
60064;23.000
100019325;23.000
100042300;23.000
46638;23.000
100071227;23.000
90118;23.000
20551;23.000
100076186;23.000
100069591;23.000
89270;23.000
100065547;23.000
100075004;23.000
96445;23.000
100030301;23.000
100072953;23.000
100035251;23.000
92111;23.000
100077737;23.000
100019651;23.000
95881;23.000
85465;23.000
100064053;23.000
100046888;23.000
100075824;23.000
100065362;23.000
100064684;23.000
94870;23.000
85137;23.000
100076261;23.000
100031647;23.000
100081274;23.000
69013;23.000
85613;23.000
100081512;23.000
77454;23.000
100046872;23.000
100048882;23.000
100048239;23.000
100019311;23.000
100074348;23.000
100069857;23.000
100060427;23.000
68706;23.000
100030295;23.000
100049533;23.000
88250;23.000
100081297;23.000
100063121;23.000
100077359;23.000
100072966;23.000
100036203;23.000
100079610;23.000
100078995;23.000
100081241;23.000
100074273;23.000
100081117;23.000
100040262;23.000
100081587;23.000
100069787;23.000
100061862;23.000
71446;23.000
100076951;23.000
100074916;23.000
100023221;23.000
100055830;23.000
86538;23.000
100016701;23.000
100073685;23.000
100016432;23.000
100031500;23.000
100064587;23.000
61994;23.000
100017744;23.000
79044;23.000
100033773;23.000
100081752;23.000
100049662;23.000
100079469;23.000
75647;23.000
100081698;23.000
100071834;23.000
100013804;23.000
100077218;23.000
87216;23.000
38036;23.000
87217;23.000
100055063;23.000
100077039;23.000
28605;23.000
100063922;23.000
80700;23.000
100015005;23.000
68553;23.000
100071999;23.000
82657;23.000
97429;23.000
100020625;23.000
100059740;23.000
100062899;23.000
75753;23.000
100078045;23.000
100037301;23.000
100077221;23.000
100072915;23.000
100041949;23.000
100067596;23.000
100056725;23.000
100063326;23.000
100052531;23.000
100071946;23.000
100065115;23.000
100034298;23.000
100062790;23.000
100073955;23.000
46933;23.000
100079934;23.000
100063634;23.000
100078314;23.000
100076464;23.000
100079364;23.000
100075864;23.000
100062926;23.000
100030430;23.000
100071849;23.000
100031067;23.000
100075974;23.000
100075890;23.000
100041100;23.000
100078527;23.000
54111;23.000
100065703;23.000
100020118;23.000
100051882;23.000
100079488;23.000
100062689;23.000
100080873;23.000
100075406;23.000
89678;23.000
100034608;23.000
100067969;23.000
100075140;23.000
100053748;23.000
100079484;23.000
93577;23.000
100055516;23.000
100065113;23.000
100072550;23.000
100037521;23.000
100025055;23.000
100065168;23.000
100075879;23.000
100070242;23.000
100057259;23.000
100065090;23.000
100080304;23.000
100020921;23.000
87156;23.000
100074393;23.000
100076859;23.000
100062368;23.000
100060012;23.000
100049281;23.000
34654;23.000
100072051;23.000
100061872;23.000
100011663;23.000
100030034;23.000
28618;23.000
100079323;23.000
100062923;23.000
100055589;23.000
100050010;23.000
100047272;23.000
100053099;23.000
100047267;23.000
81919;23.000
100033796;23.000
100072031;23.000
100078424;23.000
100075165;23.000
100076791;23.000
80343;23.000
95071;23.000
54252;23.000
71410;23.000
100080589;23.000
100081990;23.000
100073259;23.000
100073630;23.000
100075607;23.000
100077796;23.000
81010;23.000
100055462;23.000
100065366;23.000
100041207;23.000
100078001;23.000
100022460;23.000
100062631;22.000
26469;22.000
100014850;22.000
100079800;22.000
100077546;22.000
100034748;22.000
100060020;22.000
100077034;22.000
100056521;22.000
87225;22.000
100081725;22.000
100028249;22.000
100065628;22.000
100081520;22.000
100025051;22.000
100042602;22.000
100069130;22.000
100070004;22.000
50099;22.000
100062928;22.000
100028064;22.000
100074758;22.000
100077211;22.000
87746;22.000
100057221;22.000
100075828;22.000
100022773;22.000
100073497;22.000
98070;22.000
100053309;22.000
95927;22.000
100080478;22.000
100026577;22.000
100047093;22.000
64200;22.000
79033;22.000
100074117;22.000
100052783;22.000
100070313;22.000
100053431;22.000
100077492;22.000
100046820;22.000
100021638;22.000
62207;22.000
100076320;22.000
100064683;22.000
100079566;22.000
100051031;22.000
100023669;22.000
100074541;22.000
100078507;22.000
100061279;22.000
100056359;22.000
57957;22.000
100017094;22.000
100020621;22.000
100078081;22.000
100068343;22.000
100027055;22.000
100063417;22.000
100016360;22.000
100069133;22.000
100034658;22.000
100051066;22.000
88773;22.000
100062001;22.000
91991;22.000
100075001;22.000
100052153;22.000
100056421;22.000
100044609;22.000
87821;22.000
95368;22.000
100017061;22.000
100060393;22.000
100032841;22.000
100071326;22.000
100035066;22.000
100077557;22.000
100078685;22.000
100012636;22.000
100070718;22.000
24953;22.000
92744;22.000
100067634;22.000
100075270;22.000
80082;22.000
100053308;22.000
100065230;22.000
100070471;22.000
100079740;22.000
89467;22.000
100056763;22.000
100074813;22.000
100072804;22.000
100020756;22.000
100071892;22.000
100059742;22.000
100042984;22.000
87087;22.000
100050555;22.000
100070378;22.000
100065133;22.000
100063598;22.000
100042544;22.000
92702;22.000
100075063;22.000
100037118;22.000
100069967;22.000
100081527;22.000
100067927;22.000
91670;22.000
72446;22.000
100075567;22.000
100070951;22.000
100065360;22.000
100017301;22.000
100081387;22.000
100029485;22.000
100037304;22.000
100066285;22.000
91948;22.000
100059441;22.000
100069067;22.000
100072229;22.000
100024271;22.000
100036493;22.000
100036559;22.000
100072942;22.000
100071175;22.000
100016513;22.000
100077002;22.000
100030825;22.000
100064200;22.000
76411;22.000
100058801;22.000
100059376;22.000
27846;22.000
100065701;22.000
86416;22.000
100044253;22.000
100080299;22.000
100029494;22.000
100046859;22.000
68860;22.000
100070531;22.000
100062907;22.000
80410;22.000
100079489;22.000
78848;22.000
100040692;22.000
95105;22.000
100062420;22.000
45360;22.000
100020898;22.000
100077391;22.000
100072783;22.000
100077314;22.000
100061581;22.000
100080731;22.000
82784;22.000
100018250;22.000
100071695;22.000
97579;22.000
100034671;22.000
100021493;22.000
100068790;22.000
100050566;22.000
69194;22.000
100019666;22.000
100072517;22.000
100075101;22.000
100076801;22.000
100034149;22.000
100073317;22.000
100075554;22.000
100054059;22.000
100071596;22.000
100078099;22.000
100014318;22.000
100074842;22.000
100021764;22.000
100047860;22.000
100072594;22.000
100081139;22.000
100077886;22.000
100023958;22.000
100059373;22.000
100065652;22.000
100060034;22.000
100046376;22.000
100079670;22.000
100076203;22.000
100018166;22.000
100067445;22.000
100075877;22.000
92949;22.000
100064626;22.000
96051;21.000
77338;21.000
82786;21.000
100082954;21.000
100052869;21.000
100046840;21.000
74971;21.000
100061385;21.000
100056457;21.000
100024894;21.000
100065223;21.000
100025433;21.000
100081581;21.000
100077741;21.000
100019470;21.000
100065656;21.000
100067440;21.000
87304;21.000
100076960;21.000
76883;21.000
100055053;21.000
100077370;21.000
62160;21.000
100078152;21.000
100044978;21.000
100081262;21.000
100017272;21.000
100053453;21.000
77971;21.000
100075234;21.000
100041063;21.000
31237;21.000
100071203;21.000
100078004;21.000
53696;21.000
24171;21.000
100021489;21.000
71455;21.000
70340;21.000
100065706;21.000
100044423;21.000
100065375;21.000
52420;21.000
100058361;21.000
77337;21.000
100075068;21.000
55271;21.000
100073021;21.000
100034892;21.000
100078157;21.000
100063733;21.000
100075871;21.000
100041099;21.000
100074872;21.000
100080810;21.000
100032111;21.000
100040611;21.000
100064529;21.000
100055631;21.000
93411;21.000
100069922;21.000
29519;21.000
100041149;21.000
100034679;21.000
100062938;21.000
100077728;21.000
100079487;21.000
100055653;21.000
100071907;21.000
84423;21.000
100038550;21.000
86889;21.000
100036486;21.000
100068885;21.000
100075078;21.000
79049;21.000
100034667;21.000
100072044;21.000
100075547;21.000
100019652;21.000
100055825;21.000
57983;21.000
100065702;21.000
100077738;21.000
59220;21.000
100049549;21.000
100081175;21.000
89040;21.000
100053300;21.000
100065101;21.000
100021392;21.000
82790;21.000
100080866;21.000
100022424;21.000
100078612;21.000
100024948;21.000
100066841;21.000
100082414;21.000
100039471;21.000
90256;21.000
37453;21.000
66368;21.000
100055122;21.000
100078500;21.000
100044497;21.000
100068958;21.000
100059367;21.000
100030638;21.000
100065229;21.000
100063919;21.000
100066590;21.000
85121;21.000
100077382;21.000
100081395;21.000
100075611;21.000
100056771;21.000
100045413;21.000
100028250;21.000
100023097;21.000
100053554;21.000
100027045;21.000
89352;21.000
100076480;21.000
100019381;21.000
100075072;21.000
100050110;21.000
100075570;21.000
100075765;21.000
100074217;21.000
100081572;21.000
100075555;21.000
100078488;21.000
100079589;21.000
100049289;21.000
100050888;21.000
100041586;21.000
100082416;21.000
100070799;21.000
51571;21.000
52105;21.000
100068286;21.000
100045595;21.000
47430;21.000
100059743;21.000
100076498;21.000
100064899;21.000
100075639;21.000
100025402;21.000
100074833;21.000
65322;21.000
100076059;21.000
100081423;21.000
100070949;21.000
100070210;21.000
100027661;21.000
100070301;21.000
100056423;21.000
75781;21.000
100018056;21.000
100051029;21.000
100078521;21.000
100069137;21.000
100077050;21.000
100079134;21.000
100050493;21.000
100080019;21.000
100080571;21.000
100067542;21.000
98271;21.000
100034721;21.000
100047619;21.000
100068889;21.000
100063165;21.000
100012650;21.000
100078049;21.000
100077555;21.000
100079465;21.000
85599;21.000
100072737;21.000
100069104;21.000
100043660;21.000
100074856;21.000
100081405;21.000
87177;21.000
100075590;21.000
100019681;21.000
100069828;21.000
100077259;21.000
81920;21.000
100056762;21.000
100024575;21.000
100016259;21.000
100064460;21.000
100021315;21.000
77598;21.000
100077324;21.000
100067725;21.000
100078246;21.000
100081386;21.000
100079202;21.000
100072759;21.000
100062665;21.000
100062127;21.000
100079212;21.000
100071901;21.000
98680;21.000
100073268;21.000
95107;21.000
100076712;21.000
100063679;21.000
100033973;21.000
100045075;21.000
100030324;21.000
82805;21.000
68457;21.000
92067;21.000
100046822;21.000
100038785;21.000
100063766;20.000
60085;20.000
100046826;20.000
87461;20.000
100057506;20.000
100075008;20.000
100063748;20.000
100076242;20.000
76274;20.000
100067841;20.000
100045644;20.000
100062426;20.000
100060491;20.000
100069592;20.000
100077249;20.000
100055905;20.000
100038731;20.000
100050891;20.000
100022429;20.000
100078084;20.000
63632;20.000
60759;20.000
100078469;20.000
100018276;20.000
100067436;20.000
100078143;20.000
98061;20.000
100075766;20.000
54722;20.000
95106;20.000
100019331;20.000
100037943;20.000
100060442;20.000
68866;20.000
75754;20.000
100055054;20.000
41879;20.000
100072815;20.000
100015321;20.000
51728;20.000
100060308;20.000
100067020;20.000
100072943;20.000
100078944;20.000
100061853;20.000
100017750;20.000
100072268;20.000
76383;20.000
100082114;20.000
100040865;20.000
100053694;20.000
100076819;20.000
76356;20.000
100040081;20.000
92238;20.000
100019350;20.000
29533;20.000
100079017;20.000
100054912;20.000
100039555;20.000
100054746;20.000
100068460;20.000
100020748;20.000
100074830;20.000
100041415;20.000
100079704;20.000
100077481;20.000
100077548;20.000
100074361;20.000
100020736;20.000
100070993;20.000
100052839;20.000
100079720;20.000
100033846;20.000
100078501;20.000
100072679;20.000
100056675;20.000
90937;20.000
51617;20.000
100057396;20.000
100037528;20.000
100051979;20.000
100078801;20.000
100066356;20.000
100046882;20.000
100052500;20.000
84422;20.000
100038112;20.000
62404;20.000
100072423;20.000
100067507;20.000
100075275;20.000
100062356;20.000
100081577;20.000
100074782;20.000
100023927;20.000
100079468;20.000
100049535;20.000
100070714;20.000
52257;20.000
100022046;20.000
97775;20.000
100077801;20.000
100061282;20.000
100071861;20.000
100076465;20.000
53982;20.000
100080951;20.000
100070291;20.000
100073671;20.000
100078407;20.000
100065901;20.000
100067882;20.000
100046147;20.000
100018161;20.000
100051056;20.000
100070994;20.000
100061455;20.000
62145;20.000
100078497;20.000
100016162;20.000
90844;20.000
100010925;20.000
100068291;20.000
100081345;20.000
100079048;20.000
100047339;20.000
100079671;20.000
100053283;20.000
100079005;20.000
100073823;20.000
100070043;20.000
100078098;20.000
100041961;20.000
90357;20.000
100075094;20.000
100058093;20.000
100032590;20.000
100078694;20.000
100038001;20.000
74807;20.000
100019702;20.000
100013951;20.000
100055950;20.000
100074745;20.000
100060189;20.000
100049254;20.000
100065111;20.000
100057509;20.000
100033876;20.000
100050822;20.000
100057505;20.000
77069;20.000
100061344;20.000
100037402;20.000
100071805;20.000
100054742;20.000
100075007;20.000
77070;20.000
87160;20.000
100063336;20.000
100080582;20.000
100081212;20.000
100078788;20.000
100078829;20.000
100030823;20.000
100051615;20.000
87725;20.000
100063654;20.000
78818;20.000
57965;20.000
2196;20.000
100067455;20.000
100081903;20.000
100030410;20.000
100055872;20.000
100078669;20.000
100020554;20.000
100020919;20.000
100056094;20.000
100081123;20.000
100047562;20.000
100082478;20.000
100014857;20.000
100064603;20.000
100077404;20.000
100064179;20.000
100080121;20.000
100018235;20.000
100062527;20.000
100072757;20.000
100081955;20.000
65691;20.000
48704;20.000
100063914;20.000
100054913;20.000
100069855;20.000
100030822;20.000
84012;20.000
100072957;20.000
67327;20.000
100029193;20.000
100056459;20.000
100038006;20.000
100064970;20.000
100043659;19.000
86472;19.000
100069062;19.000
100019699;19.000
100066589;19.000
53363;19.000
100073511;19.000
100046866;19.000
84467;19.000
32257;19.000
100072595;19.000
100041556;19.000
100060840;19.000
100064912;19.000
100072439;19.000
100077343;19.000
100067998;19.000
100049544;19.000
77969;19.000
100067922;19.000
91567;19.000
100075592;19.000
100041736;19.000
100078763;19.000
100041720;19.000
100052863;19.000
100072940;19.000
100073344;19.000
100022463;19.000
100078891;19.000
100032113;19.000
2739;19.000
100038000;19.000
87624;19.000
100033061;19.000
40886;19.000
100082065;19.000
70093;19.000
100065634;19.000
100046831;19.000
86986;19.000
100033582;19.000
100063699;19.000
100082810;19.000
100031422;19.000
100077434;19.000
100067606;19.000
100042813;19.000
100063633;19.000
48971;19.000
100075640;19.000
100041320;19.000
86029;19.000
100071399;19.000
100082543;19.000
100072941;19.000
100077938;19.000
41876;19.000
100051879;19.000
100079044;19.000
100057228;19.000
100048408;19.000
100075881;19.000
100078604;19.000
100078784;19.000
100034827;19.000
100068448;19.000
57954;19.000
100078780;19.000
100048096;19.000
100014856;19.000
100079486;19.000
63639;19.000
21268;19.000
100048757;19.000
100059434;19.000
100075009;19.000
50392;19.000
100017312;19.000
89641;19.000
41935;19.000
100024906;19.000
100040368;19.000
100051179;19.000
66869;19.000
100081333;19.000
100053639;19.000
100078005;19.000
100036443;19.000
100062594;19.000
100079749;19.000
55171;19.000
87874;19.000
100055598;19.000
100072491;19.000
87200;19.000
100049685;19.000
100070987;19.000
100050318;19.000
100074873;19.000
100046599;19.000
100056021;19.000
100064794;19.000
100075548;19.000
100071314;19.000
100056412;19.000
100081165;19.000
100078754;19.000
100051060;19.000
100078161;19.000
100075232;19.000
100071478;19.000
87759;19.000
100079405;19.000
100071178;19.000
100067061;19.000
100049534;19.000
100060526;19.000
100046847;19.000
100049224;19.000
100076079;19.000
100075990;19.000
100066153;19.000
100053679;19.000
100079420;19.000
62537;19.000
100079482;19.000
100062674;19.000
100076246;19.000
100043739;19.000
100057348;19.000
100066518;19.000
100074834;19.000
97509;19.000
100059490;19.000
100049295;19.000
100027947;19.000
100077084;19.000
100043683;19.000
100082409;19.000
100031421;19.000
100043709;19.000
100076639;19.000
82237;19.000
100029483;19.000
100067551;19.000
100081389;19.000
81915;19.000
100078618;19.000
100077773;19.000
53723;19.000
100039383;19.000
100063221;19.000
100075596;19.000
100082193;19.000
100053331;19.000
80642;19.000
100072483;19.000
100070218;19.000
52482;19.000
100024855;19.000
100049532;19.000
46743;19.000
100060373;19.000
100078965;19.000
100070357;19.000
100026855;19.000
100075350;19.000
100064992;19.000
100074220;19.000
100074350;19.000
100010443;19.000
76396;19.000
100075356;19.000
57895;19.000
100042778;19.000
100066747;19.000
100046580;19.000
100077766;19.000
100066722;19.000
100023137;19.000
100065933;19.000
100073490;19.000
100012884;19.000
100071194;19.000
100067995;19.000
100017751;19.000
100026267;19.000
100076413;19.000
100062780;19.000
100035175;19.000
100057152;19.000
100081106;19.000
100070971;19.000
100068978;19.000
100075653;19.000
100077874;19.000
100079398;19.000
100064273;19.000
3992;19.000
100075236;19.000
100025068;19.000
100072370;19.000
100061173;19.000
100079772;19.000
100063179;19.000
100041493;19.000
100064768;19.000
95486;19.000
93173;19.000
73495;19.000
93463;19.000
70179;19.000
100014321;19.000
100082957;19.000
100060417;19.000
100051546;19.000
100059744;19.000
100071830;19.000
69689;19.000
50755;19.000
100077726;19.000
100060172;19.000
100061340;19.000
100076384;19.000
100016488;19.000
22602;19.000
100078674;19.000
100074400;19.000
100045461;19.000
100032282;19.000
100070673;19.000
80561;19.000
100055361;19.000
100055800;19.000
100075638;19.000
82025;19.000
100025979;19.000
83500;19.000
100076634;19.000
100074226;19.000
100076237;19.000
24094;19.000
100034661;19.000
100035250;19.000
100070259;18.000
100081298;18.000
100065721;18.000
100069598;18.000
100071222;18.000
100062555;18.000
100041217;18.000
100068893;18.000
100072754;18.000
100081270;18.000
100075166;18.000
100063321;18.000
100051138;18.000
94215;18.000
100017724;18.000
100081343;18.000
100074210;18.000
100077790;18.000
100080032;18.000
100056769;18.000
42672;18.000
100081947;18.000
100026729;18.000
100012437;18.000
100012885;18.000
100062425;18.000
100041233;18.000
52759;18.000
100015011;18.000
100016277;18.000
62134;18.000
100060525;18.000
100039244;18.000
76735;18.000
100051400;18.000
100067190;18.000
47884;18.000
100081714;18.000
100075076;18.000
100041754;18.000
100061725;18.000
100042604;18.000
100040083;18.000
28450;18.000
100057229;18.000
100056844;18.000
100055651;18.000
85119;18.000
100012872;18.000
100062711;18.000
100060761;18.000
100055125;18.000
100082390;18.000
100074838;18.000
100074557;18.000
100037106;18.000
100076488;18.000
100079217;18.000
87205;18.000
100067407;18.000
100051643;18.000
100050551;18.000
100078498;18.000
100081399;18.000
87155;18.000
100036556;18.000
100016404;18.000
41885;18.000
100079138;18.000
51604;18.000
100076681;18.000
100046835;18.000
100074697;18.000
100062782;18.000
100064717;18.000
77273;18.000
100063913;18.000
82075;18.000
100080844;18.000
100069959;18.000
100071398;18.000
79525;18.000
100072272;18.000
97721;18.000
100080190;18.000
67369;18.000
100063609;18.000
100067239;18.000
100028132;18.000
100051320;18.000
100026350;18.000
100079470;18.000
100075080;18.000
100058179;18.000
64588;18.000
100068886;18.000
100065763;18.000
100067313;18.000
100078832;18.000
100065678;18.000
100070739;18.000
100060191;18.000
100026082;18.000
100063950;18.000
100071905;18.000
100062528;18.000
100051642;18.000
100075274;18.000
97285;18.000
100056041;18.000
100064386;18.000
100079097;18.000
100075098;18.000
100073902;18.000
100043155;18.000
100078457;18.000
100051136;18.000
100034724;18.000
100067903;18.000
100071611;18.000
100029490;18.000
100076988;18.000
100012938;18.000
100059453;18.000
100064051;18.000
100072974;18.000
100071913;18.000
94214;18.000
100061935;18.000
100035838;18.000
100056775;18.000
67325;18.000
100077142;18.000
100056757;18.000
100021485;18.000
100073445;18.000
40902;18.000
87291;18.000
100072857;18.000
100020900;18.000
100077934;18.000
100061376;18.000
100055359;18.000
100049926;18.000
89477;18.000
100050562;18.000
100015003;18.000
100014919;18.000
100073901;18.000
81013;18.000
100067633;18.000
100070094;18.000
100074877;18.000
100030775;18.000
76384;18.000
100071844;18.000
93482;18.000
100024851;18.000
85461;18.000
100077060;18.000
100024501;18.000
100055356;18.000
100016261;18.000
100029493;18.000
98198;18.000
100055431;18.000
100011111;18.000
100067409;18.000
100078316;18.000
87263;18.000
97724;18.000
100055062;18.000
100062446;18.000
100078159;18.000
57890;18.000
69384;18.000
66930;18.000
100075685;18.000
100076605;18.000
100076636;18.000
61938;18.000
35329;18.000
55245;18.000
100059193;18.000
100043282;18.000
100064043;18.000
100057260;18.000
25721;18.000
100072341;18.000
100061808;18.000
100062633;18.000
100081302;18.000
75501;18.000
81024;18.000
100076308;18.000
100062670;18.000
100038138;18.000
95475;18.000
75787;18.000
100063934;18.000
100058069;18.000
86530;18.000
100060424;18.000
100062906;18.000
62700;18.000
100020119;18.000
5017;18.000
100078092;18.000
100076805;18.000
100018420;18.000
100071919;18.000
100080125;18.000
100035909;18.000
100079737;18.000
29520;18.000
100016173;18.000
100053628;18.000
100066057;18.000
42934;18.000
100067898;18.000
92700;18.000
97317;18.000
100077385;18.000
100064088;18.000
100061292;18.000
31238;18.000
100048876;18.000
100056629;18.000
100060076;18.000
73854;18.000
91416;18.000
100070347;18.000
100077344;18.000
100067908;18.000
100061388;18.000
100077215;18.000
100061852;18.000
83021;18.000
100078582;18.000
84469;18.000
100076804;18.000
100014388;18.000
100079091;18.000
100070972;18.000
100074832;18.000
39973;18.000
100072066;18.000
100070944;18.000
100038277;18.000
95262;18.000
100081344;18.000
100053344;18.000
100059456;18.000
74974;18.000
100074792;18.000
86983;18.000
100016280;18.000
100071842;18.000
57959;18.000
100080490;18.000
100024687;18.000
100016220;18.000
100067917;18.000
100078628;18.000
100069600;18.000
100051872;18.000
93011;18.000
100026009;18.000
97619;18.000
100021375;18.000
87234;18.000
100061936;18.000
100071755;17.000
100036645;17.000
100047911;17.000
100051577;17.000
100052267;17.000
21;17.000
100061395;17.000
100056781;17.000
100077539;17.000
100063603;17.000
100078433;17.000
29397;17.000
98675;17.000
100060081;17.000
100077968;17.000
100019637;17.000
100042921;17.000
100028063;17.000
100027845;17.000
100055561;17.000
100074404;17.000
100024228;17.000
100076786;17.000
100055680;17.000
100077247;17.000
100076191;17.000
100033623;17.000
44963;17.000
100046733;17.000
100077972;17.000
100065097;17.000
71488;17.000
100037052;17.000
100017146;17.000
100078549;17.000
100072805;17.000
100040957;17.000
100082085;17.000
100071215;17.000
100029466;17.000
100066466;17.000
100082766;17.000
100078939;17.000
100045871;17.000
100064527;17.000
100016018;17.000
100039382;17.000
100078703;17.000
82811;17.000
100065098;17.000
100074474;17.000
100062697;17.000
47558;17.000
100051886;17.000
100075767;17.000
100014035;17.000
100077762;17.000
100019656;17.000
100021902;17.000
84720;17.000
100063747;17.000
100045872;17.000
100077825;17.000
100050887;17.000
87063;17.000
100070530;17.000
70692;17.000
100050828;17.000
100052540;17.000
100051855;17.000
100061387;17.000
100044090;17.000
100056526;17.000
100034664;17.000
100082953;17.000
100072372;17.000
100063218;17.000
100081707;17.000
100071671;17.000
100075180;17.000
100059435;17.000
100030642;17.000
100062593;17.000
100067840;17.000
100077000;17.000
100037267;17.000
100077468;17.000
100056759;17.000
100053485;17.000
94915;17.000
100071747;17.000
100052150;17.000
100071854;17.000
100069912;17.000
100081822;17.000
100067386;17.000
100056428;17.000
100064963;17.000
87211;17.000
100080123;17.000
100064285;17.000
49150;17.000
100076976;17.000
95338;17.000
87778;17.000
100064619;17.000
100071428;17.000
76407;17.000
100064962;17.000
100019023;17.000
71431;17.000
100035533;17.000
100034666;17.000
100077564;17.000
100076808;17.000
100055366;17.000
100065171;17.000
100038551;17.000
100059557;17.000
100076802;17.000
100020744;17.000
100040348;17.000
100079621;17.000
100030092;17.000
100016231;17.000
100081172;17.000
100072951;17.000
100069590;17.000
100076037;17.000
100046682;17.000
100021500;17.000
100076426;17.000
100067454;17.000
100046323;17.000
100072139;17.000
40614;17.000
100030165;17.000
71471;17.000
100076646;17.000
100079096;17.000
100063745;17.000
100074880;17.000
100013015;17.000
100069962;17.000
100062675;17.000
100081300;17.000
100034572;17.000
100072247;17.000
100038640;17.000
71472;17.000
100045458;17.000
100076193;17.000
100076632;17.000
100080107;17.000
52256;17.000
100034728;17.000
100082180;17.000
100078233;17.000
100060375;17.000
100079762;17.000
100078708;17.000
100060377;17.000
100076215;17.000
95854;17.000
100065411;17.000
100071667;17.000
100072030;17.000
87813;17.000
100033104;17.000
93172;17.000
100077440;17.000
100014471;17.000
100012436;17.000
76490;17.000
100065988;17.000
58583;17.000
53906;17.000
100066002;17.000
47921;17.000
100059491;17.000
100027663;17.000
100062773;17.000
100069859;17.000
100077483;17.000
100035837;17.000
100067940;17.000
93870;17.000
100012309;17.000
70953;17.000
100078587;17.000
100056743;17.000
100042968;17.000
100071916;17.000
100037282;17.000
100060657;17.000
100060071;17.000
100028608;17.000
100033676;17.000
71445;17.000
100030322;17.000
100017910;17.000
100080567;17.000
100019700;17.000
100030314;17.000
100045470;17.000
83554;17.000
100067593;17.000
100014387;17.000
100052888;17.000
100076138;17.000
97286;17.000
100078562;17.000
87775;17.000
100071230;17.000
100020171;17.000
100059220;17.000
100036451;17.000
100075251;17.000
100024175;17.000
62540;17.000
100026414;17.000
100055907;17.000
100049747;17.000
100061865;17.000
100055114;17.000
80699;17.000
100052880;17.000
100045736;17.000
80449;17.000
100049861;17.000
100069850;17.000
38970;17.000
94706;17.000
97773;17.000
100075135;17.000
100049041;17.000
100072544;17.000
41514;17.000
76104;17.000
74087;17.000
100041925;17.000
100069176;17.000
100064089;17.000
100075949;17.000
87297;17.000
100054079;17.000
100070976;17.000
100078841;17.000
24364;17.000
100040372;17.000
100036643;17.000
100046880;17.000
100060439;17.000
100068459;17.000
80645;17.000
100046137;17.000
100032588;17.000
100075905;17.000
100066585;17.000
57420;17.000
100078537;17.000
69312;17.000
36720;17.000
100077961;17.000
100063946;17.000
100064690;17.000
100019499;17.000
100071731;17.000
100071989;17.000
100034063;17.000
70063;17.000
100079559;17.000
100081240;17.000
100052781;17.000
100023077;17.000
100072391;17.000
100018910;17.000
100031969;17.000
100078553;17.000
100020109;16.000
100046800;16.000
100041609;16.000
100045817;16.000
100017742;16.000
100077733;16.000
100065700;16.000
100063812;16.000
100072944;16.000
87273;16.000
54067;16.000
100077735;16.000
65327;16.000
100043708;16.000
100075737;16.000
100040371;16.000
100051826;16.000
97313;16.000
97911;16.000
100055912;16.000
100050556;16.000
100056430;16.000
87293;16.000
100065653;16.000
100076140;16.000
100078902;16.000
100074994;16.000
100020895;16.000
100067721;16.000
82788;16.000
90829;16.000
100078632;16.000
100062795;16.000
100012942;16.000
100016699;16.000
41877;16.000
100069827;16.000
83798;16.000
100067536;16.000
100075906;16.000
100056754;16.000
100049683;16.000
100062698;16.000
100078779;16.000
100042776;16.000
100078006;16.000
100080493;16.000
100048954;16.000
100072458;16.000
100078097;16.000
100081214;16.000
100082286;16.000
100045319;16.000
100077339;16.000
100073957;16.000
100049671;16.000
100063617;16.000
5134;16.000
100015319;16.000
100051041;16.000
100051061;16.000
100077056;16.000
100075330;16.000
100071800;16.000
100072460;16.000
89496;16.000
100078013;16.000
100029488;16.000
100070817;16.000
67407;16.000
100079595;16.000
77079;16.000
87192;16.000
100043103;16.000
100064500;16.000
100075170;16.000
100017311;16.000
100077549;16.000
87186;16.000
100072343;16.000
100067694;16.000
100052121;16.000
67559;16.000
62536;16.000
100062125;16.000
100078311;16.000
100082952;16.000
100066286;16.000
80646;16.000
100080129;16.000
100058728;16.000
47200;16.000
100077523;16.000
100068719;16.000
100074788;16.000
100067549;16.000
100053302;16.000
100055634;16.000
100010620;16.000
64947;16.000
100016891;16.000
100060659;16.000
100039139;16.000
100028806;16.000
100013031;16.000
100057206;16.000
100060700;16.000
100010209;16.000
100066423;16.000
100079641;16.000
100055604;16.000
100032144;16.000
100077296;16.000
100014130;16.000
100061829;16.000
100071558;16.000
100021481;16.000
100070677;16.000
87184;16.000
87167;16.000
100079694;16.000
100074914;16.000
100060358;16.000
100065543;16.000
100052005;16.000
100064411;16.000
100063900;16.000
100078493;16.000
100056843;16.000
82646;16.000
100065679;16.000
81911;16.000
100046692;16.000
100024874;16.000
100029235;16.000
100080594;16.000
85632;16.000
100061346;16.000
100027659;16.000
57889;16.000
100013573;16.000
100067947;16.000
100046837;16.000
100024873;16.000
100072795;16.000
100078663;16.000
100078538;16.000
100042792;16.000
50761;16.000
100078705;16.000
100077563;16.000
100027489;16.000
100069854;16.000
100034740;16.000
79047;16.000
100065622;16.000
100081025;16.000
100075384;16.000
100076040;16.000
100067240;16.000
100055290;16.000
79734;16.000
90641;16.000
100076971;16.000
95111;16.000
87179;16.000
69379;16.000
100054747;16.000
58767;16.000
65501;16.000
100072463;16.000
100056532;16.000
100046871;16.000
100045593;16.000
100080574;16.000
100065604;16.000
100078593;16.000
100078686;16.000
100064985;16.000
100039364;16.000
100067006;16.000
100018012;16.000
100046236;16.000
100079634;16.000
62715;16.000
100063457;16.000
87288;16.000
87997;16.000
100079133;16.000
100063787;16.000
76250;16.000
100079265;16.000
100066583;16.000
100079909;16.000
100077687;16.000
100062691;16.000
100067951;16.000
100078096;16.000
49517;16.000
100076318;16.000
78639;16.000
100055930;16.000
100034673;16.000
100078797;16.000
100062664;16.000
100077562;16.000
100027741;16.000
100013732;16.000
100056841;16.000
100063092;16.000
100055623;16.000
70197;16.000
100070569;16.000
100068970;16.000
100076604;16.000
100079930;16.000
87172;16.000
100075581;16.000
100059562;16.000
100074979;16.000
87178;16.000
100034743;16.000
72740;16.000
100079594;16.000
100050534;16.000
250;16.000
100010317;16.000
100037197;16.000
95456;16.000
100028159;16.000
57966;16.000
100014314;16.000
100081152;16.000
100071615;16.000
87673;16.000
100078101;16.000
100078138;16.000
57921;16.000
100068064;16.000
39608;16.000
100068576;16.000
100070073;16.000
100080045;16.000
94711;16.000
100024726;16.000
100064793;16.000
100072057;16.000
100068517;16.000
100055061;16.000
100081042;16.000
100042503;16.000
100055584;16.000
100052893;16.000
100020153;16.000
100022409;16.000
100063096;16.000
100011590;16.000
100049377;16.000
100082719;16.000
100043846;16.000
100032589;16.000
100031267;16.000
100066586;16.000
100031785;16.000
100075994;16.000
100065296;16.000
100070968;16.000
100057332;16.000
100031039;16.000
100044125;16.000
100075962;16.000
100047095;16.000
100066588;16.000
85460;16.000
100077984;16.000
100076192;16.000
100056525;16.000
87219;16.000
100070596;16.000
100055055;16.000
100073664;16.000
100070939;16.000
100038657;16.000
100053528;16.000
100066147;16.000
100034656;16.000
100078978;16.000
100015322;16.000
76108;16.000
100054910;16.000
100081196;16.000
100080486;15.000
100065092;15.000
87819;15.000
100072390;15.000
100078495;15.000
100056774;15.000
100067914;15.000
100065007;15.000
100056729;15.000
100056745;15.000
100066117;15.000
100067527;15.000
100063148;15.000
74110;15.000
77592;15.000
100078530;15.000
100064634;15.000
100072640;15.000
100078405;15.000
100080470;15.000
100060144;15.000
100081339;15.000
75759;15.000
40331;15.000
96300;15.000
100069366;15.000
100048778;15.000
100076038;15.000
100064281;15.000
100064283;15.000
100026218;15.000
100022408;15.000
100041920;15.000
100068091;15.000
100051822;15.000
100073320;15.000
100017674;15.000
100067911;15.000
100074414;15.000
100062427;15.000
100046801;15.000
46069;15.000
100019703;15.000
100047094;15.000
100082418;15.000
100069823;15.000
21599;15.000
100044956;15.000
100078679;15.000
100072968;15.000
67022;15.000
77975;15.000
100056191;15.000
100070778;15.000
80463;15.000
100071226;15.000
62544;15.000
100012644;15.000
100063947;15.000
100076631;15.000
100062437;15.000
100070967;15.000
100073709;15.000
100054548;15.000
100039363;15.000
100075987;15.000
100075964;15.000
100035416;15.000
100041950;15.000
100064766;15.000
100082046;15.000
100077486;15.000
100056765;15.000
27943;15.000
100037054;15.000
100050483;15.000
100027131;15.000
100053486;15.000
100046809;15.000
100078721;15.000
100016172;15.000
100055810;15.000
100043447;15.000
100075565;15.000
100010309;15.000
100058062;15.000
100072913;15.000
100060366;15.000
100072833;15.000
100077768;15.000
100011606;15.000
100079662;15.000
100046568;15.000
100062685;15.000
100043102;15.000
84877;15.000
100075971;15.000
100078333;15.000
100070142;15.000
100067188;15.000
100081942;15.000
78093;15.000
100077433;15.000
100052016;15.000
100077884;15.000
100046557;15.000
100064628;15.000
100076276;15.000
100059192;15.000
100075650;15.000
100065806;15.000
100072545;15.000
100038724;15.000
100079207;15.000
100059366;15.000
100067983;15.000
100064898;15.000
100026043;15.000
100074992;15.000
57515;15.000
100070072;15.000
100031592;15.000
100043582;15.000
79116;15.000
100075726;15.000
100075265;15.000
100035099;15.000
100076803;15.000
100077867;15.000
65701;15.000
100012579;15.000
100081299;15.000
100027389;15.000
100072443;15.000
100070319;15.000
100054021;15.000
100080619;15.000
100076650;15.000
100078532;15.000
87464;15.000
82315;15.000
100079477;15.000
96152;15.000
100074825;15.000
100015243;15.000
73649;15.000
100018859;15.000
100017084;15.000
100076173;15.000
100061925;15.000
100051574;15.000
100076851;15.000
4915;15.000
100077824;15.000
100049298;15.000
80662;15.000
73840;15.000
100076267;15.000
100046890;15.000
100021689;15.000
100049382;15.000
100050567;15.000
87165;15.000
100027664;15.000
100015200;15.000
100026654;15.000
100045156;15.000
100067042;15.000
100078205;15.000
100072052;15.000
100072498;15.000
100061248;15.000
100075380;15.000
87128;15.000
100053433;15.000
100071473;15.000
67811;15.000
100070245;15.000
100062639;15.000
100028714;15.000
100015226;15.000
100078842;15.000
100064590;15.000
100062778;15.000
100066424;15.000
100062854;15.000
100044378;15.000
100070761;15.000
100077016;15.000
100063225;15.000
100079949;15.000
100049395;15.000
100078313;15.000
100077323;15.000
100057227;15.000
100075002;15.000
87187;15.000
100059244;15.000
100067231;15.000
100046804;15.000
100041557;15.000
100077771;15.000
100058885;15.000
91987;15.000
100079738;15.000
100040173;15.000
100078218;15.000
100078499;15.000
100069365;15.000
100019326;15.000
34693;15.000
100075938;15.000
100076075;15.000
100051159;15.000
76745;15.000
55973;15.000
86646;15.000
100060305;15.000
95485;15.000
85738;15.000
100069905;15.000
100043169;15.000
100025597;15.000
100064903;15.000
100035238;15.000
95070;15.000
100063599;15.000
100034665;15.000
100072773;15.000
100038572;15.000
100023128;15.000
98516;15.000
100061816;15.000
100078329;15.000
100073211;15.000
100036560;15.000
100057219;15.000
90117;15.000
100067442;15.000
100042919;15.000
98560;15.000
100024386;15.000
100047222;15.000
94179;15.000
100078144;15.000
100020225;15.000
100080479;15.000
96442;15.000
100050535;15.000
100077536;15.000
100072407;15.000
100010650;15.000
100079399;15.000
100075904;15.000
100077966;15.000
100062424;15.000
100034056;15.000
100064058;15.000
100076244;15.000
100041731;15.000
82810;15.000
100069566;15.000
100051043;15.000
100072095;15.000
100078241;15.000
100068070;15.000
100056786;15.000
100050652;15.000
100046860;15.000
100078531;15.000
100056034;15.000
52421;15.000
100075799;15.000
100028920;15.000
100079178;15.000
100047424;15.000
100077219;15.000
100045459;15.000
100015069;15.000
100077413;15.000
100029491;15.000
48922;15.000
100062048;15.000
100080606;15.000
100075390;15.000
100066236;15.000
100022032;15.000
100029582;15.000
100067254;15.000
100073894;15.000
100055515;15.000
100033806;15.000
100064047;15.000
100079002;15.000
100046865;15.000
100065251;15.000
100072202;15.000
100071688;15.000
100050043;15.000
100075652;15.000
100072346;15.000
100017019;15.000
100056626;15.000
100071002;15.000
92118;15.000
100058068;15.000
100031423;15.000
100067164;15.000
100062359;15.000
56617;15.000
100055432;15.000
100080599;15.000
100026728;15.000
100041617;15.000
35982;15.000
60771;15.000
100018249;15.000
100051140;15.000
100041165;15.000
100063936;15.000
100072529;15.000
87749;15.000
100077304;15.000
64009;15.000
100081250;15.000
100080480;15.000
100076095;15.000
76254;15.000
82578;15.000
100050815;15.000
100064621;15.000
100081400;15.000
100059259;15.000
100052151;15.000
95031;14.000
100078327;14.000
100019658;14.000
100015511;14.000
100035529;14.000
100080600;14.000
100020893;14.000
100045822;14.000
100065487;14.000
100075070;14.000
100073665;14.000
100078901;14.000
100076990;14.000
100062525;14.000
100049488;14.000
100064897;14.000
100040062;14.000
76413;14.000
100069131;14.000
100055652;14.000
100068895;14.000
100048028;14.000
100078671;14.000
100071365;14.000
87311;14.000
100028059;14.000
100065636;14.000
100067218;14.000
100061360;14.000
100045153;14.000
100059051;14.000
100022203;14.000
100023357;14.000
100081140;14.000
100044255;14.000
100076239;14.000
100072067;14.000
100041712;14.000
100071549;14.000
100075681;14.000
100066275;14.000
100019714;14.000
100043848;14.000
100051330;14.000
100070494;14.000
100049835;14.000
100014312;14.000
100078709;14.000
100075402;14.000
65326;14.000
100060828;14.000
86643;14.000
57514;14.000
100072680;14.000
100025061;14.000
94150;14.000
4123;14.000
100063480;14.000
100061966;14.000
100082767;14.000
100082092;14.000
100046864;14.000
100053521;14.000
100069740;14.000
100080004;14.000
100046810;14.000
100036655;14.000
100078248;14.000
100065295;14.000
100052855;14.000
68666;14.000
100076816;14.000
100051867;14.000
100071315;14.000
100070381;14.000
100055705;14.000
100080597;14.000
100064987;14.000
100067274;14.000
100054997;14.000
100070066;14.000
100037357;14.000
100071693;14.000
100010619;14.000
76757;14.000
100034716;14.000
100080023;14.000
100072375;14.000
100072956;14.000
100051640;14.000
100065762;14.000
100075383;14.000
61529;14.000
100026698;14.000
87793;14.000
100052782;14.000
87183;14.000
100053519;14.000
100067900;14.000
100075264;14.000
100058796;14.000
100060743;14.000
100080617;14.000
100062781;14.000
100075313;14.000
87051;14.000
100019327;14.000
100014463;14.000
100077551;14.000
100033665;14.000
100064407;14.000
100061692;14.000
74978;14.000
100076442;14.000
100081806;14.000
100073711;14.000
100051990;14.000
100041739;14.000
100034696;14.000
100052848;14.000
100081341;14.000
100055090;14.000
100067631;14.000
90830;14.000
100031047;14.000
62535;14.000
100071353;14.000
100056231;14.000
100070996;14.000
100020622;14.000
100063219;14.000
100052020;14.000
100081688;14.000
100056782;14.000
100082275;14.000
100062832;14.000
100081153;14.000
100030776;14.000
82073;14.000
100046805;14.000
100014036;14.000
100078611;14.000
100080551;14.000
100060357;14.000
100047839;14.000
92105;14.000
87189;14.000
100021316;14.000
100072347;14.000
100051044;14.000
100081392;14.000
89966;14.000
100059320;14.000
27365;14.000
87171;14.000
69192;14.000
100056105;14.000
100045733;14.000
100080279;14.000
100040016;14.000
100014963;14.000
100067591;14.000
100078217;14.000
100049253;14.000
100081301;14.000
100066151;14.000
100078994;14.000
47920;14.000
100045130;14.000
100079584;14.000
100076014;14.000
100063868;14.000
100028277;14.000
100074732;14.000
100070091;14.000
52475;14.000
79138;14.000
100039973;14.000
100079733;14.000
96897;14.000
100079120;14.000
100065689;14.000
100048027;14.000
100017746;14.000
100075891;14.000
100077734;14.000
100012941;14.000
100063775;14.000
100076899;14.000
100064392;14.000
100046836;14.000
85464;14.000
87316;14.000
100061452;14.000
100075533;14.000
100076633;14.000
100078324;14.000
100038727;14.000
100048726;14.000
95866;14.000
100074837;14.000
100062445;14.000
62489;14.000
100081373;14.000
94607;14.000
100077568;14.000
57689;14.000
95108;14.000
100057255;14.000
100068713;14.000
100080584;14.000
49519;14.000
100068369;14.000
100076050;14.000
100080728;14.000
100081189;14.000
100069963;14.000
100076706;14.000
100033946;14.000
100065242;14.000
84016;14.000
59219;14.000
100080581;14.000
100029477;14.000
100071684;14.000
100081509;14.000
100036636;14.000
100071804;14.000
100057218;14.000
77973;14.000
100078614;14.000
100034654;14.000
100029475;14.000
100062651;14.000
69381;14.000
87118;14.000
100072392;14.000
100044247;14.000
100070783;14.000
100070684;14.000
100067501;14.000
100044097;14.000
100034058;14.000
100050004;14.000
100075006;14.000
100072453;14.000
100025371;14.000
57881;14.000
100040322;14.000
100058727;14.000
100055051;14.000
100079215;14.000
100036469;14.000
100071603;14.000
100064289;14.000
100049263;14.000
100060749;14.000
100063666;14.000
100017745;14.000
100077360;14.000
100055954;14.000
100072342;14.000
100069824;14.000
100033664;14.000
100077199;14.000
100068906;14.000
100042972;14.000
100017310;14.000
63641;14.000
75047;14.000
100078456;14.000
100042988;14.000
100027665;14.000
100078020;14.000
100066212;14.000
100065606;14.000
100076294;14.000
100046843;14.000
87289;14.000
100069594;14.000
100081773;14.000
100046845;14.000
100065687;14.000
97426;14.000
100074874;14.000
100047820;14.000
100074733;14.000
100015009;14.000
100061066;14.000
100067781;14.000
100065677;14.000
100055977;14.000
100075013;14.000
100038927;14.000
100078837;14.000
100025976;14.000
100054034;14.000
100049531;14.000
100063131;14.000
100065414;14.000
100059558;14.000
100078700;14.000
63631;14.000
52487;14.000
100012890;14.000
84788;14.000
100063966;14.000
100061044;14.000
100057405;14.000
100079361;14.000
100074826;14.000
81021;14.000
100038784;14.000
86477;14.000
100050439;14.000
100067105;14.000
73429;14.000
100017725;14.000
100064531;14.000
100015983;14.000
85621;14.000
100066166;14.000
100074388;14.000
100067494;14.000
100062925;14.000
100071343;14.000
100070777;14.000
100063245;14.000
78732;14.000
100019645;14.000
100079773;14.000
100078767;14.000
100020555;14.000
86532;14.000
97210;14.000
100038622;14.000
87272;14.000
52419;14.000
100074556;14.000
92015;14.000
100076550;13.000
100062783;13.000
100059371;13.000
100076180;13.000
100064470;13.000
82526;13.000
100079363;13.000
100070130;13.000
100056741;13.000
100077838;13.000
100079586;13.000
100063339;13.000
100077420;13.000
100064050;13.000
100071996;13.000
100022683;13.000
100040922;13.000
87253;13.000
100048249;13.000
39978;13.000
100011136;13.000
100022425;13.000
100081263;13.000
86425;13.000
69162;13.000
100056455;13.000
100075359;13.000
100074559;13.000
87237;13.000
100048877;13.000
100058218;13.000
52422;13.000
100070552;13.000
87166;13.000
100070978;13.000
100052843;13.000
100077466;13.000
100081522;13.000
100056837;13.000
100069171;13.000
100080143;13.000
100043730;13.000
100069741;13.000
100041141;13.000
82787;13.000
100076845;13.000
100079087;13.000
100068876;13.000
100052527;13.000
100019022;13.000
100010686;13.000
100066467;13.000
100055796;13.000
100081524;13.000
100077201;13.000
100064773;13.000
100043847;13.000
100057256;13.000
100053301;13.000
87159;13.000
100041051;13.000
100059652;13.000
100074996;13.000
100063424;13.000
100012845;13.000
100014976;13.000
100063145;13.000
100040864;13.000
100069842;13.000
100049669;13.000
100060306;13.000
100012575;13.000
100020746;13.000
100079088;13.000
100054032;13.000
100012422;13.000
100033635;13.000
100070689;13.000
100067241;13.000
100024708;13.000
100061592;13.000
100081385;13.000
100073233;13.000
98368;13.000
100060781;13.000
100074843;13.000
100017398;13.000
100012951;13.000
100062921;13.000
100046798;13.000
100017749;13.000
100075022;13.000
100034722;13.000
100042922;13.000
100065551;13.000
100069183;13.000
100074555;13.000
100077400;13.000
100071696;13.000
100052265;13.000
100073677;13.000
100073826;13.000
100062713;13.000
100061941;13.000
100053321;13.000
100038618;13.000
100020523;13.000
100070567;13.000
100073135;13.000
100076264;13.000
100072955;13.000
100045848;13.000
93545;13.000
100081174;13.000
100014752;13.000
100070686;13.000
48560;13.000
81905;13.000
100053516;13.000
100055703;13.000
100029581;13.000
100010377;13.000
100046770;13.000
100041958;13.000
96514;13.000
100070774;13.000
100029171;13.000
100053343;13.000
100058596;13.000
100075475;13.000
100043580;13.000
100082277;13.000
100045067;13.000
100065144;13.000
100049658;13.000
100056777;13.000
100030432;13.000
100045037;13.000
100064779;13.000
100047811;13.000
100052152;13.000
100040139;13.000
100064900;13.000
100079515;13.000
100078662;13.000
100072345;13.000
79391;13.000
56471;13.000
100071224;13.000
100054911;13.000
100024088;13.000
100070849;13.000
100070941;13.000
96965;13.000
100018316;13.000
94605;13.000
100046821;13.000
100081128;13.000
100077325;13.000
100072935;13.000
100075903;13.000
100040932;13.000
100060942;13.000
100046768;13.000
100046884;13.000
100057347;13.000
100069825;13.000
100080300;13.000
79781;13.000
100079585;13.000
100027844;13.000
100040374;13.000
100055708;13.000
77504;13.000
100017723;13.000
100081201;13.000
78101;13.000
100076898;13.000
100079234;13.000
100046869;13.000
100065436;13.000
100060061;13.000
100064940;13.000
100075323;13.000
100071000;13.000
100034729;13.000
100046812;13.000
100071906;13.000
100059497;13.000
85469;13.000
81909;13.000
53468;13.000
78186;13.000
100078641;13.000
100054170;13.000
100065502;13.000
100061708;13.000
100077392;13.000
100078526;13.000
100034061;13.000
90960;13.000
95069;13.000
100065071;13.000
100063238;13.000
100031470;13.000
100018058;13.000
100056627;13.000
100031064;13.000
100046652;13.000
100057283;13.000
100053578;13.000
100080568;13.000
100031066;13.000
100079083;13.000
100056624;13.000
96299;13.000
87194;13.000
100081504;13.000
100077001;13.000
100073427;13.000
100060769;13.000
100035034;13.000
100072607;13.000
100035316;13.000
100027843;13.000
100081791;13.000
25510;13.000
100026578;13.000
100076457;13.000
100048833;13.000
100060698;13.000
100020617;13.000
62701;13.000
100056422;13.000
47427;13.000
92995;13.000
100070374;13.000
100076134;13.000
100062694;13.000
100062441;13.000
58952;13.000
94550;13.000
100076849;13.000
100077246;13.000
100053750;13.000
100051559;13.000
100078552;13.000
100072781;13.000
100071180;13.000
100071474;13.000
100014468;13.000
100065640;13.000
100079746;13.000
72401;13.000
100075175;13.000
100075551;13.000
100077821;13.000
100071886;13.000
100043684;13.000
94916;13.000
100067435;13.000
90805;13.000
100075222;13.000
91949;13.000
100055779;13.000
100046856;13.000
100064941;13.000
61984;13.000
100037360;13.000
100077274;13.000
100068797;13.000
86603;13.000
57967;13.000
100065310;13.000
100081627;13.000
100082292;13.000
100060190;13.000
100061086;13.000
100080777;13.000
100071950;13.000
87276;13.000
100062935;13.000
100080605;13.000
100055086;13.000
100081719;13.000
100082674;13.000
100034668;13.000
98270;13.000
100081710;13.000
100073220;13.000
100058063;13.000
100053428;13.000
100074267;13.000
100081578;13.000
100082132;13.000
100079123;13.000
100064353;13.000
100080727;13.000
100079696;13.000
100077338;13.000
100061082;13.000
100080124;13.000
100073897;13.000
78603;13.000
100035025;13.000
95514;13.000
100065998;13.000
100076099;13.000
100073681;13.000
100047338;13.000
100080528;13.000
100065009;13.000
100067196;13.000
100077797;13.000
91953;13.000
100072200;13.000
100066152;13.000
100053642;13.000
85011;13.000
100081316;13.000
100014918;13.000
77339;13.000
100077842;13.000
100064495;13.000
55950;13.000
32844;13.000
100059650;13.000
49067;13.000
100081888;13.000
26570;13.000
100057346;13.000
100066150;13.000
100034720;13.000
100019674;13.000
100033624;13.000
100079576;12.000
100038008;12.000
100056845;12.000
100067611;12.000
48411;12.000
100019332;12.000
100072814;12.000
100078809;12.000
100019596;12.000
100076787;12.000
100065224;12.000
100046815;12.000
100069916;12.000
100046228;12.000
100076397;12.000
100037940;12.000
100038655;12.000
100051316;12.000
100066311;12.000
100064351;12.000
41883;12.000
100080857;12.000
100046607;12.000
100071361;12.000
91092;12.000
100060252;12.000
100075016;12.000
63994;12.000
81756;12.000
100062746;12.000
100047218;12.000
100057341;12.000
73961;12.000
100034320;12.000
100066417;12.000
100082445;12.000
100069775;12.000
100018280;12.000
100021479;12.000
100036508;12.000
100074939;12.000
100047240;12.000
49066;12.000
100074640;12.000
28357;12.000
100073944;12.000
100038114;12.000
100075756;12.000
100056623;12.000
30400;12.000
100069460;12.000
100060254;12.000
100062915;12.000
100047840;12.000
100010944;12.000
100074327;12.000
100071606;12.000
100079703;12.000
100050538;12.000
100077038;12.000
100077280;12.000
100070196;12.000
87180;12.000
100012195;12.000
100076139;12.000
100070737;12.000
100082083;12.000
100016284;12.000
100051312;12.000
75366;12.000
100054565;12.000
100055582;12.000
100013911;12.000
100081337;12.000
100077570;12.000
100070970;12.000
84445;12.000
100061693;12.000
49967;12.000
100030334;12.000
98172;12.000
100076957;12.000
63640;12.000
100081033;12.000
71898;12.000
95116;12.000
100078909;12.000
100040203;12.000
100074962;12.000
100065481;12.000
100065580;12.000
100068007;12.000
67368;12.000
100027945;12.000
100055353;12.000
100076499;12.000
100081108;12.000
100077043;12.000
100082660;12.000
100058668;12.000
100076520;12.000
85601;12.000
97710;12.000
100061289;12.000
100041049;12.000
76247;12.000
100059936;12.000
100062687;12.000
100079370;12.000
100060050;12.000
100075194;12.000
100070615;12.000
100012914;12.000
83600;12.000
100072564;12.000
100066418;12.000
100032281;12.000
100075613;12.000
77964;12.000
100019660;12.000
100078781;12.000
100075139;12.000
100049550;12.000
100045064;12.000
54168;12.000
100049654;12.000
100070383;12.000
100010180;12.000
100018861;12.000
76390;12.000
100079216;12.000
100070061;12.000
100013661;12.000
100069455;12.000
100080024;12.000
100080138;12.000
100076081;12.000
48854;12.000
100076041;12.000
100076855;12.000
100078100;12.000
100081104;12.000
100034053;12.000
100076527;12.000
100017309;12.000
100070977;12.000
100068956;12.000
100019671;12.000
100066591;12.000
100070068;12.000
100080621;12.000
100068481;12.000
87269;12.000
100062849;12.000
100080277;12.000
100069924;12.000
100046858;12.000
100071677;12.000
100079036;12.000
55644;12.000
100016403;12.000
100068379;12.000
100055119;12.000
100067077;12.000
100041959;12.000
100063320;12.000
100026419;12.000
100034293;12.000
100072135;12.000
100066271;12.000
100053522;12.000
55577;12.000
100082618;12.000
100062033;12.000
100020768;12.000
100078510;12.000
100040758;12.000
100079337;12.000
100039475;12.000
100044244;12.000
100063631;12.000
100072779;12.000
100070818;12.000
100067779;12.000
91977;12.000
100075005;12.000
100030293;12.000
100046817;12.000
95112;12.000
100068635;12.000
100028236;12.000
100031471;12.000
100072454;12.000
100067384;12.000
100070685;12.000
100025598;12.000
100075634;12.000
100068792;12.000
100054749;12.000
100057317;12.000
100064067;12.000
100028795;12.000
100073423;12.000
100058879;12.000
100062772;12.000
100056522;12.000
100055650;12.000
100076962;12.000
74304;12.000
98174;12.000
100055612;12.000
100068190;12.000
100068907;12.000
95483;12.000
100071802;12.000
100041957;12.000
100051062;12.000
95461;12.000
100066121;12.000
100041747;12.000
100071845;12.000
100070639;12.000
100073165;12.000
100075075;12.000
100065012;12.000
100076680;12.000
100078279;12.000
100079303;12.000
41884;12.000
100067441;12.000
100041691;12.000
100041552;12.000
100050779;12.000
100029587;12.000
100064054;12.000
100076011;12.000
100062371;12.000
100070696;12.000
100020887;12.000
100055345;12.000
100038339;12.000
100055607;12.000
86644;12.000
100065661;12.000
100049865;12.000
100069997;12.000
100064702;12.000
100072281;12.000
100069739;12.000
100074624;12.000
100050051;12.000
100077032;12.000
100023956;12.000
100038303;12.000
100049527;12.000
100037527;12.000
100019657;12.000
100068826;12.000
100063693;12.000
100073656;12.000
100062972;12.000
100065289;12.000
100041952;12.000
100071750;12.000
100028473;12.000
100060253;12.000
100080770;12.000
53763;12.000
100070651;12.000
100080001;12.000
100031965;12.000
100078483;12.000
100016556;12.000
100052977;12.000
100080249;12.000
100061114;12.000
100076503;12.000
100063047;12.000
100063615;12.000
100069181;12.000
100063483;12.000
100064426;12.000
75078;12.000
47423;12.000
77887;12.000
100039987;12.000
77088;12.000
100040347;12.000
100067595;12.000
100061726;12.000
91130;12.000
100079333;12.000
100015229;12.000
100034659;12.000
100070477;12.000
100075940;12.000
100068337;12.000
100069132;12.000
100052023;12.000
100061464;12.000
100010411;12.000
100079081;12.000
100032762;12.000
100033057;12.000
100046585;12.000
100070022;12.000
100061280;12.000
100079208;12.000
100059568;12.000
100052175;12.000
100055360;12.000
87162;12.000
100062794;12.000
100067467;12.000
100030646;12.000
100044056;12.000
98362;12.000
81908;12.000
100051821;12.000
100064666;12.000
100075100;12.000
100055354;12.000
100067413;12.000
100041760;12.000
100078802;12.000
100061822;12.000
91413;12.000
100072157;12.000
100056784;12.000
100067323;12.000
100076918;12.000
97446;12.000
100046605;12.000
100081390;12.000
100033795;12.000
100076508;12.000
100041763;12.000
100062666;12.000
100065632;12.000
46013;12.000
100076806;12.000
100065684;12.000
95481;12.000
100080488;12.000
94615;12.000
95332;12.000
100046602;12.000
100076517;12.000
100064814;12.000
100060142;12.000
100069771;12.000
100080821;12.000
97805;12.000
94925;12.000
100023080;12.000
100035993;12.000
100067138;12.000
100024484;12.000
100069832;12.000
100069225;12.000
100078683;12.000
100057316;12.000
100053497;12.000
100044835;12.000
100081121;12.000
75779;12.000
100076582;12.000
42039;12.000
100055913;12.000
100068866;12.000
100076411;12.000
40340;12.000
100062954;12.000
100080474;12.000
100069298;12.000
100015000;12.000
100067589;11.000
100082087;11.000
100019646;11.000
100052852;11.000
100067423;11.000
100077379;11.000
100072643;11.000
84786;11.000
100027660;11.000
100063147;11.000
100080762;11.000
87168;11.000
100041695;11.000
87277;11.000
100072450;11.000
100027388;11.000
100045066;11.000
86607;11.000
100080106;11.000
100060917;11.000
100080557;11.000
100062777;11.000
100075609;11.000
100065995;11.000
100040354;11.000
100045847;11.000
100060727;11.000
100035668;11.000
100063209;11.000
100059211;11.000
100065459;11.000
100078972;11.000
100050769;11.000
100065257;11.000
100079366;11.000
59063;11.000
100065805;11.000
100081808;11.000
60339;11.000
100072151;11.000
100069902;11.000
100064271;11.000
100040636;11.000
100076047;11.000
68973;11.000
100056023;11.000
100056373;11.000
100044376;11.000
83647;11.000
100079471;11.000
100073083;11.000
100022034;11.000
100041419;11.000
100026886;11.000
84184;11.000
94762;11.000
100024863;11.000
100068803;11.000
100077987;11.000
100060725;11.000
100075734;11.000
100052021;11.000
100064329;11.000
100050989;11.000
100065139;11.000
100072764;11.000
100074944;11.000
100067432;11.000
100074264;11.000
100041142;11.000
100075612;11.000
100032299;11.000
100073743;11.000
100072359;11.000
100056755;11.000
100044286;11.000
93171;11.000
100048768;11.000
100016717;11.000
100046742;11.000
100044882;11.000
100081211;11.000
94693;11.000
100061084;11.000
100074952;11.000
100023935;11.000
100051871;11.000
100063746;11.000
100060143;11.000
100079649;11.000
100075525;11.000
100063605;11.000
100061684;11.000
100082763;11.000
77590;11.000
98630;11.000
100033615;11.000
100075841;11.000
100075497;11.000
100036204;11.000
100069299;11.000
100073132;11.000
100067166;11.000
100047033;11.000
100020600;11.000
85615;11.000
100045815;11.000
100077875;11.000
100082655;11.000
100065428;11.000
100024836;11.000
100012502;11.000
100010569;11.000
100046881;11.000
100073401;11.000
60338;11.000
100069927;11.000
100078819;11.000
100063114;11.000
43718;11.000
100071613;11.000
100076645;11.000
63326;11.000
100063751;11.000
100037330;11.000
100079528;11.000
100046619;11.000
100050752;11.000
100057143;11.000
100041537;11.000
74859;11.000
100040043;11.000
100059219;11.000
52491;11.000
40298;11.000
100067238;11.000
100046841;11.000
100075827;11.000
100080071;11.000
100060110;11.000
100034711;11.000
100060457;11.000
100057220;11.000
85630;11.000
95482;11.000
100071786;11.000
100064645;11.000
100012229;11.000
100077010;11.000
100074943;11.000
97860;11.000
100065047;11.000
100070222;11.000
100024002;11.000
100071821;11.000
100067598;11.000
100062779;11.000
100056524;11.000
100041956;11.000
100072987;11.000
100035070;11.000
100077276;11.000
100070269;11.000
100078619;11.000
100033469;11.000
100066267;11.000
100069599;11.000
100035121;11.000
100061817;11.000
100070974;11.000
91663;11.000
100020618;11.000
100079695;11.000
100078661;11.000
100079496;11.000
100075095;11.000
48304;11.000
100082088;11.000
100065635;11.000
100062918;11.000
100045814;11.000
100079145;11.000
100066465;11.000
100051754;11.000
100026652;11.000
100077988;11.000
100064792;11.000
100040355;11.000
100081876;11.000
100017729;11.000
100034299;11.000
100076854;11.000
100075310;11.000
45940;11.000
100073134;11.000
100079296;11.000
100069910;11.000
100046578;11.000
57724;11.000
100063810;11.000
100075197;11.000
100066435;11.000
100069781;11.000
100012950;11.000
95476;11.000
100060423;11.000
100078509;11.000
77968;11.000
100067810;11.000
100081047;11.000
100027938;11.000
100042545;11.000
100078331;11.000
100033462;11.000
87252;11.000
100080296;11.000
100080018;11.000
100076117;11.000
100047818;11.000
96899;11.000
100043664;11.000
100013246;11.000
100070886;11.000
72729;11.000
100042599;11.000
100020894;11.000
100035087;11.000
38968;11.000
100073919;11.000
100060045;11.000
100045830;11.000
100081370;11.000
100071475;11.000
100054028;11.000
100077813;11.000
100067014;11.000
100070736;11.000
87769;11.000
100071486;11.000
100029667;11.000
100059625;11.000
100044117;11.000
87163;11.000
100047237;11.000
100040862;11.000
100064878;11.000
100061856;11.000
100024872;11.000
100064920;11.000
100073100;11.000
100015206;11.000
100082086;11.000
100060072;11.000
62727;11.000
100078467;11.000
100075973;11.000
100014851;11.000
100079747;11.000
100033471;11.000
4709;11.000
87794;11.000
100062089;11.000
100042532;11.000
90841;11.000
100055300;11.000
100071941;11.000
100072395;11.000
100060463;11.000
91432;11.000
100067793;11.000
100064288;11.000
100046595;11.000
100079312;11.000
100034307;11.000
100076090;11.000
100064783;11.000
100067800;11.000
100078595;11.000
100074379;11.000
87185;11.000
100067787;11.000
100052871;11.000
100063604;11.000
94602;11.000
100076291;11.000
96032;11.000
100065163;11.000
100055052;11.000
100073213;11.000
55012;11.000
100045981;11.000
100079560;11.000
100049825;11.000
100064535;11.000
100079517;11.000
100079237;11.000
100065236;11.000
80961;11.000
100041955;11.000
100017730;11.000
100075322;11.000
100030036;11.000
100061792;11.000
42038;11.000
100081364;11.000
100024330;11.000
77966;11.000
64016;11.000
100023472;11.000
95072;11.000
100080496;11.000
100078741;11.000
100066421;11.000
100062535;11.000
100082050;11.000
100067163;11.000
100081393;11.000
100079571;11.000
100030305;11.000
67655;11.000
100034719;11.000
66787;11.000
100016232;11.000
100074543;11.000
100046745;11.000
100079090;11.000
100068483;11.000
100066605;11.000
100053330;11.000
100046650;11.000
100078828;11.000
100065658;11.000
100043603;11.000
100065409;11.000
100049552;11.000
100040710;11.000
100031970;11.000
100051737;11.000
64810;11.000
100077775;11.000
100073818;11.000
100031044;11.000
100079421;11.000
100055740;11.000
100073201;11.000
100077059;11.000
48013;11.000
100061830;11.000
78028;11.000
100070938;11.000
100078733;11.000
100020624;11.000
100074015;11.000
100080704;11.000
100054023;11.000
100062523;11.000
98477;11.000
76102;11.000
100081336;11.000
100079409;11.000
100076784;11.000
100079143;11.000
100080476;11.000
100038926;11.000
100066582;11.000
100015047;11.000
100081391;11.000
100073682;11.000
100072234;11.000
100062749;11.000
69767;11.000
100067675;11.000
100064308;11.000
100062634;11.000
100080573;11.000
96058;11.000
100067248;11.000
100064026;11.000
100046813;11.000
100064922;11.000
100069533;11.000
100052584;11.000
96205;11.000
100046792;11.000
100079344;11.000
100041221;11.000
100028247;11.000
100070169;11.000
100021418;11.000
100071631;11.000
100080542;11.000
100073439;11.000
100052022;11.000
48053;11.000
100059423;10.000
100070975;10.000
100064778;10.000
100055347;10.000
100059610;10.000
100066754;10.000
100052856;10.000
82808;10.000
100079022;10.000
87765;10.000
100068253;10.000
100012645;10.000
100034286;10.000
100075526;10.000
100018667;10.000
71592;10.000
100074855;10.000
100070075;10.000
100065799;10.000
100068414;10.000
100034734;10.000
100080495;10.000
100067421;10.000
100058674;10.000
100079430;10.000
100066584;10.000
100077315;10.000
100076460;10.000
54068;10.000
81011;10.000
100057226;10.000
100032350;10.000
100049771;10.000
100073133;10.000
100079607;10.000
100035784;10.000
74111;10.000
100079238;10.000
100065811;10.000
100031048;10.000
100071896;10.000
100041960;10.000
100027235;10.000
100073753;10.000
71078;10.000
100052838;10.000
100059433;10.000
100080465;10.000
100042009;10.000
100048230;10.000
84476;10.000
100041117;10.000
100082280;10.000
100046450;10.000
100052850;10.000
100079643;10.000
100060251;10.000
100063948;10.000
100067839;10.000
100037411;10.000
100063593;10.000
100013802;10.000
76414;10.000
75514;10.000
47922;10.000
100061038;10.000
100049326;10.000
100060002;10.000
100077455;10.000
100070608;10.000
100078659;10.000
90838;10.000
100034060;10.000
100075880;10.000
100061961;10.000
100068383;10.000
100029616;10.000
100070845;10.000
100078785;10.000
94694;10.000
100060234;10.000
100059246;10.000
100064352;10.000
100075738;10.000
100041246;10.000
100082096;10.000
100059823;10.000
100053483;10.000
100027429;10.000
100042843;10.000
100062449;10.000
100063758;10.000
100071400;10.000
100076651;10.000
100077226;10.000
43716;10.000
100033671;10.000
100041696;10.000
100080719;10.000
100069464;10.000
100055166;10.000
100069327;10.000
100080511;10.000
100036483;10.000
98272;10.000
94912;10.000
100069770;10.000
76975;10.000
100081338;10.000
100035917;10.000
100069284;10.000
98361;10.000
100081041;10.000
100071850;10.000
1641;10.000
91496;10.000
88264;10.000
100056055;10.000
100062801;10.000
100072422;10.000
100051318;10.000
100080497;10.000
100017743;10.000
100064488;10.000
100076055;10.000
100018159;10.000
100043207;10.000
100078631;10.000
100047134;10.000
49144;10.000
100070946;10.000
100068796;10.000
100072344;10.000
95410;10.000
100071801;10.000
100026042;10.000
100055082;10.000
100062358;10.000
100058522;10.000
100076060;10.000
100048226;10.000
100034546;10.000
100068756;10.000
100050788;10.000
100065339;10.000
100034718;10.000
76429;10.000
100066113;10.000
68152;10.000
66870;10.000
100081951;10.000
100081147;10.000
100042992;10.000
100073710;10.000
100079667;10.000
100078455;10.000
100073675;10.000
100044327;10.000
64862;10.000
100080051;10.000
100078520;10.000
100023029;10.000
100061298;10.000
100077326;10.000
100065814;10.000
89679;10.000
100056425;10.000
100063714;10.000
100078139;10.000
100065234;10.000
100046333;10.000
100081564;10.000
100066485;10.000
87181;10.000
100059181;10.000
100043741;10.000
57953;10.000
100034742;10.000
100060113;10.000
100074272;10.000
100063471;10.000
100048779;10.000
100065371;10.000
100071342;10.000
100064791;10.000
100053305;10.000
100060244;10.000
51419;10.000
100078253;10.000
100078684;10.000
79059;10.000
79041;10.000
100031606;10.000
87309;10.000
100010751;10.000
100029498;10.000
100041067;10.000
100080871;10.000
100074848;10.000
100075061;10.000
38182;10.000
100077307;10.000
100069044;10.000
100055588;10.000
96057;10.000
80958;10.000
100062489;10.000
100064796;10.000
100034712;10.000
100076473;10.000
100043890;10.000
100046870;10.000
100048975;10.000
100050106;10.000
100079403;10.000
100076161;10.000
100079729;10.000
100070997;10.000
100081342;10.000
100074963;10.000
100036654;10.000
34442;10.000
81735;10.000
100069919;10.000
100074221;10.000
100079408;10.000
100066477;10.000
100076543;10.000
87751;10.000
100068221;10.000
100075418;10.000
100020616;10.000
100064923;10.000
100028287;10.000
100040073;10.000
100080526;10.000
87188;10.000
98475;10.000
100014952;10.000
100078524;10.000
100067775;10.000
100073018;10.000
100061144;10.000
100078007;10.000
100072605;10.000
79681;10.000
100075233;10.000
100036144;10.000
100056921;10.000
100075509;10.000
100055344;10.000
100024272;10.000
100041954;10.000
100056742;10.000
100059605;10.000
100069882;10.000
76650;10.000
100035089;10.000
100066705;10.000
100070254;10.000
100070606;10.000
79406;10.000
100072676;10.000
24236;10.000
70100;10.000
100074024;10.000
100059745;10.000
100076700;10.000
100078328;10.000
36333;10.000
100079664;10.000
100015007;10.000
100051302;10.000
100015063;10.000
100065372;10.000
100075666;10.000
100042993;10.000
100081247;10.000
100038958;10.000
96199;10.000
100012940;10.000
100048764;10.000
100061083;10.000
100074390;10.000
87264;10.000
96327;10.000
100078858;10.000
90852;10.000
100065809;10.000
100075558;10.000
100072841;10.000
100062590;10.000
100062789;10.000
100075357;10.000
100069142;10.000
100040045;10.000
77269;10.000
100013247;10.000
100078158;10.000
100055742;10.000
60065;10.000
100045369;10.000
100081369;10.000
100082931;10.000
100065808;10.000
100063488;10.000
100078847;10.000
100061098;10.000
100080301;10.000
42613;10.000
100022181;10.000
100071692;10.000
100077531;10.000
100034744;10.000
100054590;10.000
100014912;10.000
100067046;10.000
100065235;10.000
100076705;10.000
100044099;10.000
100067705;10.000
100082361;10.000
100073208;10.000
100077864;10.000
100052744;10.000
100051022;10.000
100061738;10.000
100024056;10.000
87750;10.000
100044249;10.000
100063102;10.000
100077998;10.000
100064467;10.000
100057850;10.000
100082955;10.000
100061115;10.000
100069427;10.000
100069776;10.000
100067664;10.000
100080288;10.000
100073794;10.000
100067246;10.000
100075561;10.000
100078318;10.000
100046442;10.000
100065134;10.000
100078074;10.000
100053314;10.000
100080229;10.000
100075569;10.000
100012097;10.000
100061683;10.000
100068884;10.000
81910;10.000
100067422;10.000
100052019;10.000
100070605;10.000
51768;10.000
100070020;10.000
100062987;10.000
100067722;10.000
100034036;10.000
100034715;10.000
100062080;10.000
100018013;10.000
100071812;10.000
100064574;10.000
100055134;10.000
100067005;10.000
85611;10.000
100071687;10.000
100018264;10.000
41907;10.000
100075097;10.000
100080180;10.000
100070201;10.000
100034979;10.000
98189;10.000
100080463;10.000
100063489;10.000
100048256;10.000
100053479;10.000
100080586;10.000
100024942;10.000
87170;10.000
100041953;10.000
100051494;10.000
100076206;10.000
100056778;10.000
100062021;10.000
100072978;10.000
100076693;10.000
100033529;10.000
100063322;10.000
100075771;10.000
91206;10.000
56943;10.000
100061599;10.000
100071803;10.000
100058613;10.000
100079675;10.000
100076432;10.000
100046603;10.000
100043588;10.000
43915;10.000
100078496;10.000
100075192;10.000
100045836;10.000
100075663;10.000
100036244;10.000
100021344;10.000
100031045;10.000
100034050;10.000
100076440;10.000
100023079;10.000
84534;10.000
100071813;10.000
30397;10.000
100063141;10.000
100069873;10.000
100042504;10.000
70191;10.000
100067531;10.000
67560;10.000
100079525;10.000
100070969;10.000
100060734;10.000
100065262;10.000
100079023;10.000
100022699;10.000
100080246;10.000
100076049;10.000
69161;10.000
72745;10.000
100071404;10.000
100069676;10.000
100060068;10.000
89354;10.000
100068273;10.000
100082420;10.000
93546;10.000
100076273;10.000
100056772;10.000
84258;10.000
100064280;10.000
70189;10.000
100076137;10.000
100080021;10.000
100023869;10.000
100058523;10.000
100055627;10.000
100077436;10.000
100044977;10.000
100069720;10.000
100082383;10.000
100061108;10.000
100057231;10.000
100071181;10.000
100051135;10.000
100073808;10.000
100072142;10.000
100014372;10.000
100056186;10.000
100035876;10.000
100072094;10.000
29518;9.000
100080081;9.000
100081891;9.000
96759;9.000
100082345;9.000
100057257;9.000
89079;9.000
100061382;9.000
100046885;9.000
100038623;9.000
100071680;9.000
96314;9.000
100076096;9.000
100046559;9.000
100081889;9.000
100040489;9.000
100074876;9.000
87767;9.000
100063872;9.000
100048206;9.000
100071484;9.000
100081525;9.000
100056756;9.000
100050491;9.000
90634;9.000
100072069;9.000
100034281;9.000
100046597;9.000
100079736;9.000
100071942;9.000
100060837;9.000
100069518;9.000
100062692;9.000
100050560;9.000
100048951;9.000
100079410;9.000
100069648;9.000
100046873;9.000
100031617;9.000
33404;9.000
100069893;9.000
100076985;9.000
100014954;9.000
100080868;9.000
100053167;9.000
100078069;9.000
100073959;9.000
100065854;9.000
100071369;9.000
87755;9.000
100049416;9.000
100079262;9.000
100074415;9.000
100059651;9.000
100067250;9.000
100039920;9.000
100070728;9.000
100064056;9.000
100078471;9.000
85612;9.000
67988;9.000
100070393;9.000
100067484;9.000
100051856;9.000
100071887;9.000
100070619;9.000
100076229;9.000
100052490;9.000
100070753;9.000
65797;9.000
100078262;9.000
64236;9.000
100074378;9.000
100012936;9.000
85922;9.000
100080580;9.000
100065160;9.000
100060413;9.000
100017907;9.000
100051141;9.000
94208;9.000
100058606;9.000
100081753;9.000
100025702;9.000
74789;9.000
96124;9.000
100077533;9.000
100056682;9.000
100017354;9.000
100054031;9.000
100019675;9.000
100061769;9.000
100067523;9.000
100061688;9.000
100061297;9.000
100070186;9.000
100064049;9.000
100062556;9.000
100079725;9.000
100049655;9.000
100053284;9.000
100063630;9.000
100080522;9.000
100067391;9.000
100019668;9.000
100054035;9.000
29399;9.000
100078977;9.000
100034732;9.000
100066075;9.000
100019694;9.000
100055593;9.000
100079018;9.000
100025059;9.000
100071944;9.000
100062401;9.000
100020619;9.000
100061045;9.000
100073475;9.000
100018146;9.000
100027001;9.000
100015010;9.000
100017740;9.000
100075515;9.000
100071939;9.000
100040130;9.000
100075366;9.000
100034282;9.000
100081150;9.000
100037942;9.000
100024856;9.000
46298;9.000
100041985;9.000
100067453;9.000
100064663;9.000
100082477;9.000
100078594;9.000
100080715;9.000
100032661;9.000
100069915;9.000
100069043;9.000
97862;9.000
100053525;9.000
100070933;9.000
100065934;9.000
100079768;9.000
100071853;9.000
40299;9.000
100062737;9.000
100079940;9.000
100081365;9.000
100076164;9.000
100019213;9.000
97435;9.000
100078940;9.000
100034037;9.000
100066410;9.000
100073890;9.000
100030044;9.000
100079775;9.000
100074741;9.000
100060824;9.000
100080575;9.000
100071927;9.000
93054;9.000
100035835;9.000
100024423;9.000
86531;9.000
100048231;9.000
100024865;9.000
100076452;9.000
100079211;9.000
100081689;9.000
100075079;9.000
100074762;9.000
92950;9.000
100035081;9.000
46619;9.000
100079557;9.000
100070377;9.000
100045866;9.000
100068924;9.000
100063785;9.000
100078794;9.000
100066746;9.000
100078503;9.000
100073266;9.000
100053329;9.000
100082188;9.000
100072858;9.000
100058677;9.000
100058061;9.000
100076953;9.000
100074917;9.000
55599;9.000
100061867;9.000
100016548;9.000
100019695;9.000
87193;9.000
100025720;9.000
100046615;9.000
100051300;9.000
36288;9.000
68615;9.000
100074417;9.000
100067141;9.000
100051181;9.000
100032112;9.000
54747;9.000
100054994;9.000
100080291;9.000
26571;9.000
100069780;9.000
100077558;9.000
100055155;9.000
79437;9.000
100078021;9.000
100081799;9.000
100069988;9.000
100053474;9.000
100078704;9.000
100013414;9.000
100078317;9.000
100081501;9.000
100075995;9.000
100077947;9.000
100078184;9.000
100014852;9.000
96053;9.000
100079401;9.000
100051884;9.000
100060376;9.000
100064769;9.000
100040375;9.000
100046827;9.000
100040858;9.000
100053487;9.000
100082419;9.000
100077540;9.000
100068065;9.000
100062542;9.000
100056054;9.000
56616;9.000
100055716;9.000
100073967;9.000
100062706;9.000
100012719;9.000
100057254;9.000
100080739;9.000
100064781;9.000
100051058;9.000
100034258;9.000
100052745;9.000
100077732;9.000
100072777;9.000
100071401;9.000
100079620;9.000
86632;9.000
100070716;9.000
100049422;9.000
100047844;9.000
100058617;9.000
100072872;9.000
78695;9.000
100072644;9.000
100082426;9.000
100065314;9.000
100070719;9.000
100049745;9.000
100064784;9.000
100038972;9.000
100052947;9.000
100068648;9.000
100069530;9.000
100041750;9.000
100073948;9.000
100040638;9.000
87190;9.000
100013577;9.000
100067444;9.000
100070188;9.000
100062088;9.000
100033658;9.000
100068809;9.000
100066422;9.000
100068851;9.000
100024871;9.000
100023597;9.000
100074744;9.000
100079126;9.000
100064387;9.000
100032012;9.000
100056617;9.000
100049619;9.000
100078589;9.000
100068384;9.000
100081290;9.000
100056043;9.000
100019680;9.000
100072767;9.000
100065921;9.000
100041967;9.000
100080503;9.000
60374;9.000
100081313;9.000
100010794;9.000
100041913;9.000
100044375;9.000
79438;9.000
71998;9.000
52263;9.000
100062793;9.000
100063144;9.000
100043194;9.000
100049383;9.000
100067192;9.000
100067522;9.000
52417;9.000
100080583;9.000
100047212;9.000
100081973;9.000
82015;9.000
94918;9.000
100064275;9.000
100064499;9.000
100077567;9.000
100070847;9.000
100021634;9.000
100070187;9.000
100071186;9.000
100079476;9.000
100081205;9.000
100034079;9.000
100035249;9.000
100045171;9.000
100069921;9.000
100045832;9.000
100064765;9.000
100066274;9.000
37055;9.000
100068773;9.000
100061814;9.000
100079045;9.000
100067193;9.000
100078148;9.000
100018162;9.000
100046241;9.000
77268;9.000
100058566;9.000
100059436;9.000
100046609;9.000
100065926;9.000
100030035;9.000
100079529;9.000
100023888;9.000
100065685;9.000
95762;9.000
100028528;9.000
100067890;9.000
100063653;9.000
100073895;9.000
100042969;9.000
100067519;9.000
77077;9.000
100066357;9.000
100075732;9.000
100074626;9.000
100058655;9.000
100045834;9.000
100069145;9.000
100023078;9.000
100047174;9.000
86599;9.000
100043685;9.000
100033837;9.000
100065662;9.000
100070373;9.000
100035077;9.000
100070711;9.000
76748;9.000
100053643;9.000
100034064;9.000
100046449;9.000
100021593;9.000
100012702;9.000
100070253;9.000
100074778;9.000
100043742;9.000
100071748;9.000
100081413;9.000
100081248;9.000
100070256;9.000
100071370;9.000
100056808;9.000
100043190;9.000
100069457;9.000
100079543;9.000
100036666;9.000
100066366;9.000
100068974;9.000
100076980;9.000
100067259;9.000
100073195;9.000
100075744;9.000
100070199;9.000
100046462;9.000
100071683;9.000
94158;9.000
100077761;9.000
100041323;9.000
100046618;9.000
100069105;9.000
100078261;9.000
100049150;9.000
100062600;9.000
80647;9.000
100075621;9.000
100067235;9.000
100075632;9.000
100055085;9.000
100070692;9.000
100044094;9.000
100073822;9.000
100078736;9.000
100074413;9.000
100059506;9.000
100024944;9.000
100078843;9.000
100012939;9.000
84009;9.000
100069773;9.000
100062712;9.000
100056785;9.000
100051824;9.000
100070455;9.000
97716;9.000
100081095;9.000
100072875;9.000
100079056;9.000
100079122;9.000
100066269;9.000
100059406;9.000
100073209;9.000
100081893;9.000
100075976;9.000
100047173;9.000
100030332;9.000
100060309;9.000
100070074;9.000
100055592;9.000
100077045;9.000
100070258;9.000
100079209;9.000
100071662;9.000
100081890;9.000
100074230;9.000
100028671;9.000
100069066;9.000
100077882;9.000
100063071;9.000
100019578;9.000
78696;9.000
100050864;9.000
100082095;9.000
47428;9.000
100069441;9.000
100048253;9.000
100068431;9.000
63490;9.000
100066218;9.000
100038956;9.000
100065815;9.000
78510;9.000
100079311;9.000
100076986;9.000
100070948;9.000
100019662;9.000
100043106;9.000
100051303;9.000
100068636;9.000
100019679;9.000
100066280;9.000
100081161;9.000
100061074;9.000
100062443;9.000
100074761;9.000
100061860;9.000
100042983;9.000
100011589;9.000
76385;9.000
100046441;9.000
100056167;9.000
100079147;9.000
21487;9.000
36593;9.000
100079964;9.000
100035885;9.000
79516;9.000
100080055;9.000
96576;9.000
100019659;9.000
100063616;8.000
100082377;8.000
100057184;8.000
100079431;8.000
100074401;8.000
100067443;8.000
100052566;8.000
100068816;8.000
100050764;8.000
100034268;8.000
100072125;8.000
100081026;8.000
100062914;8.000
100070170;8.000
100018160;8.000
100081135;8.000
41875;8.000
100079404;8.000
100049999;8.000
100032931;8.000
100050003;8.000
100078067;8.000
100043160;8.000
100081514;8.000
100072965;8.000
100068625;8.000
100058650;8.000
100063957;8.000
97771;8.000
100069718;8.000
100073399;8.000
100061861;8.000
100024940;8.000
100080779;8.000
100071690;8.000
100081655;8.000
100034730;8.000
100032943;8.000
100047548;8.000
100043007;8.000
100069778;8.000
100040245;8.000
100057386;8.000
100042841;8.000
100054030;8.000
100039193;8.000
100063894;8.000
100074990;8.000
100060443;8.000
100072404;8.000
100070717;8.000
100080749;8.000
100061041;8.000
100070300;8.000
100065061;8.000
36945;8.000
100045991;8.000
100050847;8.000
100048949;8.000
100035883;8.000
100069999;8.000
100062802;8.000
100055964;8.000
100061143;8.000
100076412;8.000
100079669;8.000
100075604;8.000
100011904;8.000
100051057;8.000
100052237;8.000
100060831;8.000
100050000;8.000
100080468;8.000
100055764;8.000
100072950;8.000
100072840;8.000
100056679;8.000
100078789;8.000
100070610;8.000
100024456;8.000
100077560;8.000
100055133;8.000
100071171;8.000
100066517;8.000
69868;8.000
100030093;8.000
100060839;8.000
100055426;8.000
100055506;8.000
77453;8.000
100069677;8.000
85614;8.000
100056192;8.000
100063610;8.000
100081287;8.000
100081837;8.000
100036703;8.000
100073095;8.000
100077565;8.000
42037;8.000
100037328;8.000
100045983;8.000
100069323;8.000
100069911;8.000
100080535;8.000
100027124;8.000
100071691;8.000
100063721;8.000
100062686;8.000
100041685;8.000
100080464;8.000
64949;8.000
100079734;8.000
100043459;8.000
100041895;8.000
87812;8.000
98177;8.000
100066581;8.000
100066452;8.000
100043902;8.000
100079210;8.000
67558;8.000
100067023;8.000
100070529;8.000
100048979;8.000
100076114;8.000
100068269;8.000
100051469;8.000
100079107;8.000
100046808;8.000
100078673;8.000
100074418;8.000
100075266;8.000
100081291;8.000
100056753;8.000
100080139;8.000
100068873;8.000
100066077;8.000
100075801;8.000
100034294;8.000
51360;8.000
100077760;8.000
100070355;8.000
100057893;8.000
100037100;8.000
100064924;8.000
100064931;8.000
75439;8.000
100079026;8.000
100072521;8.000
100064909;8.000
100067041;8.000
100078474;8.000
100026340;8.000
100070756;8.000
100074405;8.000
100014313;8.000
100068879;8.000
100059454;8.000
100043821;8.000
100061099;8.000
100066742;8.000
100056619;8.000
100034031;8.000
100016293;8.000
100046329;8.000
100043673;8.000
100072059;8.000
77970;8.000
100055424;8.000
100064647;8.000
100053342;8.000
100058659;8.000
100045032;8.000
89554;8.000
100011411;8.000
100081048;8.000
100080769;8.000
100070194;8.000
100025663;8.000
100063622;8.000
100061247;8.000
100077003;8.000
100061103;8.000
100038120;8.000
100042600;8.000
100064199;8.000
100076484;8.000
62646;8.000
100071202;8.000
100056456;8.000
100076299;8.000
100049836;8.000
82795;8.000
82806;8.000
100038725;8.000
100035888;8.000
70070;8.000
100062569;8.000
100081200;8.000
100021362;8.000
100051429;8.000
100081683;8.000
100072294;8.000
100067424;8.000
100066652;8.000
100072744;8.000
87176;8.000
100041964;8.000
100073002;8.000
100068298;8.000
100073090;8.000
100060829;8.000
100068928;8.000
100025580;8.000
52139;8.000
100060992;8.000
100078199;8.000
100081278;8.000
100043735;8.000
100029538;8.000
100078095;8.000
100074407;8.000
100080110;8.000
100019906;8.000
91983;8.000
100061088;8.000
100078536;8.000
100035146;8.000
100060245;8.000
100072803;8.000
100054029;8.000
100075271;8.000
100033473;8.000
100080079;8.000
32252;8.000
100070694;8.000
100065760;8.000
100049682;8.000
100061594;8.000
100049643;8.000
100076036;8.000
100076119;8.000
100061104;8.000
100071166;8.000
64448;8.000
100062672;8.000
79392;8.000
100010581;8.000
100065292;8.000
100058913;8.000
100046887;8.000
100075015;8.000
100052014;8.000
68426;8.000
95724;8.000
46908;8.000
100078804;8.000
100076638;8.000
100072830;8.000
100080676;8.000
100075196;8.000
100026349;8.000
100057751;8.000
100066170;8.000
100055649;8.000
100025719;8.000
100077427;8.000
100068263;8.000
100055137;8.000
100051769;8.000
100076937;8.000
100068910;8.000
100055915;8.000
100069661;8.000
100071909;8.000
100081429;8.000
48150;8.000
100057403;8.000
100074734;8.000
100047936;8.000
100070212;8.000
100074357;8.000
100062660;8.000
100052853;8.000
100067739;8.000
100061180;8.000
100044054;8.000
100072638;8.000
82117;8.000
100082205;8.000
100079766;8.000
100057199;8.000
100081830;8.000
100054018;8.000
100073020;8.000
100056766;8.000
69163;8.000
100070563;8.000
100053756;8.000
100059180;8.000
62534;8.000
100058892;8.000
100041758;8.000
100068313;8.000
100076179;8.000
100075112;8.000
100037333;8.000
100079537;8.000
49327;8.000
54780;8.000
100082653;8.000
100058587;8.000
100042311;8.000
100067533;8.000
100076853;8.000
100052896;8.000
100040072;8.000
100078494;8.000
100075110;8.000
100075564;8.000
100068194;8.000
100082290;8.000
100055722;8.000
100034710;8.000
100071888;8.000
100038728;8.000
100019696;8.000
100030773;8.000
100044273;8.000
100079047;8.000
100078048;8.000
100076145;8.000
100061787;8.000
100080025;8.000
52746;8.000
100058136;8.000
100075869;8.000
100067873;8.000
100062913;8.000
100063095;8.000
100051315;8.000
100065602;8.000
100079426;8.000
100074359;8.000
100041593;8.000
100044256;8.000
100066018;8.000
100059438;8.000
100075649;8.000
100062622;8.000
100080475;8.000
100040863;8.000
100054995;8.000
81014;8.000
100078838;8.000
100048874;8.000
100049826;8.000
100074818;8.000
100075106;8.000
100080540;8.000
100077058;8.000
100079748;8.000
100067718;8.000
100078607;8.000
100067504;8.000
100016425;8.000
100064670;8.000
100082131;8.000
100010312;8.000
100065486;8.000
100042363;8.000
100043681;8.000
100063931;8.000
100071001;8.000
100036579;8.000
39519;8.000
100012937;8.000
100073915;8.000
46243;8.000
81834;8.000
100078200;8.000
100079457;8.000
100035342;8.000
100044315;8.000
90168;8.000
100067319;8.000
100067485;8.000
100071694;8.000
100065094;8.000
100074951;8.000
82807;8.000
23398;8.000
72744;8.000
100035972;8.000
100050880;8.000
100041206;8.000
100069888;8.000
100073695;8.000
100065963;8.000
96443;8.000
100076963;8.000
100080500;8.000
100069214;8.000
100076642;8.000
100068798;8.000
100078782;8.000
100079788;8.000
100028281;8.000
100081282;8.000
100064755;8.000
100056613;8.000
100080537;8.000
86309;8.000
100073402;8.000
100066483;8.000
100081168;8.000
100051620;8.000
100063381;8.000
100074845;8.000
100071902;8.000
100070846;8.000
100037101;8.000
100070177;8.000
100071153;8.000
100068965;8.000
100077216;8.000
100062434;8.000
100063215;8.000
64190;8.000
100014285;8.000
100081941;8.000
100079782;8.000
100034657;8.000
100069978;8.000
100072060;8.000
100071628;8.000
100065021;8.000
100019672;8.000
100068618;8.000
100010617;8.000
63148;8.000
100017024;8.000
81921;8.000
100077308;8.000
100055158;8.000
100061983;8.000
100047726;8.000
100026752;8.000
100074777;8.000
100072448;8.000
100079776;8.000
100030960;8.000
100072153;8.000
100071931;8.000
100026148;8.000
100079371;8.000
100081886;8.000
100071899;8.000
85598;8.000
87175;8.000
100055978;8.000
9;8.000
100065145;8.000
100069946;8.000
100069675;8.000
100055655;8.000
100076535;8.000
100055799;8.000
100078458;8.000
100078263;8.000
100063813;8.000
100079702;8.000
100077209;8.000
100078394;8.000
100082391;8.000
100077351;8.000
84088;8.000
100024707;8.000
100079427;8.000
100076629;8.000
100056926;8.000
98687;8.000
100021419;8.000
100079078;8.000
67329;8.000
100077228;8.000
49187;8.000
100061782;8.000
49475;8.000
90257;8.000
100079291;8.000
100079282;8.000
100079690;8.000
100081858;8.000
100078546;8.000
100067320;8.000
100062676;8.000
100070590;8.000
58426;8.000
87818;8.000
100035438;8.000
59426;8.000
100056051;8.000
100079798;8.000
100077948;8.000
100063105;8.000
100074010;8.000
100048061;8.000
83478;8.000
100069672;8.000
100068266;8.000
100064576;8.000
100043852;8.000
100070669;8.000
100022423;8.000
100049676;8.000
100046825;8.000
100038146;8.000
100034550;8.000
100031043;8.000
100068539;8.000
100076558;8.000
100034274;8.000
100075083;8.000
100022321;8.000
100074861;8.000
100063237;8.000
100044318;8.000
100046628;8.000
100062829;8.000
100064592;8.000
100068390;8.000
100043720;8.000
100069291;8.000
100066745;8.000
100069692;8.000
91950;8.000
100076788;8.000
100054467;8.000
100042307;8.000
100064788;7.000
100066284;7.000
100076647;7.000
100041697;7.000
100070220;7.000
100061730;7.000
100075195;7.000
100077970;7.000
100068915;7.000
100070693;7.000
100068830;7.000
80932;7.000
100064637;7.000
100066240;7.000
100082400;7.000
100053770;7.000
100072141;7.000
100076952;7.000
100047243;7.000
100081506;7.000
100029240;7.000
77343;7.000
100067381;7.000
100064668;7.000
52681;7.000
100075060;7.000
100074646;7.000
100078031;7.000
100069126;7.000
70183;7.000
94763;7.000
100075559;7.000
100053753;7.000
100069926;7.000
100080286;7.000
100076501;7.000
100082475;7.000
100061723;7.000
100040077;7.000
100022546;7.000
100081151;7.000
100082059;7.000
86469;7.000
100080469;7.000
100041065;7.000
100067975;7.000
100063949;7.000
100052841;7.000
100046689;7.000
100030292;7.000
100058002;7.000
94609;7.000
100070683;7.000
97722;7.000
100071943;7.000
100052043;7.000
100056652;7.000
100043817;7.000
100067245;7.000
100055717;7.000
100061101;7.000
100045823;7.000
100061854;7.000
100076123;7.000
100080482;7.000
100043147;7.000
100059488;7.000
100072471;7.000
100014266;7.000
100078466;7.000
100071897;7.000
100081309;7.000
100074396;7.000
100065238;7.000
100076931;7.000
100076946;7.000
100019905;7.000
100080553;7.000
100065969;7.000
76253;7.000
100051063;7.000
100059099;7.000
100033531;7.000
100069054;7.000
100032718;7.000
100066115;7.000
100060317;7.000
100052895;7.000
100078412;7.000
100065069;7.000
100068824;7.000
56618;7.000
100015963;7.000
100022468;7.000
100075586;7.000
100037620;7.000
100066764;7.000
100066226;7.000
86470;7.000
100070311;7.000
100068400;7.000
100067195;7.000
100020896;7.000
100030870;7.000
100058174;7.000
100079770;7.000
100079213;7.000
100028803;7.000
100075775;7.000
100061255;7.000
100055709;7.000
100041205;7.000
93128;7.000
100070573;7.000
86479;7.000
100068718;7.000
100058177;7.000
100053638;7.000
100046614;7.000
100078035;7.000
100070317;7.000
100078627;7.000
100076194;7.000
100060116;7.000
100050762;7.000
100060949;7.000
79508;7.000
100033912;7.000
100068363;7.000
47424;7.000
100028273;7.000
100080933;7.000
100069526;7.000
100041624;7.000
100038007;7.000
52548;7.000
100064094;7.000
100047725;7.000
68317;7.000
100066427;7.000
100078545;7.000
100038747;7.000
100077918;7.000
100080552;7.000
100017732;7.000
100056371;7.000
77080;7.000
100068261;7.000
100043737;7.000
100068883;7.000
100023600;7.000
100030037;7.000
100058279;7.000
97433;7.000
66873;7.000
100071241;7.000
100048112;7.000
100056789;7.000
100015258;7.000
100068638;7.000
100046878;7.000
100051304;7.000
86617;7.000
100078990;7.000
95648;7.000
100076454;7.000
100082374;7.000
100032594;7.000
96151;7.000
100069891;7.000
100051137;7.000
100057408;7.000
100061146;7.000
100076794;7.000
80775;7.000
100024819;7.000
100078299;7.000
95477;7.000
100069901;7.000
100078305;7.000
100068633;7.000
100043722;7.000
62168;7.000
49903;7.000
100067211;7.000
100075516;7.000
100069209;7.000
100036521;7.000
100073231;7.000
100030338;7.000
100037995;7.000
100043812;7.000
100071527;7.000
100069679;7.000
100034731;7.000
100041226;7.000
100043310;7.000
100071559;7.000
100027092;7.000
100053303;7.000
100081376;7.000
100077202;7.000
86533;7.000
100071349;7.000
100058622;7.000
100060222;7.000
100076012;7.000
100081118;7.000
100078301;7.000
100075066;7.000
79405;7.000
76131;7.000
100051618;7.000
85600;7.000
100068301;7.000
100069433;7.000
100045104;7.000
100079724;7.000
100067924;7.000
100050541;7.000
87717;7.000
25997;7.000
100077170;7.000
100072148;7.000
100057189;7.000
100041728;7.000
100079369;7.000
100041282;7.000
100068620;7.000
100024861;7.000
100040275;7.000
100046627;7.000
100041914;7.000
100081531;7.000
93127;7.000
87820;7.000
100060703;7.000
100059990;7.000
100066727;7.000
100066309;7.000
100052526;7.000
97843;7.000
100064640;7.000
100078860;7.000
100081629;7.000
100074775;7.000
100068478;7.000
100065804;7.000
100045883;7.000
100067532;7.000
100074966;7.000
100072892;7.000
100061583;7.000
100075867;7.000
100029679;7.000
87716;7.000
100072531;7.000
100053842;7.000
100033474;7.000
100080052;7.000
100043721;7.000
100067976;7.000
100076155;7.000
100076961;7.000
100061949;7.000
100034267;7.000
100077973;7.000
100062365;7.000
71453;7.000
100080425;7.000
100060634;7.000
100070690;7.000
100080115;7.000
100035341;7.000
100041420;7.000
100073431;7.000
69641;7.000
100014365;7.000
100051841;7.000
100069428;7.000
100081503;7.000
100046629;7.000
100072738;7.000
100079016;7.000
100080432;7.000
100056565;7.000
100034756;7.000
100056744;7.000
100027499;7.000
100035235;7.000
100069772;7.000
100079575;7.000
100069735;7.000
100079103;7.000
87822;7.000
100055351;7.000
100080477;7.000
100050559;7.000
100043443;7.000
100040387;7.000
100068107;7.000
100073206;7.000
100079587;7.000
100049636;7.000
100071210;7.000
100078024;7.000
100045105;7.000
100069690;7.000
100037266;7.000
100082385;7.000
100059095;7.000
100079174;7.000
100056610;7.000
100075223;7.000
100080516;7.000
100050808;7.000
100076711;7.000
100069906;7.000
100079767;7.000
100028772;7.000
100049674;7.000
100069768;7.000
100071200;7.000
100073318;7.000
100078034;7.000
100081497;7.000
100080533;7.000
100075010;7.000
100076562;7.000
100044453;7.000
100074225;7.000
100041915;7.000
100079627;7.000
100046620;7.000
100060750;7.000
100062696;7.000
100077792;7.000
100034295;7.000
100068629;7.000
85010;7.000
100013805;7.000
100050786;7.000
100071487;7.000
100079077;7.000
100071368;7.000
62541;7.000
100067788;7.000
100019701;7.000
100060985;7.000
100075172;7.000
100046846;7.000
100055292;7.000
100021630;7.000
100061085;7.000
100069686;7.000
100080501;7.000
93130;7.000
100080935;7.000
100076848;7.000
100062894;7.000
100022048;7.000
100072758;7.000
100067249;7.000
100074094;7.000
100079666;7.000
100080560;7.000
100059341;7.000
100080020;7.000
100070551;7.000
100075502;7.000
82789;7.000
100062669;7.000
100077528;7.000
100068227;7.000
100073017;7.000
100072419;7.000
100055921;7.000
100077561;7.000
100061081;7.000
100023427;7.000
87328;7.000
100079954;7.000
100061465;7.000
46614;7.000
100069289;7.000
56160;7.000
78334;7.000
100037169;7.000
100074796;7.000
92681;7.000
100071455;7.000
100071635;7.000
100079114;7.000
68655;7.000
100056189;7.000
100077870;7.000
100021380;7.000
100014120;7.000
100065265;7.000
76223;7.000
100065614;7.000
100071876;7.000
100034306;7.000
100078370;7.000
100053606;7.000
100069439;7.000
100071823;7.000
100082352;7.000
72001;7.000
100049457;7.000
100043589;7.000
87199;7.000
47468;7.000
100074844;7.000
100069976;7.000
100033106;7.000
100046612;7.000
100061046;7.000
79407;7.000
96616;7.000
100036598;7.000
100079177;7.000
100071668;7.000
100076551;7.000
100068203;7.000
100077374;7.000
100079698;7.000
31244;7.000
100069953;7.000
100071172;7.000
60810;7.000
100067973;7.000
100080302;7.000
100049322;7.000
100063682;7.000
100061749;7.000
100079597;7.000
97887;7.000
100076941;7.000
100063143;7.000
100080513;7.000
100064190;7.000
100067414;7.000
100064480;7.000
100059608;7.000
100074398;7.000
100071620;7.000
47426;7.000
95358;7.000
100055848;7.000
100050874;7.000
100061757;7.000
100016239;7.000
100070527;7.000
100016253;7.000
63507;7.000
100068805;7.000
100049684;7.000
100077767;7.000
100067402;7.000
100060739;7.000
100080729;7.000
100080932;7.000
100067118;7.000
100043485;7.000
100052941;7.000
100069332;7.000
100022462;7.000
100019103;7.000
87220;7.000
100045732;7.000
100060118;7.000
100079672;7.000
100046775;7.000
100082381;7.000
100079214;7.000
87298;7.000
100082372;7.000
100067475;7.000
100081275;7.000
100079674;7.000
38893;7.000
48310;7.000
100061964;7.000
100055069;7.000
100038950;7.000
100081109;7.000
100061927;7.000
100012167;7.000
100079080;7.000
100059076;7.000
100060392;7.000
100051256;7.000
55249;7.000
100027430;7.000
100070206;7.000
100039138;7.000
100062933;7.000
100048054;7.000
100053319;7.000
100045337;7.000
100074223;7.000
100070214;7.000
100028774;7.000
100046563;7.000
100074993;7.000
100019670;7.000
100080614;7.000
100052459;7.000
100053306;7.000
100069595;7.000
77063;7.000
100071929;7.000
100072831;7.000
71434;7.000
100081829;7.000
100062889;7.000
100081505;7.000
100049673;7.000
100072049;7.000
100058138;7.000
100069951;7.000
100046421;7.000
100062553;7.000
100078523;7.000
100069573;7.000
57072;7.000
51037;7.000
100038945;7.000
76387;7.000
100072080;7.000
100073219;7.000
100059649;7.000
95337;7.000
100080869;7.000
41896;7.000
100081273;7.000
100052889;7.000
100074915;7.000
100020667;7.000
100053488;7.000
100052522;7.000
91985;7.000
100075584;7.000
100071228;7.000
100072358;7.000
100081094;7.000
100066443;7.000
96441;7.000
100054024;7.000
100044436;7.000
100068764;7.000
100055724;7.000
100056615;7.000
87267;7.000
36064;7.000
40615;7.000
98519;7.000
81349;7.000
100056750;7.000
100050435;7.000
100014853;7.000
100078025;7.000
100052586;7.000
100077166;7.000
100054616;7.000
100067801;7.000
100011116;7.000
100056024;7.000
100081308;7.000
100045825;7.000
100071743;7.000
100041003;7.000
92090;7.000
100068470;7.000
100075948;7.000
100074759;7.000
100064837;7.000
100077169;7.000
91474;7.000
100081519;7.000
100063248;7.000
100063612;7.000
100077868;7.000
100019685;7.000
100071581;7.000
100081885;7.000
37167;7.000
100079626;7.000
100014858;7.000
100070157;7.000
100062534;7.000
100058620;7.000
39919;7.000
100048974;7.000
100034137;7.000
100028640;7.000
100059612;7.000
100043885;7.000
100043738;7.000
100067002;7.000
100048364;7.000
100070894;7.000
100037482;7.000
100069064;7.000
100059555;7.000
100078022;7.000
100068758;7.000
100056711;7.000
100055767;7.000
100076602;7.000
100074403;7.000
100062765;7.000
100075809;7.000
100071630;7.000
100068829;7.000
100068220;7.000
100079325;7.000
100069633;7.000
100064287;7.000
100029729;7.000
100062714;7.000
87290;7.000
100050489;7.000
100076939;7.000
100079033;7.000
100078811;7.000
100043727;7.000
100058675;7.000
100076214;7.000
70509;6.000
100076563;6.000
100037994;6.000
100069913;6.000
100063676;6.000
100061928;6.000
100034080;6.000
100051023;6.000
100070023;6.000
100081209;6.000
100063036;6.000
100067346;6.000
100045389;6.000
100074373;6.000
100024506;6.000
100065136;6.000
100055128;6.000
100064398;6.000
67520;6.000
100070380;6.000
100068695;6.000
100061079;6.000
100053406;6.000
100050866;6.000
100075314;6.000
100072480;6.000
100056751;6.000
100065967;6.000
100080393;6.000
100058618;6.000
100068522;6.000
100068137;6.000
100058267;6.000
100044108;6.000
100079527;6.000
100075894;6.000
100058055;6.000
100047179;6.000
76149;6.000
100072484;6.000
100041968;6.000
100022153;6.000
100080726;6.000
100045810;6.000
100055427;6.000
100046561;6.000
100066312;6.000
100043632;6.000
100065751;6.000
100065019;6.000
100056838;6.000
56968;6.000
100076388;6.000
100072543;6.000
100073624;6.000
62513;6.000
77073;6.000
100078539;6.000
100048072;6.000
100018277;6.000
36596;6.000
96977;6.000
100024275;6.000
100050773;6.000
53986;6.000
100069219;6.000
100036207;6.000
100046774;6.000
100014111;6.000
100075403;6.000
100016742;6.000
94093;6.000
100055662;6.000
100022833;6.000
100073200;6.000
100043715;6.000
100054745;6.000
100074949;6.000
100063607;6.000
100074265;6.000
100028757;6.000
29714;6.000
57922;6.000
100024071;6.000
100068435;6.000
100066454;6.000
100069964;6.000
100060848;6.000
100056760;6.000
100080527;6.000
100080531;6.000
100061121;6.000
100077505;6.000
100081416;6.000
100051305;6.000
100067953;6.000
100056233;6.000
100042698;6.000
100051448;6.000
65704;6.000
100054636;6.000
100071753;6.000
100035818;6.000
100069345;6.000
100072597;6.000
100070720;6.000
100081943;6.000
100055083;6.000
100057250;6.000
100053168;6.000
100067497;6.000
100074410;6.000
100072900;6.000
100067843;6.000
100045371;6.000
100069596;6.000
69445;6.000
100016274;6.000
100078504;6.000
100070607;6.000
100050020;6.000
100076580;6.000
100072880;6.000
100071783;6.000
100081367;6.000
100064882;6.000
100072076;6.000
100050267;6.000
100042840;6.000
100082431;6.000
79686;6.000
100080545;6.000
100018164;6.000
80562;6.000
100010631;6.000
100069386;6.000
100030336;6.000
100079711;6.000
100074783;6.000
100044146;6.000
100024061;6.000
100041086;6.000
100080518;6.000
100081414;6.000
100058663;6.000
100077702;6.000
82525;6.000
100066425;6.000
100051523;6.000
87164;6.000
100079186;6.000
46639;6.000
100078644;6.000
100064767;6.000
100067018;6.000
100052503;6.000
100051234;6.000
100037403;6.000
100029583;6.000
77089;6.000
100063130;6.000
67677;6.000
100055350;6.000
100050206;6.000
100041427;6.000
100020123;6.000
100075625;6.000
100065648;6.000
53438;6.000
79507;6.000
100059365;6.000
100076644;6.000
100034292;6.000
100080028;6.000
100070671;6.000
100067437;6.000
100068694;6.000
100077006;6.000
100078198;6.000
100041418;6.000
77595;6.000
100062671;6.000
100046571;6.000
100035887;6.000
100065538;6.000
100075122;6.000
94203;6.000
48367;6.000
100075177;6.000
941;6.000
100045829;6.000
100059556;6.000
100011373;6.000
100010934;6.000
100078406;6.000
100076154;6.000
100055920;6.000
100068392;6.000
100070180;6.000
87064;6.000
100063330;6.000
100069728;6.000
100069578;6.000
100049828;6.000
100066668;6.000
55948;6.000
100058911;6.000
100074254;6.000
100077765;6.000
100072878;6.000
95479;6.000
100068171;6.000
100040392;6.000
100015236;6.000
100065990;6.000
100080572;6.000
100068580;6.000
100060145;6.000
100080396;6.000
100061767;6.000
100070000;6.000
100063155;6.000
100040126;6.000
100017734;6.000
100045734;6.000
100065488;6.000
84685;6.000
100061102;6.000
100058616;6.000
62125;6.000
100062684;6.000
100067949;6.000
100076958;6.000
100082376;6.000
100023957;6.000
100039630;6.000
100065261;6.000
100073999;6.000
100065263;6.000
100056427;6.000
100043600;6.000
100060236;6.000
100078250;6.000
100079085;6.000
100067928;6.000
100050787;6.000
100076509;6.000
100069944;6.000
100046448;6.000
100052780;6.000
60377;6.000
100069593;6.000
100032804;6.000
100079629;6.000
100071730;6.000
100046338;6.000
100050549;6.000
100062798;6.000
100071183;6.000
100079172;6.000
100076297;6.000
100038928;6.000
100062595;6.000
100072554;6.000
64809;6.000
100029499;6.000
100066449;6.000
100045813;6.000
100078103;6.000
100066156;6.000
100046461;6.000
84204;6.000
100063422;6.000
100063169;6.000
100056864;6.000
100068588;6.000
100066123;6.000
95480;6.000
100067844;6.000
100013803;6.000
58043;6.000
55258;6.000
100079383;6.000
100045835;6.000
100067052;6.000
100069774;6.000
100078465;6.000
100035743;6.000
98484;6.000
100017355;6.000
85012;6.000
100058213;6.000
100071253;6.000
540;6.000
100018903;6.000
100070624;6.000
100062792;6.000
100056631;6.000
100080530;6.000
100065259;6.000
100021366;6.000
100055355;6.000
63479;6.000
100064577;6.000
100069950;6.000
97173;6.000
100081628;6.000
100067667;6.000
100028780;6.000
100070298;6.000
100040274;6.000
100067498;6.000
100045329;6.000
100060004;6.000
100081374;6.000
100037524;6.000
100075582;6.000
67221;6.000
100026412;6.000
100033778;6.000
100011544;6.000
100038005;6.000
100056163;6.000
100060729;6.000
100024862;6.000
96430;6.000
97723;6.000
100071726;6.000
100048342;6.000
100066451;6.000
100067693;6.000
100075742;6.000
100031028;6.000
58327;6.000
100010181;6.000
100057059;6.000
29400;6.000
100047563;6.000
100080607;6.000
100072749;6.000
93409;6.000
100015065;6.000
68424;6.000
100070363;6.000
100064415;6.000
100035884;6.000
79583;6.000
100075618;6.000
100078592;6.000
72066;6.000
100076523;6.000
100067791;6.000
100034303;6.000
100061383;6.000
100050213;6.000
100012957;6.000
100067464;6.000
100020059;6.000
100073197;6.000
100077814;6.000
100066420;6.000
100043710;6.000
100079057;6.000
100026315;6.000
100068637;6.000
100076159;6.000
59598;6.000
100063115;6.000
100069047;6.000
100064965;6.000
100068370;6.000
100068511;6.000
100034266;6.000
100070185;6.000
100053644;6.000
100068918;6.000
100065607;6.000
100076394;6.000
100057353;6.000
100070742;6.000
100080430;6.000
2625;6.000
100078015;6.000
100080659;6.000
100058276;6.000
100076097;6.000
100066331;6.000
100076759;6.000
95434;6.000
100038962;6.000
100069103;6.000
100067495;6.000
100014126;6.000
100064942;6.000
80590;6.000
100043008;6.000
100076643;6.000
100081317;6.000
100068358;6.000
100047930;6.000
100040044;6.000
100072547;6.000
100069597;6.000
90828;6.000
100075911;6.000
100073927;6.000
100068209;6.000
100067794;6.000
100061480;6.000
100082428;6.000
100076987;6.000
85009;6.000
100044177;6.000
100035340;6.000
100069664;6.000
72731;6.000
100075784;6.000
100079407;6.000
100040046;6.000
100075517;6.000
100053186;6.000
100068356;6.000
100067433;6.000
100065173;6.000
100016952;6.000
100067755;6.000
100060989;6.000
100046626;6.000
100070599;6.000
100067772;6.000
100029540;6.000
77062;6.000
100059583;6.000
100068487;6.000
100081892;6.000
100051840;6.000
100043105;6.000
100059210;6.000
100070274;6.000
100055688;6.000
69604;6.000
100012434;6.000
100061633;6.000
78158;6.000
100081219;6.000
100072034;6.000
100058271;6.000
100056572;6.000
100070293;6.000
100072113;6.000
83581;6.000
100069688;6.000
100042838;6.000
43532;6.000
100070390;6.000
100079700;6.000
96024;6.000
78702;6.000
100041717;6.000
100077371;6.000
100063638;6.000
100075723;6.000
100079084;6.000
100069212;6.000
100067647;6.000
69434;6.000
100047175;6.000
100069685;6.000
100074345;6.000
100076296;6.000
100011364;6.000
100080705;6.000
100036476;6.000
78535;6.000
100082115;6.000
100066494;6.000
100064642;6.000
100065803;6.000
66858;6.000
100080743;6.000
100068238;6.000
100046286;6.000
100059992;6.000
100020671;6.000
100067388;6.000
100053550;6.000
100017263;6.000
100026770;6.000
100073825;6.000
100064498;6.000
100019683;6.000
100074760;6.000
100040042;6.000
100065691;6.000
100043707;6.000
100047802;6.000
100020127;6.000
100043898;6.000
100024503;6.000
100080510;6.000
46613;6.000
100076083;6.000
87062;6.000
100074431;6.000
100077866;6.000
100075185;6.000
52756;6.000
90701;6.000
100043101;6.000
100076172;6.000
100069382;6.000
100074953;6.000
100069453;6.000
100074765;6.000
100074850;6.000
100044991;6.000
100040352;6.000
100064279;6.000
100077826;6.000
100081511;6.000
100076967;6.000
100072038;6.000
100076574;6.000
100081114;6.000
100072999;6.000
100062653;6.000
100068566;6.000
100021521;6.000
100063858;6.000
100068966;6.000
100010199;6.000
100035244;6.000
100061072;6.000
100059440;6.000
100081667;6.000
100053361;6.000
100056229;6.000
100069883;6.000
86937;6.000
100080569;6.000
100064185;6.000
100017433;6.000
100079923;6.000
100069975;6.000
69401;6.000
100060472;6.000
100078375;6.000
48562;6.000
100064662;6.000
100066157;6.000
100022319;6.000
84475;6.000
85335;6.000
100076531;6.000
100065843;6.000
100079645;6.000
100022684;6.000
100014854;6.000
100074582;6.000
100060218;6.000
100079689;6.000
100020125;6.000
100065650;6.000
100068143;6.000
100080547;6.000
100051151;6.000
100026266;6.000
100076856;6.000
100060223;6.000
100060262;6.000
100066759;6.000
100060918;6.000
100066278;6.000
78690;6.000
100050832;6.000
100070192;6.000
100068115;6.000
100050050;6.000
1074;6.000
100067938;6.000
76905;6.000
98493;6.000
100079658;6.000
100045984;6.000
100068597;6.000
100062860;6.000
100078140;6.000
100069663;6.000
100072114;6.000
100025601;6.000
100048756;6.000
100066436;6.000
100076696;6.000
100034272;6.000
100066250;6.000
100072542;6.000
100019678;6.000
100062431;6.000
100063142;6.000
100074100;6.000
100068262;6.000
100033663;6.000
100074941;6.000
100079393;6.000
100077865;6.000
100051823;6.000
100028775;6.000
100081303;6.000
100074394;6.000
100065376;6.000
93338;6.000
100061709;6.000
100043221;6.000
100075499;6.000
100023232;6.000
100072505;6.000
100071363;6.000
100041749;6.000
100062757;6.000
100076418;6.000
100062699;6.000
100067399;6.000
100060827;6.000
100055299;6.000
100079765;6.000
100076016;6.000
100080029;6.000
100059101;6.000
100080924;6.000
100076181;6.000
100053527;6.000
100075308;6.000
100043170;6.000
86597;6.000
100066438;6.000
100070824;6.000
100053475;6.000
100039863;6.000
100064272;6.000
100041652;6.000
100073129;6.000
100064284;6.000
100060092;6.000
100037196;6.000
100075176;6.000
100074794;6.000
100079709;6.000
100068116;6.000
100065790;6.000
100021632;6.000
100050653;6.000
100062455;6.000
100070722;6.000
100071567;6.000
100058003;6.000
100030872;6.000
100072845;6.000
95661;6.000
78408;6.000
100080517;6.000
100064944;6.000
90984;6.000
100065798;6.000
100068357;6.000
100071008;6.000
100069678;6.000
100076615;6.000
100070172;6.000
100031042;6.000
100081682;6.000
100066765;6.000
100045175;6.000
100058273;6.000
100051414;6.000
100071246;6.000
39607;6.000
100019082;6.000
100072064;6.000
100057158;6.000
100060173;6.000
100078602;6.000
100063161;6.000
100079170;6.000
100058669;6.000
100071787;6.000
92609;6.000
100072336;6.000
100048092;6.000
100061113;6.000
100079396;6.000
100027196;6.000
100081630;6.000
100071177;6.000
100079046;6.000
100068156;6.000
100070476;6.000
100071621;6.000
63069;6.000
100075282;6.000
100015250;6.000
100050933;6.000
100055357;6.000
100074406;6.000
100060830;6.000
100064669;6.000
100075587;6.000
97935;6.000
100031786;6.000
100058917;6.000
100064057;6.000
100082072;6.000
100069200;6.000
57608;6.000
67922;6.000
62629;6.000
100050803;6.000
100042697;6.000
100064860;6.000
100038053;6.000
100062404;6.000
100038145;6.000
100072496;6.000
80727;5.000
100059171;5.000
100021140;5.000
82531;5.000
100059741;5.000
71074;5.000
100078630;5.000
100031503;5.000
100046811;5.000
100061736;5.000
87518;5.000
100061950;5.000
100076268;5.000
100038786;5.000
100018750;5.000
100071670;5.000
100034713;5.000
86476;5.000
100070691;5.000
100018243;5.000
100073006;5.000
100062973;5.000
100064758;5.000
100026722;5.000
100053171;5.000
100025606;5.000
100073137;5.000
94182;5.000
100070309;5.000
100058362;5.000
100015942;5.000
100046446;5.000
100070399;5.000
100061855;5.000
100045831;5.000
100068096;5.000
100073666;5.000
100075476;5.000
100053807;5.000
67556;5.000
100069989;5.000
100075329;5.000
100077915;5.000
100075518;5.000
100068529;5.000
100040356;5.000
95484;5.000
100061470;5.000
100072118;5.000
100064810;5.000
100023228;5.000
100046601;5.000
100034759;5.000
100076521;5.000
53678;5.000
100064231;5.000
67317;5.000
100064512;5.000
100076094;5.000
100074767;5.000
100082355;5.000
100075273;5.000
94956;5.000
100062754;5.000
100060295;5.000
100055741;5.000
100022639;5.000
100066259;5.000
100070265;5.000
100053285;5.000
100053484;5.000
83517;5.000
100050835;5.000
100069736;5.000
80820;5.000
100059343;5.000
68456;5.000
36944;5.000
100076018;5.000
100067610;5.000
100062085;5.000
100064496;5.000
100074228;5.000
46686;5.000
100063636;5.000
100046604;5.000
100018633;5.000
100059680;5.000
100040732;5.000
100079739;5.000
47467;5.000
100064661;5.000
100041738;5.000
100073166;5.000
100058183;5.000
100030639;5.000
100063718;5.000
100046424;5.000
100052898;5.000
100053752;5.000
100075508;5.000
100021999;5.000
100051145;5.000
100075410;5.000
100072032;5.000
100043670;5.000
100076860;5.000
100062087;5.000
87453;5.000
100061343;5.000
100072504;5.000
100073689;5.000
100077416;5.000
95462;5.000
100034285;5.000
100076293;5.000
100065072;5.000
100078150;5.000
81938;5.000
100066715;5.000
100075626;5.000
90608;5.000
100075150;5.000
100082721;5.000
100076692;5.000
100082335;5.000
73655;5.000
94131;5.000
100053501;5.000
20035;5.000
100059012;5.000
100061015;5.000
100079554;5.000
100064933;5.000
100079680;5.000
100034297;5.000
100064630;5.000
100074968;5.000
100081198;5.000
100051777;5.000
100033770;5.000
100075174;5.000
100058585;5.000
100067826;5.000
100061916;5.000
100081502;5.000
100041759;5.000
100015978;5.000
100077508;5.000
100074768;5.000
87196;5.000
100072043;5.000
100051408;5.000
100068211;5.000
100034255;5.000
100070223;5.000
100061466;5.000
100069117;5.000
100077836;5.000
100075777;5.000
100013466;5.000
100068751;5.000
100081690;5.000
100053172;5.000
100072350;5.000
100071947;5.000
100081428;5.000
100050789;5.000
100074864;5.000
100030303;5.000
100073430;5.000
100064777;5.000
100016535;5.000
100043799;5.000
100081592;5.000
100065297;5.000
100022687;5.000
100065082;5.000
100038881;5.000
100078038;5.000
100079165;5.000
100059895;5.000
100047147;5.000
100075969;5.000
100059709;5.000
100044302;5.000
100077306;5.000
100071870;5.000
100060833;5.000
100048260;5.000
100039247;5.000
100054724;5.000
100038294;5.000
100049653;5.000
100072488;5.000
100073638;5.000
100065802;5.000
100069846;5.000
100052779;5.000
100068922;5.000
100044881;5.000
100070760;5.000
100039871;5.000
100076583;5.000
100078249;5.000
100047118;5.000
100081149;5.000
100080031;5.000
100077053;5.000
100074547;5.000
100036637;5.000
100061578;5.000
100047731;5.000
100079235;5.000
100059306;5.000
100023595;5.000
100076596;5.000
100032409;5.000
100077816;5.000
100076616;5.000
100068160;5.000
100072159;5.000
100070935;5.000
100065294;5.000
100063491;5.000
100026772;5.000
100076695;5.000
100064760;5.000
100072726;5.000
100066487;5.000
78685;5.000
100034305;5.000
100036474;5.000
86602;5.000
100079978;5.000
100071362;5.000
100082657;5.000
100079601;5.000
100078672;5.000
100067688;5.000
100060901;5.000
100061585;5.000
100070562;5.000
100040119;5.000
100076236;5.000
100069665;5.000
100027948;5.000
100070942;5.000
100035800;5.000
100066000;5.000
100053405;5.000
86611;5.000
100056632;5.000
100063700;5.000
91993;5.000
100079714;5.000
72079;5.000
100049294;5.000
100063754;5.000
100048763;5.000
43453;5.000
100063673;5.000
100068955;5.000
100065254;5.000
100068218;5.000
100059487;5.000
100079691;5.000
100068596;5.000
71344;5.000
100078290;5.000
100066263;5.000
100058915;5.000
100070013;5.000
88594;5.000
100074371;5.000
100064667;5.000
100055980;5.000
100067038;5.000
100080056;5.000
100041745;5.000
57916;5.000
100072979;5.000
100066450;5.000
100078827;5.000
100016590;5.000
100043669;5.000
76225;5.000
100075761;5.000
100057251;5.000
100044296;5.000
100059593;5.000
100067001;5.000
89669;5.000
100076085;5.000
100075391;5.000
100070715;5.000
43359;5.000
100072495;5.000
87174;5.000
100075853;5.000
100067469;5.000
100073745;5.000
100066730;5.000
100061753;5.000
100076028;5.000
100076950;5.000
55656;5.000
100064932;5.000
100050775;5.000
100059214;5.000
100056406;5.000
58324;5.000
100048976;5.000
100042701;5.000
100069564;5.000
100078196;5.000
100074360;5.000
100064046;5.000
100067672;5.000
100024946;5.000
100066082;5.000
100064842;5.000
100077795;5.000
100068712;5.000
100064559;5.000
100046625;5.000
96667;5.000
100079079;5.000
100043648;5.000
63135;5.000
100055068;5.000
94712;5.000
100079111;5.000
100060297;5.000
100078032;5.000
100069324;5.000
100081231;5.000
100075358;5.000
100075120;5.000
100068359;5.000
100040366;5.000
100042900;5.000
100080723;5.000
100068368;5.000
100067000;5.000
100060988;5.000
100062546;5.000
100055847;5.000
100080515;5.000
100041730;5.000
100026963;5.000
75873;5.000
100079163;5.000
66786;5.000
100022507;5.000
100055663;5.000
100019691;5.000
100025596;5.000
100075628;5.000
100053806;5.000
100065132;5.000
100076289;5.000
100055691;5.000
100040685;5.000
100054019;5.000
79481;5.000
91989;5.000
100079327;5.000
100062422;5.000
100043672;5.000
88161;5.000
100053080;5.000
100078280;5.000
100065618;5.000
100062022;5.000
100043723;5.000
100059025;5.000
84275;5.000
100016512;5.000
100078454;5.000
100064403;5.000
100049670;5.000
100082379;5.000
100052238;5.000
100041682;5.000
100041692;5.000
100040153;5.000
51737;5.000
100066161;5.000
100067930;5.000
100037400;5.000
100060477;5.000
100062623;5.000
100037265;5.000
100022166;5.000
100022517;5.000
100070680;5.000
100068734;5.000
100061963;5.000
256;5.000
100071152;5.000
100040936;5.000
100071890;5.000
100028805;5.000
100070279;5.000
100055580;5.000
100076286;5.000
100052894;5.000
100068006;5.000
100082284;5.000
100066803;5.000
100050830;5.000
100014123;5.000
100072501;5.000
100061857;5.000
100053437;5.000
100041798;5.000
100060921;5.000
38924;5.000
100078544;5.000
100046523;5.000
100080247;5.000
87307;5.000
100075064;5.000
100078040;5.000
64428;5.000
100065529;5.000
100043610;5.000
100059226;5.000
100077829;5.000
100046445;5.000
100057306;5.000
95115;5.000
77065;5.000
55612;5.000
100078988;5.000
100014745;5.000
100067673;5.000
100074402;5.000
100016953;5.000
100043689;5.000
100053489;5.000
100070885;5.000
100070141;5.000
100062715;5.000
100070905;5.000
100070687;5.000
100054624;5.000
100035228;5.000
100080536;5.000
100081280;5.000
100045811;5.000
100075736;5.000
100081518;5.000
100079439;5.000
100063724;5.000
100076515;5.000
100044957;5.000
100061425;5.000
98590;5.000
100057354;5.000
100080590;5.000
100014970;5.000
100055595;5.000
100050751;5.000
100073754;5.000
100071814;5.000
100046288;5.000
100041587;5.000
100076691;5.000
100048114;5.000
82324;5.000
100041588;5.000
100046621;5.000
100067717;5.000
100080576;5.000
100079181;5.000
100080562;5.000
100078766;5.000
100046616;5.000
100047723;5.000
100077743;5.000
100062730;5.000
100043675;5.000
100056281;5.000
100076945;5.000
100054996;5.000
100016867;5.000
100074785;5.000
100050802;5.000
100045400;5.000
47456;5.000
100046600;5.000
100064482;5.000
64198;5.000
100034038;5.000
100066513;5.000
100065075;5.000
100075975;5.000
100066239;5.000
100080634;5.000
100074763;5.000
100019110;5.000
59460;5.000
100072447;5.000
100067456;5.000
100054036;5.000
100046823;5.000
100065968;5.000
100072917;5.000
92698;5.000
100078938;5.000
100068508;5.000
100055957;5.000
100075610;5.000
100075272;5.000
100069606;5.000
100068801;5.000
100046440;5.000
100045826;5.000
100060494;5.000
100016951;5.000
100063836;5.000
100046611;5.000
100059696;5.000
100079171;5.000
100030886;5.000
64213;5.000
100052879;5.000
100052042;5.000
100040131;5.000
100078033;5.000
100067663;5.000
100063869;5.000
89055;5.000
100036487;5.000
100061834;5.000
100021520;5.000
100063698;5.000
100063156;5.000
100064660;5.000
100062932;5.000
100074012;5.000
100077817;5.000
100060217;5.000
100080563;5.000
100054466;5.000
100060834;5.000
100071623;5.000
100071636;5.000
100080738;5.000
100046883;5.000
100081732;5.000
100068268;5.000
92703;5.000
100044623;5.000
100039580;5.000
100082334;5.000
100079035;5.000
100074955;5.000
100034755;5.000
100048861;5.000
100068516;5.000
100070070;5.000
100070282;5.000
100067217;5.000
100072128;5.000
100050872;5.000
100070321;5.000
81055;5.000
100075574;5.000
100072376;5.000
100076197;5.000
100068098;5.000
100072379;5.000
100076098;5.000
100068912;5.000
100043851;5.000
65954;5.000
78972;5.000
100022427;5.000
100067400;5.000
100045106;5.000
100070959;5.000
91669;5.000
100016278;5.000
100077624;5.000
100034263;5.000
100043651;5.000
87527;5.000
100070175;5.000
100077510;5.000
100047239;5.000
100055439;5.000
100072489;5.000
100047120;5.000
100071174;5.000
100075360;5.000
100070848;5.000
100013933;5.000
100038960;5.000
100059094;5.000
100075258;5.000
100034758;5.000
100065919;5.000
78237;5.000
100064780;5.000
100070197;5.000
36759;5.000
100079789;5.000
100076822;5.000
100069943;5.000
100049696;5.000
100069863;5.000
100019021;5.000
100081661;5.000
100076974;5.000
100052677;5.000
78817;5.000
100049264;5.000
100030041;5.000
100078989;5.000
100066106;5.000
91996;5.000
100043849;5.000
100079783;5.000
52476;5.000
100068547;5.000
84260;5.000
100061043;5.000
100070213;5.000
100068134;5.000
100068200;5.000
100070014;5.000
100062084;5.000
100081659;5.000
100067387;5.000
100063046;5.000
100074701;5.000
100070173;5.000
100014286;5.000
100076391;5.000
100041723;5.000
100067671;5.000
100079497;5.000
100075408;5.000
100065911;5.000
100077336;5.000
100068099;5.000
100042703;5.000
100072751;5.000
100069280;5.000
100066447;5.000
91978;5.000
100081204;5.000
100081207;5.000
100076982;5.000
100070740;5.000
100050546;5.000
100075630;5.000
76138;5.000
100070395;5.000
87292;5.000
100075367;5.000
100079154;5.000
100077835;5.000
83893;5.000
97213;5.000
100014469;5.000
100080718;5.000
100069601;5.000
100074006;5.000
100074004;5.000
100079049;5.000
100078297;5.000
100063492;5.000
100066001;5.000
100026122;5.000
100052857;5.000
57952;5.000
37168;5.000
100018007;5.000
62067;5.000
100054033;5.000
100040351;5.000
100057948;5.000
100068170;5.000
100050838;5.000
100057276;5.000
100072457;5.000
100035039;5.000
92661;5.000
100070249;5.000
100061908;5.000
100063511;5.000
100065610;5.000
100064790;5.000
100026660;5.000
100061016;5.000
66982;5.000
100065611;5.000
100066739;5.000
100078293;5.000
100069727;5.000
100070653;5.000
100063104;5.000
54096;5.000
100069647;5.000
100074411;5.000
100034055;5.000
100043587;5.000
86634;5.000
100076029;5.000
100034078;5.000
100076699;5.000
100049247;5.000
100072839;5.000
100058089;5.000
100072140;5.000
100031612;5.000
100031040;5.000
100076620;5.000
100028643;5.000
100078304;5.000
100070611;5.000
100068650;5.000
55501;5.000
100064481;5.000
100056190;5.000
100081064;5.000
100048880;5.000
100060431;5.000
100081950;5.000
100066484;5.000
100082380;5.000
100080507;5.000
100010202;5.000
100050771;5.000
100069060;5.000
71462;5.000
62071;5.000
100052044;5.000
100022035;5.000
100069890;5.000
100026726;5.000
70361;5.000
100076554;5.000
100059301;5.000
95120;5.000
100051175;5.000
100064518;5.000
100075469;5.000
67923;5.000
100067585;5.000
83990;5.000
100065731;5.000
100067936;5.000
100065274;5.000
100076167;5.000
85268;5.000
100081216;5.000
100012582;5.000
100064065;5.000
100072548;5.000
100073198;5.000
100016522;5.000
100065064;5.000
100027668;5.000
100081644;5.000
100072449;5.000
100080588;5.000
100026720;5.000
87294;5.000
100075823;5.000
100040248;5.000
100018258;5.000
100019092;5.000
100068004;5.000
100064658;5.000
100075347;5.000
100080950;5.000
100066704;5.000
100070077;5.000
100064756;5.000
55994;5.000
100064952;5.000
100053482;5.000
100032425;5.000
100079676;5.000
100046606;5.000
100067512;5.000
100049540;5.000
100048095;5.000
100061810;5.000
91114;5.000
100082394;5.000
47487;5.000
100048878;5.000
100062552;5.000
100041919;5.000
100046833;5.000
62630;5.000
100037558;5.000
100074011;5.000
80677;5.000
60468;5.000
100071161;5.000
100079759;5.000
100046829;5.000
100041106;5.000
100040125;5.000
100055696;5.000
58857;5.000
100077978;5.000
69869;5.000
100038046;5.000
100014470;5.000
100072136;5.000
100017081;5.000
100079389;5.000
100046656;5.000
100067227;5.000
100076938;5.000
100041713;5.000
100074007;5.000
92014;5.000
71444;5.000
100065020;5.000
80556;5.000
100056169;5.000
100068869;5.000
100020117;5.000
100079169;5.000
100050820;5.000
100024867;5.000
100053518;5.000
100054037;5.000
100025590;5.000
100076092;5.000
100020038;5.000
91954;5.000
100070257;5.000
100069782;5.000
94368;5.000
100063375;5.000
100075916;5.000
100080010;5.000
100070721;5.000
100079688;5.000
100044096;5.000
100067811;5.000
100074896;5.000
100065683;5.000
32253;5.000
100071873;5.000
100077541;5.000
100066718;5.000
100028062;5.000
100067613;5.000
50671;5.000
48972;5.000
100079152;5.000
100069699;4.000
100037505;4.000
100077904;4.000
100049723;4.000
100068666;4.000
85619;4.000
100072611;4.000
100081054;4.000
100071914;4.000
44059;4.000
100026413;4.000
100078306;4.000
100055682;4.000
100069804;4.000
100081368;4.000
100069057;4.000
100039099;4.000
100040272;4.000
100067213;4.000
100051491;4.000
100074868;4.000
100069697;4.000
100068766;4.000
100060955;4.000
97718;4.000
100079187;4.000
100070312;4.000
56868;4.000
100022648;4.000
100070626;4.000
100057399;4.000
100079673;4.000
100037113;4.000
100058827;4.000
20034;4.000
100068659;4.000
61038;4.000
100068914;4.000
100071962;4.000
100076727;4.000
100071170;4.000
100067614;4.000
100077566;4.000
100060913;4.000
100052213;4.000
77574;4.000
100065807;4.000
100038973;4.000
100080524;4.000
100071923;4.000
100071765;4.000
100080720;4.000
100064059;4.000
100078075;4.000
100067322;4.000
100078824;4.000
100076736;4.000
31262;4.000
100023386;4.000
100082664;4.000
100073505;4.000
100060706;4.000
100078863;4.000
100070337;4.000
100075585;4.000
100072492;4.000
100068581;4.000
100072388;4.000
100081526;4.000
96126;4.000
100079221;4.000
100056049;4.000
93421;4.000
83019;4.000
100041148;4.000
100038961;4.000
87729;4.000
100071372;4.000
100069693;4.000
100068733;4.000
100041931;4.000
81782;4.000
100081718;4.000
100067277;4.000
100058590;4.000
94408;4.000
100067256;4.000
100045729;4.000
67438;4.000
100022068;4.000
100071934;4.000
100047219;4.000
100073979;4.000
100051520;4.000
100048867;4.000
96020;4.000
100046997;4.000
100036341;4.000
100034725;4.000
100079157;4.000
100059609;4.000
100039543;4.000
100025017;4.000
100071856;4.000
100077415;4.000
100065256;4.000
94610;4.000
100072121;4.000
100065692;4.000
100052892;4.000
100062209;4.000
100028644;4.000
100068239;4.000
100041066;4.000
100068782;4.000
100074964;4.000
100081643;4.000
100060580;4.000
100047167;4.000
100069389;4.000
100069042;4.000
100039413;4.000
100070486;4.000
100043682;4.000
100070614;4.000
95463;4.000
75291;4.000
100034753;4.000
100073084;4.000
100053703;4.000
100073481;4.000
100078017;4.000
100032361;4.000
100052521;4.000
100049720;4.000
98678;4.000
100062627;4.000
100076575;4.000
100043680;4.000
50422;4.000
100079941;4.000
100062090;4.000
100041280;4.000
100032476;4.000
100070723;4.000
100037626;4.000
100049680;4.000
100071517;4.000
100068111;4.000
100059344;4.000
97503;4.000
100073702;4.000
100053094;4.000
100075703;4.000
100073612;4.000
76404;4.000
100060499;4.000
100057406;4.000
100063450;4.000
100075662;4.000
100065096;4.000
100037502;4.000
100080512;4.000
100063801;4.000
100064724;4.000
100075600;4.000
100078275;4.000
100049621;4.000
100079173;4.000
100070280;4.000
100065255;4.000
100043643;4.000
100081435;4.000
100024941;4.000
95916;4.000
100074016;4.000
100077005;4.000
100073062;4.000
100043581;4.000
100039089;4.000
100050871;4.000
100068347;4.000
100059253;4.000
100048400;4.000
100068146;4.000
100069769;4.000
100042808;4.000
100069038;4.000
100062093;4.000
100072428;4.000
100043265;4.000
100080015;4.000
100043164;4.000
100062891;4.000
100072028;4.000
100079685;4.000
100076205;4.000
88605;4.000
100077312;4.000
100054027;4.000
68433;4.000
100069364;4.000
100026351;4.000
100076995;4.000
100074389;4.000
100056426;4.000
100055665;4.000
100050144;4.000
100069680;4.000
100056036;4.000
100072150;4.000
100056648;4.000
100077417;4.000
100066009;4.000
100078608;4.000
100047812;4.000
100056788;4.000
100049266;4.000
100072381;4.000
100076118;4.000
100071163;4.000
100021032;4.000
93129;4.000
100069960;4.000
100042010;4.000
100077544;4.000
100030452;4.000
100068759;4.000
100081412;4.000
100063060;4.000
100076283;4.000
100069190;4.000
100069206;4.000
100064925;4.000
100064989;4.000
63489;4.000
91607;4.000
100034247;4.000
100024827;4.000
100060915;4.000
100066171;4.000
100081125;4.000
100053676;4.000
100059749;4.000
79390;4.000
100066321;4.000
100069325;4.000
100069669;4.000
100066215;4.000
100074584;4.000
100068094;4.000
97027;4.000
100064312;4.000
100068579;4.000
100076002;4.000
92085;4.000
100056031;4.000
76907;4.000
100038275;4.000
100025599;4.000
100067180;4.000
100071251;4.000
67697;4.000
100034042;4.000
100022397;4.000
100055425;4.000
100071811;4.000
100065151;4.000
100068799;4.000
100057853;4.000
82028;4.000
100051431;4.000
100034745;4.000
86494;4.000
100072133;4.000
100071164;4.000
100075193;4.000
100046610;4.000
82100;4.000
100044062;4.000
100044374;4.000
100059937;4.000
100016248;4.000
93509;4.000
100064911;4.000
100020923;4.000
100063462;4.000
100070618;4.000
100072482;4.000
100060175;4.000
95251;4.000
100018825;4.000
100080772;4.000
100035498;4.000
100042034;4.000
100067489;4.000
100063928;4.000
100067434;4.000
100011941;4.000
100022036;4.000
100064545;4.000
100069585;4.000
49062;4.000
100020857;4.000
100030431;4.000
100075961;4.000
100058163;4.000
100074336;4.000
100041912;4.000
100067952;4.000
100082404;4.000
100071494;4.000
100067798;4.000
100070081;4.000
100061093;4.000
100050837;4.000
100053627;4.000
100076683;4.000
100047176;4.000
100034039;4.000
100075692;4.000
100072048;4.000
100067684;4.000
100078479;4.000
100079419;4.000
100063463;4.000
100077764;4.000
100073700;4.000
100024849;4.000
94798;4.000
100066769;4.000
100069602;4.000
100076667;4.000
100013655;4.000
100013544;4.000
100078393;4.000
76140;4.000
100015262;4.000
100039246;4.000
100074846;4.000
100078066;4.000
100080945;4.000
100052163;4.000
94226;4.000
100079600;4.000
100026310;4.000
100070106;4.000
100043638;4.000
100049551;4.000
100077855;4.000
100073007;4.000
100077035;4.000
100081922;4.000
41895;4.000
100025672;4.000
100076817;4.000
100032840;4.000
100059991;4.000
98032;4.000
100069431;4.000
77596;4.000
100079037;4.000
100034070;4.000
100055813;4.000
94796;4.000
100074698;4.000
100044101;4.000
100020911;4.000
100067487;4.000
100059297;4.000
100060922;4.000
100078486;4.000
100011189;4.000
100067674;4.000
100020080;4.000
88135;4.000
100067875;4.000
100072262;4.000
100037355;4.000
86941;4.000
100078002;4.000
100027999;4.000
100075688;4.000
100065534;4.000
100080452;4.000
100064593;4.000
100063606;4.000
100046855;4.000
100069914;4.000
100060547;4.000
100041295;4.000
100034304;4.000
100068005;4.000
100012300;4.000
100082333;4.000
82589;4.000
100079511;4.000
100067564;4.000
87127;4.000
100078104;4.000
100066510;4.000
100069695;4.000
100038063;4.000
100034311;4.000
94206;4.000
62126;4.000
47130;4.000
100055365;4.000
100058821;4.000
100078822;4.000
100070386;4.000
100079151;4.000
100076218;4.000
68334;4.000
100027667;4.000
100077869;4.000
92016;4.000
100035716;4.000
100064076;4.000
100062673;4.000
100081754;4.000
100033622;4.000
100068589;4.000
100069662;4.000
100038876;4.000
100073739;4.000
100070307;4.000
100057142;4.000
100074374;4.000
100071566;4.000
61723;4.000
100066516;4.000
100063455;4.000
100076694;4.000
100075648;4.000
100072870;4.000
47477;4.000
100062299;4.000
100076120;4.000
100068699;4.000
100069660;4.000
100015615;4.000
100060027;4.000
100040640;4.000
100043631;4.000
79120;4.000
100077418;4.000
100069892;4.000
49476;4.000
100067460;4.000
100068510;4.000
83585;4.000
100078014;4.000
100040740;4.000
100082396;4.000
70594;4.000
100067660;4.000
100017428;4.000
100053769;4.000
100078023;4.000
100069631;4.000
100049689;4.000
100065829;4.000
100061309;4.000
100027985;4.000
100030662;4.000
100079149;4.000
100066740;4.000
100073242;4.000
100064335;4.000
100057873;4.000
100035957;4.000
60067;4.000
3681;4.000
100072455;4.000
100046562;4.000
100067588;4.000
100037234;4.000
100060213;4.000
100072354;4.000
100076243;4.000
100060185;4.000
100067225;4.000
95504;4.000
100013895;4.000
91555;4.000
100067373;4.000
100065291;4.000
100077467;4.000
100043853;4.000
100081756;4.000
100043894;4.000
57077;4.000
100062688;4.000
100018916;4.000
100074344;4.000
100082378;4.000
100074080;4.000
100080952;4.000
100063722;4.000
100066167;4.000
100080147;4.000
100062853;4.000
100070521;4.000
100081500;4.000
100055711;4.000
100068573;4.000
98580;4.000
100068788;4.000
100079938;4.000
78811;4.000
100069952;4.000
100081232;4.000
100075811;4.000
100045838;4.000
100049095;4.000
45901;4.000
100064752;4.000
40901;4.000
100066080;4.000
100060835;4.000
100076913;4.000
100079159;4.000
100032407;4.000
100024943;4.000
100064314;4.000
100065758;4.000
100066490;4.000
100054040;4.000
100046608;4.000
100053771;4.000
100065299;4.000
100077265;4.000
100038211;4.000
100068217;4.000
100079755;4.000
100079640;4.000
100062562;4.000
100068710;4.000
100060328;4.000
100076235;4.000
100080292;4.000
100078707;4.000
100076637;4.000
100034262;4.000
100066767;4.000
82528;4.000
100079104;4.000
100082718;4.000
100020044;4.000
100076552;4.000
100076622;4.000
2040;4.000
100071160;4.000
100068055;4.000
100062544;4.000
100056798;4.000
100076489;4.000
100074973;4.000
100014256;4.000
100073683;4.000
100070251;4.000
100078042;4.000
100019748;4.000
100022737;4.000
100080413;4.000
100075003;4.000
100077207;4.000
100063570;4.000
100036656;4.000
100056717;4.000
100072996;4.000
100049011;4.000
100070389;4.000
100081716;4.000
100050797;4.000
100078221;4.000
100072884;4.000
100037500;4.000
100057205;4.000
100075443;4.000
100077210;4.000
100063285;4.000
100057407;4.000
97315;4.000
100080080;4.000
100068570;4.000
100078029;4.000
70105;4.000
100067191;4.000
100036653;4.000
100082153;4.000
100072553;4.000
100068233;4.000
100070174;4.000
100079185;4.000
100043162;4.000
100081314;4.000
100063181;4.000
100069041;4.000
100073199;4.000
100079257;4.000
100066437;4.000
100076627;4.000
100081563;4.000
100065065;4.000
47425;4.000
100050134;4.000
100061755;4.000
73608;4.000
100067162;4.000
100068541;4.000
100067599;4.000
100069333;4.000
100076750;4.000
79090;4.000
100063613;4.000
100067074;4.000
78268;4.000
100078051;4.000
100034334;4.000
100068569;4.000
100067499;4.000
100069527;4.000
100033027;4.000
100071948;4.000
76399;4.000
100051310;4.000
100072138;4.000
100072651;4.000
100076231;4.000
100059422;4.000
100075651;4.000
100023929;4.000
100067687;4.000
100067502;4.000
100080872;4.000
100082127;4.000
100065609;4.000
100047732;4.000
100080462;4.000
100056961;4.000
100045024;4.000
100058231;4.000
100021652;4.000
100050834;4.000
100061965;4.000
100070266;4.000
100079423;4.000
100024182;4.000
100060993;4.000
100024011;4.000
100077827;4.000
100079771;4.000
100067392;4.000
100042275;4.000
100079761;4.000
100051873;4.000
100072204;4.000
100076993;4.000
100014389;4.000
100068628;4.000
100068482;4.000
100063456;4.000
100070597;4.000
100041902;4.000
100067461;4.000
100069974;4.000
100065443;4.000
100064573;4.000
100060523;4.000
100068551;4.000
100069667;4.000
100077473;4.000
100024945;4.000
100072911;4.000
100073543;4.000
100034126;4.000
100046277;4.000
100042036;4.000
100013658;4.000
100055960;4.000
100079948;4.000
100058664;4.000
100015232;4.000
100043705;4.000
100076979;4.000
100070419;4.000
100067874;4.000
100056053;4.000
100044239;4.000
100051059;4.000
100059359;4.000
100066446;4.000
100072357;4.000
100059175;4.000
87443;4.000
100012646;4.000
100070913;4.000
100077954;4.000
100064953;4.000
100019747;4.000
100062564;4.000
100073750;4.000
100068141;4.000
100072352;4.000
100069383;4.000
100072843;4.000
100065258;4.000
100065659;4.000
100045816;4.000
100072525;4.000
100069603;4.000
100062707;4.000
76711;4.000
91108;4.000
100074772;4.000
100069709;4.000
100077311;4.000
100074903;4.000
100041726;4.000
97713;4.000
100060412;4.000
100051184;4.000
100063620;4.000
100074766;4.000
100079935;4.000
100034329;4.000
100064311;4.000
100019027;4.000
100075257;4.000
100069779;4.000
100043243;4.000
100075745;4.000
100067379;4.000
100041906;4.000
41888;4.000
100046368;4.000
100068935;4.000
100064509;4.000
86588;4.000
100024518;4.000
100059993;4.000
100065830;4.000
100048108;4.000
100049721;4.000
100079417;4.000
100062599;4.000
100051430;4.000
100038002;4.000
100072412;4.000
100056560;4.000
100041710;4.000
100072770;4.000
100074368;4.000
100053217;4.000
100068672;4.000
100075776;4.000
100048143;4.000
100072515;4.000
100060070;4.000
100075444;4.000
100069143;4.000
100077031;4.000
100078197;4.000
100068564;4.000
100079433;4.000
100061859;4.000
100045930;4.000
100055656;4.000
92795;4.000
100064785;4.000
100065070;4.000
100052017;4.000
100071327;4.000
100076956;4.000
100067047;4.000
100046447;4.000
100064048;4.000
100081856;4.000
100080601;4.000
100078039;4.000
100063112;4.000
97342;4.000
100076315;4.000
100070564;4.000
100063053;4.000
100068394;4.000
100050770;4.000
100072110;4.000
100046443;4.000
63443;4.000
100067336;4.000
100077004;4.000
100066750;4.000
100074907;4.000
100068204;4.000
84584;4.000
100066162;4.000
100069738;4.000
49671;4.000
100056634;4.000
100068568;4.000
100076824;4.000
100055422;4.000
100082771;4.000
100075622;4.000
100046565;4.000
100079997;4.000
100021518;4.000
100071173;4.000
100058918;4.000
100079718;4.000
100066036;4.000
100059404;4.000
96847;4.000
100059534;4.000
100064324;4.000
100069361;4.000
100061040;4.000
52295;4.000
100031962;4.000
100054604;4.000
100045833;4.000
100066413;4.000
100068179;4.000
100056746;4.000
100051906;4.000
65135;4.000
75780;4.000
100070733;4.000
100074552;4.000
100079951;4.000
100070678;4.000
100076591;4.000
100070205;4.000
100056747;4.000
100068735;4.000
100022383;4.000
100014062;4.000
100022738;4.000
100076058;4.000
100080853;4.000
100075126;4.000
100045107;4.000
100051139;4.000
100077818;4.000
100050772;4.000
100070198;4.000
100081246;4.000
100055958;4.000
100080033;4.000
100080244;4.000
82796;4.000
100077545;4.000
100064996;4.000
100064466;4.000
100071277;4.000
100078810;4.000
85602;4.000
100080508;4.000
100069223;4.000
100068550;4.000
100065293;4.000
100013659;4.000
100081045;4.000
100071028;4.000
100053704;4.000
100072420;4.000
100028673;4.000
100060201;4.000
100070340;4.000
98617;4.000
84488;4.000
100067670;4.000
100076158;4.000
100078072;4.000
100047648;4.000
100059390;4.000
100019115;4.000
100068872;4.000
100015062;4.000
100038723;4.000
100077213;4.000
100070604;4.000
100079179;4.000
100079512;4.000
100031041;4.000
100069629;4.000
66449;4.000
100068374;4.000
100075667;4.000
100079920;4.000
100075735;4.000
100068863;4.000
100064671;4.000
100050790;4.000
62129;4.000
67410;4.000
100081645;4.000
100042041;4.000
100060598;4.000
100068526;4.000
100062447;4.000
100062295;4.000
89093;4.000
100081024;4.000
62642;4.000
100034035;4.000
100057154;4.000
100067185;4.000
73989;4.000
100074572;4.000
100075926;4.000
100049537;4.000
100071358;4.000
100051356;4.000
100025703;4.000
100046806;4.000
92572;4.000
100066155;4.000
100070519;4.000
100074377;4.000
62719;4.000
100079743;4.000
100076739;4.000
100037511;4.000
96269;4.000
100038573;4.000
100075318;4.000
100065972;4.000
100053764;4.000
100072168;4.000
100071875;4.000
100068093;4.000
100078242;4.000
100046005;4.000
100073035;4.000
100046547;4.000
100058902;4.000
100010163;4.000
100074967;4.000
96127;4.000
100079628;4.000
100073936;4.000
100079952;4.000
100043734;4.000
100068675;4.000
100046237;4.000
100072514;4.000
100067993;4.000
100081832;4.000
100056618;4.000
100046444;4.000
100037805;4.000
100058916;4.000
62376;4.000
100017432;4.000
100072266;4.000
100069205;4.000
100071749;4.000
71411;4.000
100055583;4.000
100030961;4.000
100067774;4.000
100080541;4.000
100012875;4.000
100065663;4.000
100013531;4.000
100075893;4.000
100072045;4.000
100066169;4.000
100072175;4.000
100076857;4.000
100071159;4.000
100067701;4.000
100044381;4.000
100082124;4.000
100062549;4.000
100076076;4.000
100072991;4.000
100058637;4.000
100082107;4.000
100077552;4.000
48237;4.000
100077698;4.000
100078432;4.000
100075093;4.000
100066163;4.000
100067181;4.000
100068968;4.000
100050167;4.000
100061042;4.000
100078812;4.000
100059093;4.000
100074573;4.000
100073116;4.000
100077422;4.000
89042;4.000
100036188;4.000
100038721;4.000
100063038;4.000
100079176;4.000
100081304;4.000
100077154;4.000
100028767;4.000
100077856;4.000
100044305;4.000
100056378;4.000
100070182;4.000
100059303;4.000
100074805;4.000
100072712;4.000
100028262;4.000
100049679;4.000
100069875;4.000
100077815;4.000
100046892;4.000
48517;4.000
89949;4.000
100072813;4.000
100059673;4.000
100058766;4.000
100061626;4.000
100015049;4.000
100043269;4.000
100049397;4.000
100069531;4.000
100081133;4.000
100079622;4.000
100013862;4.000
100041963;4.000
100018195;4.000
100067183;4.000
100072040;4.000
100034270;4.000
100080725;4.000
100026721;4.000
100046460;4.000
55443;4.000
100074769;4.000
100069222;3.000
100082140;3.000
100076492;3.000
100067666;3.000
77450;3.000
100072109;3.000
100058707;3.000
100069673;3.000
100070176;3.000
100067366;3.000
100060605;3.000
56406;3.000
100071624;3.000
100068114;3.000
100031709;3.000
100074571;3.000
100077695;3.000
100061362;3.000
100067964;3.000
60341;3.000
100072477;3.000
100076753;3.000
100079127;3.000
64204;3.000
100070549;3.000
100072478;3.000
100082117;3.000
100064753;3.000
100020257;3.000
100072503;3.000
100068346;3.000
100069674;3.000
100080012;3.000
100061155;3.000
100068195;3.000
100041903;3.000
100077769;3.000
100081065;3.000
100053802;3.000
100061844;3.000
100065243;3.000
100029913;3.000
100062723;3.000
100082108;3.000
100054863;3.000
100081021;3.000
100014124;3.000
81103;3.000
100060147;3.000
100021655;3.000
100028000;3.000
100035449;3.000
100050307;3.000
100027794;3.000
100058901;3.000
78981;3.000
100076280;3.000
100082279;3.000
100055453;3.000
100068641;3.000
100079956;3.000
100039673;3.000
100053561;3.000
100017733;3.000
100076742;3.000
100076270;3.000
90774;3.000
100068721;3.000
100072426;3.000
100057957;3.000
100041905;3.000
100074386;3.000
100059184;3.000
100070445;3.000
100056907;3.000
100068207;3.000
100067334;3.000
100074948;3.000
24107;3.000
100073096;3.000
100061107;3.000
100045169;3.000
55255;3.000
100068544;3.000
100075011;3.000
100049009;3.000
100024463;3.000
100075694;3.000
100061075;3.000
100067692;3.000
100081188;3.000
100065056;3.000
100075716;3.000
100043644;3.000
100041109;3.000
71999;3.000
100064859;3.000
100069987;3.000
100046554;3.000
100073961;3.000
100068026;3.000
100070773;3.000
100078452;3.000
100071441;3.000
100055148;3.000
100057244;3.000
100082281;3.000
100057052;3.000
100066723;3.000
100079119;3.000
50551;3.000
56613;3.000
100019647;3.000
82191;3.000
100064396;3.000
100057198;3.000
100082170;3.000
100034301;3.000
100055605;3.000
100060941;3.000
98501;3.000
100015317;3.000
100067220;3.000
100075131;3.000
100075727;3.000
97808;3.000
100070236;3.000
100067079;3.000
100075556;3.000
95466;3.000
89621;3.000
100022320;3.000
100051753;3.000
100068315;3.000
100035769;3.000
100063725;3.000
98185;3.000
100079631;3.000
100061825;3.000
100064875;3.000
100081215;3.000
100042019;3.000
100065060;3.000
100072106;3.000
100075752;3.000
100080506;3.000
100071872;3.000
100076745;3.000
100072654;3.000
93726;3.000
100063055;3.000
100067419;3.000
38862;3.000
100026659;3.000
71460;3.000
100069367;3.000
100059499;3.000
100045996;3.000
100082282;3.000
100075082;3.000
100064833;3.000
100055666;3.000
100073105;3.000
100070007;3.000
100046623;3.000
100051519;3.000
66861;3.000
100071945;3.000
100016483;3.000
100064636;3.000
100062912;3.000
100076165;3.000
100060609;3.000
71461;3.000
100057881;3.000
93055;3.000
100074704;3.000
98434;3.000
85332;3.000
100064276;3.000
100076530;3.000
100075352;3.000
100082393;3.000
100077380;3.000
100046012;3.000
100068144;3.000
100075191;3.000
100063794;3.000
100018233;3.000
100068693;3.000
100082932;3.000
100077453;3.000
100068205;3.000
100060579;3.000
100081657;3.000
100029234;3.000
100080483;3.000
100059176;3.000
100068574;3.000
100056966;3.000
100078302;3.000
100081063;3.000
62095;3.000
100080427;3.000
100073256;3.000
100082563;3.000
100060233;3.000
60066;3.000
100048429;3.000
100073043;3.000
81044;3.000
100019697;3.000
100078418;3.000
100035772;3.000
100062479;3.000
100076429;3.000
100067179;3.000
100065377;3.000
100068416;3.000
100068009;3.000
100082480;3.000
100077643;3.000
100067371;3.000
100073941;3.000
100050552;3.000
100020989;3.000
100055585;3.000
100070844;3.000
100035812;3.000
100068056;3.000
100081692;3.000
100065840;3.000
100078816;3.000
100076115;3.000
100026742;3.000
100012423;3.000
100068237;3.000
3386;3.000
100061163;3.000
100030379;3.000
100069809;3.000
100024421;3.000
100016531;3.000
100071360;3.000
100074369;3.000
100066445;3.000
100078622;3.000
100070627;3.000
100080046;3.000
100032294;3.000
100024852;3.000
90831;3.000
100057241;3.000
100081964;3.000
100067367;3.000
100043501;3.000
100062728;3.000
100072481;3.000
62124;3.000
100076160;3.000
100064891;3.000
100012431;3.000
100069607;3.000
100016346;3.000
100076619;3.000
100054104;3.000
100062863;3.000
100011903;3.000
100061695;3.000
100082395;3.000
100079385;3.000
100081760;3.000
100024019;3.000
100080642;3.000
100063168;3.000
100065095;3.000
100026420;3.000
100023566;3.000
100070741;3.000
100061456;3.000
100082365;3.000
100034264;3.000
100076984;3.000
100067177;3.000
73149;3.000
100081948;3.000
100078557;3.000
100024481;3.000
96528;3.000
100062403;3.000
100022428;3.000
100044112;3.000
100079911;3.000
100068035;3.000
100022523;3.000
100042012;3.000
100053189;3.000
100030433;3.000
100020620;3.000
94910;3.000
100080737;3.000
100057851;3.000
100081016;3.000
100070181;3.000
89727;3.000
82104;3.000
100062083;3.000
63164;3.000
100040364;3.000
100036522;3.000
100074888;3.000
100056117;3.000
100078485;3.000
100053820;3.000
100052678;3.000
100082433;3.000
100080565;3.000
100038057;3.000
100076717;3.000
100068627;3.000
100034041;3.000
100076015;3.000
100072528;3.000
100061600;3.000
100081217;3.000
100034761;3.000
100068054;3.000
100059178;3.000
100060300;3.000
90839;3.000
100063235;3.000
100074869;3.000
100062102;3.000
100071182;3.000
100069056;3.000
100066478;3.000
100064921;3.000
100079180;3.000
100060577;3.000
100067457;3.000
93169;3.000
100072766;3.000
100069784;3.000
100078855;3.000
100055081;3.000
100017262;3.000
100051242;3.000
90933;3.000
100077298;3.000
100074892;3.000
70956;3.000
100059692;3.000
100021325;3.000
100065378;3.000
100047348;3.000
100069110;3.000
100067476;3.000
100033518;3.000
100035892;3.000
100055812;3.000
91415;3.000
100069783;3.000
100063905;3.000
100051321;3.000
90157;3.000
100074399;3.000
100077543;3.000
100019573;3.000
100070295;3.000
100013994;3.000
90679;3.000
100030640;3.000
100015064;3.000
100023540;3.000
100045707;3.000
100065837;3.000
100081394;3.000
100069683;3.000
100038147;3.000
100067483;3.000
100071437;3.000
100076665;3.000
100082061;3.000
100055375;3.000
100032377;3.000
100080878;3.000
100055126;3.000
100032380;3.000
83460;3.000
95458;3.000
100067691;3.000
89103;3.000
100079406;3.000
100054919;3.000
100064947;3.000
100076965;3.000
100078551;3.000
100064325;3.000
100023325;3.000
100055566;3.000
100062878;3.000
100062668;3.000
100075779;3.000
100074945;3.000
100081784;3.000
100066419;3.000
100066480;3.000
100011930;3.000
100080453;3.000
100010168;3.000
100082264;3.000
100072905;3.000
87617;3.000
100043828;3.000
100055581;3.000
100043607;3.000
100065017;3.000
100063675;3.000
100062539;3.000
100081763;3.000
100063109;3.000
100062543;3.000
85163;3.000
100043634;3.000
95367;3.000
100075114;3.000
2394;3.000
100037749;3.000
100053169;3.000
100068875;3.000
100077504;3.000
100069895;3.000
100072798;3.000
100059391;3.000
100039733;3.000
100075000;3.000
50550;3.000
100068585;3.000
100081115;3.000
100068591;3.000
100080604;3.000
88107;3.000
100070895;3.000
100078050;3.000
100067243;3.000
100046280;3.000
100066708;3.000
100071447;3.000
100035091;3.000
100068987;3.000
100068186;3.000
55537;3.000
100072645;3.000
100063709;3.000
100054038;3.000
100054020;3.000
100041909;3.000
75934;3.000
100071442;3.000
100081944;3.000
100065373;3.000
100071193;3.000
86608;3.000
100052578;3.000
100074969;3.000
100073713;3.000
100063655;3.000
1650;3.000
100081662;3.000
100077900;3.000
100081093;3.000
100079617;3.000
100062015;3.000
100081244;3.000
100079962;3.000
64873;3.000
100035771;3.000
100048569;3.000
100037953;3.000
100067292;3.000
100076966;3.000
100062547;3.000
100080410;3.000
79497;3.000
100028773;3.000
100060169;3.000
100069713;3.000
100064336;3.000
100041904;3.000
100068819;3.000
100051550;3.000
95457;3.000
100070368;3.000
100074304;3.000
100053367;3.000
100069723;3.000
100075164;3.000
100061722;3.000
100033860;3.000
100043629;3.000
100079795;3.000
100022520;3.000
40128;3.000
100064093;3.000
100043674;3.000
100064877;3.000
100079146;3.000
100068535;3.000
100013545;3.000
100041676;3.000
100034239;3.000
100039735;3.000
100071184;3.000
100076944;3.000
100062435;3.000
97826;3.000
100059705;3.000
100078281;3.000
100079976;3.000
100075580;3.000
100079785;3.000
100067845;3.000
100069447;3.000
100067198;3.000
100067405;3.000
100081609;3.000
100061827;3.000
100072355;3.000
100080505;3.000
100071179;3.000
100069704;3.000
100034717;3.000
100078041;3.000
100065680;3.000
100073791;3.000
100023091;3.000
100070623;3.000
100076728;3.000
100051521;3.000
100069180;3.000
100055697;3.000
100059388;3.000
100034278;3.000
100044958;3.000
100069396;3.000
100071825;3.000
87119;3.000
100049530;3.000
100050862;3.000
100059389;3.000
100059108;3.000
100072374;3.000
100069227;3.000
100071653;3.000
100030778;3.000
71440;3.000
100061920;3.000
100069153;3.000
100067420;3.000
100082659;3.000
70114;3.000
100069666;3.000
100072382;3.000
100041756;3.000
91765;3.000
47485;3.000
100050867;3.000
100049546;3.000
100017747;3.000
100054753;3.000
100071162;3.000
100062709;3.000
100075700;3.000
100053496;3.000
100067695;3.000
100081162;3.000
100078414;3.000
100051158;3.000
76492;3.000
63053;3.000
100078000;3.000
100023923;3.000
100072143;3.000
100079939;3.000
100063999;3.000
98260;3.000
100063160;3.000
100078991;3.000
100025553;3.000
100067665;3.000
86236;3.000
100073789;3.000
100074870;3.000
100081647;3.000
100076603;3.000
100035817;3.000
100072969;3.000
100078760;3.000
100046879;3.000
100059500;3.000
100075368;3.000
100076022;3.000
100081534;3.000
100017741;3.000
100068559;3.000
100041006;3.000
100071869;3.000
100049548;3.000
100078036;3.000
30724;3.000
100079936;3.000
100048908;3.000
100068538;3.000
100048140;3.000
100052134;3.000
100069689;3.000
100064712;3.000
91199;3.000
62377;3.000
100081132;3.000
62476;3.000
100081415;3.000
100070782;3.000
100074114;3.000
100075963;3.000
100053684;3.000
100079166;3.000
94698;3.000
77451;3.000
100070940;3.000
100034260;3.000
100079144;3.000
100073786;3.000
100068755;3.000
100063895;3.000
100054141;3.000
100062450;3.000
100063110;3.000
100031082;3.000
100020808;3.000
100069650;3.000
100069726;3.000
100073123;3.000
100070616;3.000
66871;3.000
100032581;3.000
100045942;3.000
100069731;3.000
100050543;3.000
100070587;3.000
100040332;3.000
100041596;3.000
81026;3.000
100070884;3.000
100081456;3.000
100057271;3.000
100081836;3.000
100070387;3.000
100059088;3.000
100065598;3.000
100068158;3.000
100042804;3.000
100081596;3.000
100069903;3.000
100076673;3.000
100068132;3.000
100037447;3.000
100075220;3.000
100068480;3.000
100077484;3.000
100010155;3.000
100068562;3.000
87653;3.000
100069375;3.000
100014931;3.000
100056797;3.000
100059384;3.000
100067959;3.000
100043719;3.000
100066716;3.000
94594;3.000
100071646;3.000
100010684;3.000
100079280;3.000
100079953;3.000
100055959;3.000
100034706;3.000
56161;3.000
100072753;3.000
24382;3.000
100072160;3.000
100071756;3.000
58325;3.000
100073244;3.000
100057752;3.000
100069430;3.000
85506;3.000
100080424;3.000
100082399;3.000
100055571;3.000
100076671;3.000
100064233;3.000
100061956;3.000
100043818;3.000
100055064;3.000
100034284;3.000
76150;3.000
100072485;3.000
100079425;3.000
100029916;3.000
100057883;3.000
100070568;3.000
100049411;3.000
100071846;3.000
100057169;3.000
100069391;3.000
100077857;3.000
97889;3.000
100070124;3.000
100076024;3.000
100056927;3.000
100069878;3.000
100072641;3.000
100069646;3.000
90681;3.000
100045990;3.000
100024857;3.000
100078094;3.000
100046296;3.000
100072975;3.000
100069654;3.000
100071463;3.000
100041421;3.000
41904;3.000
100072112;3.000
100078295;3.000
100061371;3.000
100033994;3.000
100070370;3.000
100080472;3.000
79439;3.000
100059252;3.000
100031473;3.000
100081574;3.000
100079164;3.000
100051650;3.000
100021391;3.000
100072591;3.000
100023596;3.000
100062677;3.000
100068543;3.000
100076790;3.000
100078330;3.000
100079082;3.000
100013656;3.000
100036657;3.000
100016869;3.000
100079429;3.000
100079544;3.000
100062399;3.000
100027921;3.000
100062890;3.000
77258;3.000
100062601;3.000
80825;3.000
100058348;3.000
100056151;3.000
100012708;3.000
100039040;3.000
100082711;3.000
100062097;3.000
100043837;3.000
100041924;3.000
100062741;3.000
100068791;3.000
100079684;3.000
100068556;3.000
87737;3.000
100056047;3.000
100071645;3.000
100072042;3.000
32254;3.000
100017430;3.000
100034273;3.000
100081375;3.000
90806;3.000
100038048;3.000
100077217;3.000
100061930;3.000
100061034;3.000
100075601;3.000
100027223;3.000
100061060;3.000
100050406;3.000
100078026;3.000
100060293;3.000
100027995;3.000
100076757;3.000
100069155;3.000
100064858;3.000
100043986;3.000
100045380;3.000
100020922;3.000
100056928;3.000
100075733;3.000
100076670;3.000
78225;3.000
91104;3.000
100058905;3.000
100065608;3.000
100066512;3.000
100043714;3.000
100047117;3.000
100081288;3.000
100078508;3.000
100074335;3.000
49769;3.000
100068881;3.000
100079790;3.000
95494;3.000
100076514;3.000
100071485;3.000
100067698;3.000
100074976;3.000
100070503;3.000
89443;3.000
100069244;3.000
100068936;3.000
100065268;3.000
100072476;3.000
100059439;3.000
100075606;3.000
100045812;3.000
100059254;3.000
100065643;3.000
100074022;3.000
76137;3.000
100068299;3.000
100056839;3.000
100074980;3.000
100060459;3.000
100037371;3.000
100070991;3.000
100079432;3.000
100069052;3.000
100063720;3.000
29535;3.000
100064657;3.000
100068245;3.000
100026143;3.000
100055084;3.000
100018655;3.000
100068534;3.000
100069714;3.000
100014316;3.000
100067540;3.000
100074580;3.000
100055001;3.000
100067232;3.000
100070743;3.000
100039660;3.000
100061929;3.000
51308;3.000
100070681;3.000
100063270;3.000
100065023;3.000
100074079;3.000
100069625;3.000
100079450;3.000
100056840;3.000
100068420;3.000
100032807;3.000
100075521;3.000
100049639;3.000
100075309;3.000
100045869;3.000
100067459;3.000
100076512;3.000
100046875;3.000
100071374;3.000
100078861;3.000
100020124;3.000
100074549;3.000
100080084;3.000
100080636;3.000
90269;3.000
100036635;3.000
100074001;3.000
100080047;3.000
95073;3.000
100082770;3.000
91290;3.000
100037099;3.000
100067184;3.000
100057252;3.000
100074408;3.000
100074604;3.000
100078961;3.000
100010797;3.000
57824;3.000
100072360;3.000
100067262;3.000
55993;3.000
100062910;3.000
100062635;3.000
100076949;3.000
100075057;3.000
100042510;3.000
100025851;3.000
100036774;3.000
93547;3.000
100068867;3.000
100062554;3.000
100081831;3.000
100051314;3.000
100076865;3.000
100043889;3.000
100021010;3.000
100049657;3.000
100065085;3.000
100019749;3.000
92962;3.000
81061;3.000
100011774;3.000
62626;3.000
36236;3.000
100068557;3.000
100076541;3.000
100067189;3.000
100076323;3.000
100069716;3.000
100021658;3.000
100074096;3.000
100075149;3.000
100073232;3.000
100073945;3.000
100019648;3.000
100081380;3.000
100057242;3.000
100081612;3.000
100082720;3.000
96150;3.000
100059508;3.000
100059177;3.000
100067954;3.000
100081757;3.000
100070520;3.000
100079692;3.000
100078334;3.000
100075179;3.000
100070379;3.000
100055991;3.000
100068540;3.000
100072184;3.000
100058922;3.000
100045426;3.000
100049620;3.000
100069777;3.000
100064068;3.000
100061781;3.000
73151;3.000
100073969;3.000
100071157;3.000
100044201;3.000
100082110;3.000
100078887;3.000
100073040;3.000
100080717;3.000
62627;3.000
100080090;3.000
100038004;3.000
86481;3.000
100065617;3.000
100072389;3.000
100043556;3.000
100021324;3.000
100038879;3.000
100066448;3.000
100037882;3.000
100074437;3.000
100043110;3.000
100071868;3.000
100046655;3.000
100041005;3.000
100063897;3.000
100072891;3.000
72495;3.000
86633;3.000
100064789;3.000
100037359;3.000
100052707;3.000
100061768;3.000
100035161;3.000
100072722;3.000
59413;3.000
100081528;3.000
100075698;3.000
79408;3.000
100049398;3.000
100074120;3.000
100051162;3.000
100062867;3.000
95300;3.000
100051331;3.000
100051619;3.000
83479;3.000
100028066;3.000
100055433;3.000
100068769;3.000
100070973;3.000
100072534;3.000
100076380;3.000
100074310;3.000
100078430;3.000
100026719;3.000
100031076;3.000
100069817;3.000
100073756;3.000
100050843;3.000
100068185;3.000
100070228;3.000
100073525;3.000
100079098;3.000
100073255;3.000
27201;3.000
100073299;3.000
100071356;3.000
100068722;3.000
100062851;3.000
100051134;3.000
100056519;3.000
100081438;3.000
100056095;3.000
100051616;3.000
100067380;3.000
100045068;3.000
100071809;3.000
100062331;3.000
100050846;3.000
100074799;3.000
100055761;3.000
87182;3.000
100065013;3.000
100043987;3.000
100074075;3.000
100069146;3.000
100034043;3.000
100024426;3.000
100067010;3.000
100079411;3.000
100080858;3.000
100055326;3.000
100060460;3.000
100072340;3.000
100079150;3.000
100019644;3.000
100058054;3.000
100073716;3.000
100064915;3.000
100051424;3.000
48559;3.000
100068658;3.000
76412;3.000
100023598;3.000
100014121;3.000
100068595;3.000
100022317;3.000
100074542;3.000
100026359;3.000
100070302;3.000
100076581;3.000
100082934;3.000
100042362;3.000
100065038;3.000
100048090;3.000
100043925;3.000
100062293;3.000
100074899;3.000
95329;3.000
100049097;3.000
100067375;3.000
100071649;3.000
100081774;3.000
100077709;3.000
40339;3.000
100070308;3.000
47480;3.000
100081813;3.000
100079100;3.000
100016254;3.000
100043696;3.000
69926;3.000
100038720;3.000
62439;3.000
100082715;3.000
100068640;3.000
100056027;3.000
100064075;3.000
100063464;3.000
100047101;3.000
100076116;3.000
100067311;3.000
100067525;3.000
100066444;3.000
100059109;3.000
100034764;3.000
100071752;3.000
100075320;3.000
100060832;3.000
100079414;3.000
100080460;3.000
100020965;3.000
100074021;3.000
100062532;3.000
100034261;3.000
100070231;3.000
100047349;3.000
100063376;3.000
100065036;3.000
100028067;3.000
100066164;3.000
100082585;3.000
100073005;3.000
100045819;3.000
100073037;3.000
100056510;3.000
100074314;3.000
100067503;3.000
100078070;3.000
100051752;3.000
100055481;3.000
100069812;3.000
100071278;3.000
100072842;3.000
100066514;3.000
100081018;3.000
100032793;3.000
100082106;3.000
100069659;3.000
100074857;3.000
100065269;3.000
100021009;3.000
62529;3.000
100079020;3.000
100076082;3.000
100068913;3.000
100049366;3.000
100069724;3.000
100072538;3.000
100044614;3.000
100077899;3.000
100062538;3.000
100060542;3.000
100066766;3.000
100071728;3.000
100074764;3.000
100061059;3.000
87132;3.000
100015840;3.000
100039063;3.000
100079086;3.000
100056044;3.000
100048761;3.000
100067372;3.000
93053;3.000
100073801;3.000
100076020;3.000
100070893;3.000
100074082;3.000
100070190;3.000
100069139;3.000
100022167;3.000
100060916;3.000
100078640;3.000
100079162;3.000
100081925;3.000
100063201;3.000
100072909;3.000
62440;3.000
100073341;3.000
100043692;3.000
100076144;3.000
100055590;3.000
100073167;3.000
100065483;3.000
100082031;3.000
59719;3.000
100035971;3.000
100074565;3.000
100069226;3.000
100047181;3.000
100062188;3.000
100080428;3.000
100059510;3.000
100073480;3.000
100045376;3.000
100057961;3.000
100069128;3.000
100072537;3.000
100074076;3.000
100065541;3.000
100067471;3.000
100068118;3.000
100048294;3.000
100056795;3.000
100059484;3.000
53044;3.000
100062536;3.000
100078137;3.000
100059989;3.000
100045388;3.000
100073937;3.000
100070002;3.000
100069639;3.000
100042700;3.000
100043731;3.000
100066551;3.000
100018656;3.000
49518;3.000
100081030;3.000
100075303;3.000
100022318;3.000
100065081;3.000
77609;3.000
100067797;3.000
100043192;3.000
100060836;3.000
100076983;3.000
100068415;3.000
100055737;3.000
100024913;3.000
100045992;3.000
100024811;3.000
79491;3.000
100077703;3.000
100078590;3.000
100063146;3.000
100050821;3.000
100074436;3.000
100081694;3.000
100079031;3.000
100063247;3.000
1035;3.000
100071810;3.000
100073235;3.000
100037235;3.000
42974;3.000
100024866;3.000
100075696;3.000
100047172;3.000
91494;3.000
100067465;3.000
100052684;3.000
98039;2.000
100074375;2.000
100076252;2.000
100076532;2.000
100039077;2.000
100045392;2.000
100064479;2.000
100059561;2.000
100062439;2.000
100041911;2.000
100071024;2.000
100023570;2.000
100042425;2.000
100048581;2.000
100068488;2.000
100071357;2.000
100012220;2.000
100067255;2.000
100082149;2.000
100076741;2.000
100075481;2.000
100073722;2.000
100039677;2.000
100075783;2.000
100013738;2.000
100072981;2.000
83597;2.000
100044355;2.000
100045997;2.000
100057499;2.000
100049719;2.000
100067958;2.000
100055077;2.000
100066029;2.000
100071661;2.000
100077633;2.000
100066193;2.000
100068351;2.000
100081949;2.000
100061161;2.000
100066434;2.000
100066508;2.000
100075578;2.000
100062834;2.000
100081855;2.000
100010343;2.000
90116;2.000
100060356;2.000
100066304;2.000
100017897;2.000
100077871;2.000
100061863;2.000
100062460;2.000
27496;2.000
100061288;2.000
41886;2.000
100079750;2.000
100069036;2.000
100043711;2.000
100023926;2.000
100080550;2.000
100069211;2.000
100027997;2.000
100059754;2.000
100079402;2.000
100060520;2.000
100074746;2.000
100069218;2.000
100081067;2.000
100075619;2.000
100065300;2.000
100017431;2.000
100081695;2.000
100071084;2.000
100081444;2.000
100059424;2.000
100055710;2.000
100042011;2.000
100079950;2.000
100074656;2.000
100078037;2.000
100081775;2.000
100081126;2.000
100050781;2.000
100044365;2.000
100082295;2.000
100021495;2.000
100070628;2.000
100047815;2.000
86935;2.000
100079708;2.000
100068750;2.000
100028781;2.000
100053077;2.000
100056165;2.000
100047178;2.000
100045972;2.000
100061858;2.000
100042964;2.000
100060779;2.000
100068572;2.000
100025374;2.000
100078291;2.000
85640;2.000
100076017;2.000
100034259;2.000
100047730;2.000
100068652;2.000
100079654;2.000
100010203;2.000
67452;2.000
100074467;2.000
100066736;2.000
81409;2.000
100068497;2.000
100030420;2.000
100081906;2.000
100045824;2.000
100077707;2.000
100055435;2.000
100074709;2.000
100061813;2.000
100060178;2.000
100061710;2.000
100059485;2.000
100076392;2.000
100076942;2.000
100013993;2.000
100063719;2.000
100069682;2.000
100080017;2.000
100070303;2.000
100058641;2.000
100059687;2.000
100069157;2.000
100075467;2.000
100057186;2.000
100068106;2.000
100071841;2.000
100016534;2.000
91986;2.000
100068444;2.000
100068514;2.000
40059;2.000
100079074;2.000
96765;2.000
100050109;2.000
78986;2.000
100071569;2.000
100077574;2.000
100073523;2.000
4582;2.000
100073803;2.000
100080543;2.000
100061732;2.000
100061673;2.000
100073565;2.000
100036519;2.000
100053493;2.000
100068024;2.000
100072541;2.000
100075538;2.000
100076981;2.000
100035160;2.000
100077892;2.000
100059308;2.000
100072191;2.000
100071922;2.000
100064079;2.000
73024;2.000
100067490;2.000
97448;2.000
100079236;2.000
100066491;2.000
100072213;2.000
100032944;2.000
100075895;2.000
100027236;2.000
100073028;2.000
94184;2.000
100076972;2.000
78346;2.000
100067877;2.000
100073693;2.000
100032814;2.000
92683;2.000
100067187;2.000
100078853;2.000
100055056;2.000
100080925;2.000
100070404;2.000
100054468;2.000
100011261;2.000
100063170;2.000
100050157;2.000
74067;2.000
100038743;2.000
100067696;2.000
100068033;2.000
100060488;2.000
100064549;2.000
100076023;2.000
100069199;2.000
100080273;2.000
100064202;2.000
95263;2.000
100024907;2.000
100046006;2.000
100079121;2.000
100020078;2.000
100069874;2.000
100074568;2.000
100070427;2.000
100044115;2.000
100047168;2.000
100027996;2.000
90621;2.000
100059498;2.000
100080268;2.000
100044144;2.000
100072512;2.000
100073920;2.000
100019382;2.000
100066369;2.000
100050836;2.000
100058595;2.000
100043816;2.000
100061707;2.000
100014879;2.000
100064072;2.000
100062436;2.000
100032998;2.000
100016526;2.000
100056787;2.000
100045401;2.000
100074346;2.000
100074175;2.000
100028808;2.000
100079125;2.000
100082150;2.000
100058065;2.000
100078231;2.000
100073388;2.000
92680;2.000
100048824;2.000
100019689;2.000
100045402;2.000
100024446;2.000
82105;2.000
100069228;2.000
100039909;2.000
100056048;2.000
100075385;2.000
100064469;2.000
100019687;2.000
77490;2.000
100080556;2.000
100078254;2.000
88126;2.000
86606;2.000
100068521;2.000
100081613;2.000
100070550;2.000
100079647;2.000
100021660;2.000
95304;2.000
100049859;2.000
100068720;2.000
100074116;2.000
100076720;2.000
100082930;2.000
100078180;2.000
100020807;2.000
100073684;2.000
100061815;2.000
100082856;2.000
100049277;2.000
100075764;2.000
100081382;2.000
100045378;2.000
100067418;2.000
58112;2.000
100072386;2.000
100043630;2.000
100075952;2.000
100065084;2.000
100065838;2.000
100070430;2.000
100068624;2.000
100081540;2.000
100081251;2.000
100070617;2.000
100078016;2.000
100067267;2.000
100071959;2.000
100075706;2.000
100031611;2.000
100022324;2.000
100073527;2.000
100068953;2.000
100011191;2.000
100081766;2.000
100053439;2.000
100052035;2.000
100049399;2.000
100064854;2.000
100082049;2.000
100070422;2.000
100074502;2.000
60632;2.000
100041589;2.000
100076586;2.000
100082412;2.000
100065260;2.000
100043667;2.000
100070453;2.000
100068471;2.000
100063525;2.000
100055328;2.000
94872;2.000
100070082;2.000
100078857;2.000
100076662;2.000
100074352;2.000
100034277;2.000
100068136;2.000
100075161;2.000
96501;2.000
100035922;2.000
100082425;2.000
100080559;2.000
100075280;2.000
100073972;2.000
100059311;2.000
76395;2.000
100081083;2.000
72733;2.000
100071935;2.000
100068126;2.000
100073735;2.000
100070815;2.000
100080555;2.000
100024860;2.000
100065355;2.000
100073578;2.000
100075636;2.000
100038081;2.000
100072154;2.000
100045430;2.000
100079550;2.000
3747;2.000
100070732;2.000
100045827;2.000
100067505;2.000
30010;2.000
100067327;2.000
100044116;2.000
100040738;2.000
100037233;2.000
100059511;2.000
100041383;2.000
100067233;2.000
100081037;2.000
100036773;2.000
100081057;2.000
100065290;2.000
100067204;2.000
44620;2.000
100080401;2.000
100067382;2.000
100075741;2.000
100034052;2.000
100081652;2.000
100068904;2.000
100077087;2.000
100075377;2.000
100082476;2.000
100062481;2.000
67571;2.000
100081880;2.000
100068214;2.000
100076746;2.000
100052558;2.000
100033048;2.000
100072169;2.000
100078525;2.000
100042028;2.000
100076978;2.000
100055801;2.000
100032811;2.000
100041296;2.000
100036452;2.000
100077956;2.000
100077727;2.000
100034310;2.000
100014191;2.000
100055568;2.000
100062934;2.000
100070211;2.000
100077632;2.000
100070271;2.000
100015228;2.000
100054817;2.000
100082111;2.000
100068255;2.000
78692;2.000
100063025;2.000
68498;2.000
100067767;2.000
100072585;2.000
100076437;2.000
100078765;2.000
100070781;2.000
81846;2.000
100058643;2.000
100034177;2.000
100070443;2.000
100059204;2.000
100073099;2.000
100039668;2.000
100055782;2.000
100029237;2.000
100071255;2.000
77579;2.000
76351;2.000
100055878;2.000
100042699;2.000
100026769;2.000
100034733;2.000
4860;2.000
100074019;2.000
100060354;2.000
80831;2.000
100022164;2.000
100081702;2.000
100033908;2.000
65502;2.000
100077645;2.000
100064331;2.000
100075637;2.000
100077041;2.000
100079039;2.000
100050606;2.000
100055499;2.000
100071815;2.000
100034054;2.000
100073270;2.000
100077957;2.000
100081532;2.000
100079910;2.000
100060086;2.000
89627;2.000
32680;2.000
100073857;2.000
100068644;2.000
61040;2.000
100072962;2.000
100071204;2.000
100019690;2.000
100081381;2.000
100061454;2.000
100078522;2.000
100058666;2.000
100041727;2.000
65767;2.000
82320;2.000
100069977;2.000
100078296;2.000
100061467;2.000
100060291;2.000
100082147;2.000
100035530;2.000
100041225;2.000
100063867;2.000
100078325;2.000
100070322;2.000
100042051;2.000
100070415;2.000
100076573;2.000
100078251;2.000
100061806;2.000
100051395;2.000
100082567;2.000
100069889;2.000
100074636;2.000
100076991;2.000
100037494;2.000
100079651;2.000
100063153;2.000
90836;2.000
100069250;2.000
100069197;2.000
100072982;2.000
100069619;2.000
100061837;2.000
100076168;2.000
100072745;2.000
100050462;2.000
100059354;2.000
100024339;2.000
100065644;2.000
100051525;2.000
86528;2.000
100045881;2.000
100079963;2.000
100067080;2.000
100026661;2.000
100079791;2.000
100075304;2.000
100068493;2.000
100071403;2.000
100071005;2.000
100067784;2.000
100031175;2.000
100072158;2.000
100082432;2.000
100069449;2.000
100045998;2.000
100076131;2.000
100037999;2.000
100068622;2.000
100070414;2.000
100079687;2.000
100034752;2.000
100019643;2.000
100054999;2.000
100069135;2.000
100066068;2.000
100035092;2.000
100045429;2.000
100054930;2.000
100049656;2.000
75005;2.000
100057248;2.000
100080240;2.000
100073652;2.000
100069717;2.000
100067039;2.000
73663;2.000
84030;2.000
76139;2.000
100011217;2.000
100069399;2.000
100058906;2.000
100055956;2.000
100082891;2.000
100016868;2.000
100030576;2.000
100067761;2.000
100070868;2.000
100041751;2.000
100048570;2.000
100081814;2.000
66839;2.000
100028228;2.000
100068189;2.000
100055768;2.000
100070250;2.000
100070349;2.000
100034757;2.000
100069514;2.000
100075465;2.000
100076628;2.000
100069463;2.000
100080578;2.000
100075774;2.000
100074113;2.000
100041428;2.000
100080000;2.000
85628;2.000
100072785;2.000
100012169;2.000
63742;2.000
100065490;2.000
100081516;2.000
100073131;2.000
100072230;2.000
100076731;2.000
100075781;2.000
100065080;2.000
100041675;2.000
100065816;2.000
100066428;2.000
100075125;2.000
100068077;2.000
100073386;2.000
100021702;2.000
100065068;2.000
100067200;2.000
100070786;2.000
92694;2.000
100059182;2.000
100070712;2.000
100073752;2.000
100065123;2.000
100035964;2.000
100074570;2.000
100072331;2.000
100044067;2.000
100044959;2.000
100062835;2.000
100030183;2.000
100072270;2.000
100070518;2.000
100023192;2.000
82689;2.000
90382;2.000
68881;2.000
100082337;2.000
100055372;2.000
100045988;2.000
100023568;2.000
23052;2.000
100069712;2.000
100079184;2.000
84539;2.000
100026142;2.000
100052583;2.000
100075513;2.000
100067680;2.000
100067275;2.000
100034754;2.000
100068676;2.000
100063663;2.000
100060286;2.000
100068117;2.000
100038060;2.000
100044319;2.000
100053434;2.000
100078848;2.000
100075145;2.000
100026236;2.000
100024482;2.000
100045336;2.000
100011153;2.000
100073422;2.000
100043985;2.000
100058594;2.000
100072086;2.000
100059288;2.000
100067586;2.000
77446;2.000
100070759;2.000
100074101;2.000
100067205;2.000
100078954;2.000
100031056;2.000
100055102;2.000
100056116;2.000
100032586;2.000
100054022;2.000
49258;2.000
100058270;2.000
98578;2.000
100022168;2.000
100076756;2.000
100060497;2.000
100070284;2.000
100075693;2.000
87761;2.000
100039819;2.000
100074667;2.000
100060318;2.000
100067201;2.000
100047346;2.000
100081651;2.000
100070903;2.000
67412;2.000
100073086;2.000
100062463;2.000
100073031;2.000
100064019;2.000
100041718;2.000
100066507;2.000
100033963;2.000
100061906;2.000
81057;2.000
100045381;2.000
100077477;2.000
100069652;2.000
100065491;2.000
100067956;2.000
100078561;2.000
47926;2.000
100057195;2.000
100072384;2.000
100051493;2.000
100071978;2.000
100045828;2.000
100065603;2.000
100076601;2.000
100034066;2.000
100024810;2.000
100056577;2.000
100051174;2.000
93168;2.000
94598;2.000
98476;2.000
100055407;2.000
100041690;2.000
100031872;2.000
98629;2.000
100082669;2.000
100070179;2.000
100046851;2.000
100067838;2.000
100074712;2.000
92109;2.000
100041321;2.000
100063878;2.000
100060414;2.000
100081453;2.000
100068450;2.000
100072532;2.000
100068916;2.000
100068020;2.000
100067186;2.000
100062888;2.000
100067209;2.000
100057949;2.000
100068768;2.000
100063846;2.000
100082344;2.000
100066262;2.000
100072910;2.000
100042014;2.000
24700;2.000
61311;2.000
100062693;2.000
100059467;2.000
100079130;2.000
100068909;2.000
54213;2.000
100061819;2.000
100070917;2.000
100060202;2.000
100047169;2.000
100076635;2.000
100082726;2.000
100081363;2.000
100069894;2.000
100047096;2.000
100078102;2.000
100030286;2.000
100055939;2.000
100069972;2.000
100011546;2.000
100060410;2.000
100014262;2.000
100050848;2.000
100015645;2.000
100074023;2.000
100078420;2.000
100045425;2.000
100056642;2.000
100042658;2.000
100068665;2.000
100054933;2.000
100071889;2.000
100020866;2.000
100033897;2.000
100034309;2.000
100082406;2.000
100037414;2.000
100079076;2.000
92019;2.000
33229;2.000
100079302;2.000
24078;2.000
100073741;2.000
100040182;2.000
94911;2.000
100059408;2.000
100066076;2.000
100062931;2.000
100075720;2.000
100070850;2.000
100074297;2.000
49151;2.000
100027427;2.000
100016764;2.000
100045391;2.000
100081557;2.000
100030699;2.000
100045025;2.000
100043922;2.000
100067223;2.000
70077;2.000
100062541;2.000
100020058;2.000
100072549;2.000
100039780;2.000
100074906;2.000
100076764;2.000
100076389;2.000
100033004;2.000
100072829;2.000
100046617;2.000
100077622;2.000
100034507;2.000
100074756;2.000
100010190;2.000
100075616;2.000
87995;2.000
100072326;2.000
100074895;2.000
100080564;2.000
100075289;2.000
100055725;2.000
100012647;2.000
98594;2.000
100048110;2.000
100059974;2.000
100075770;2.000
100078790;2.000
100081080;2.000
100032026;2.000
100068709;2.000
100077389;2.000
100038115;2.000
100068135;2.000
100011889;2.000
100047347;2.000
100030827;2.000
100064807;2.000
100068155;2.000
100066792;2.000
100061665;2.000
100026155;2.000
100057402;2.000
100081051;2.000
100034563;2.000
67405;2.000
100010191;2.000
100078547;2.000
100074365;2.000
100060593;2.000
100034737;2.000
100027991;2.000
100042786;2.000
100077620;2.000
100042037;2.000
100066738;2.000
100051183;2.000
100082605;2.000
100073785;2.000
100072236;2.000
86932;2.000
100028816;2.000
91512;2.000
100075838;2.000
100044908;2.000
100065130;2.000
100060961;2.000
61043;2.000
100064323;2.000
100052979;2.000
67185;2.000
100053425;2.000
100062287;2.000
100035020;2.000
100067777;2.000
100074587;2.000
100081096;2.000
100077908;2.000
100060315;2.000
100060179;2.000
100078519;2.000
100070405;2.000
80957;2.000
100071819;2.000
100076128;2.000
100081833;2.000
100069621;2.000
100067703;2.000
100052939;2.000
100054462;2.000
100060611;2.000
100064035;2.000
100079630;2.000
100077781;2.000
100070200;2.000
100032451;2.000
83078;2.000
100069204;2.000
100075204;2.000
85353;2.000
100081432;2.000
100033961;2.000
100076282;2.000
100046564;2.000
100070334;2.000
100061118;2.000
100045386;2.000
100068594;2.000
100068388;2.000
100076730;2.000
100065489;2.000
100066279;2.000
100034506;2.000
100082353;2.000
100025561;2.000
100066160;2.000
100049010;2.000
100059987;2.000
100024848;2.000
100078883;2.000
100058588;2.000
100039065;2.000
100068354;2.000
100075668;2.000
100081720;2.000
100040140;2.000
100021281;2.000
100075629;2.000
100066813;2.000
100045865;2.000
100080709;2.000
100081190;2.000
100068101;2.000
100074341;2.000
100038121;2.000
23911;2.000
100074003;2.000
91337;2.000
100031496;2.000
100053470;2.000
100021240;2.000
100024060;2.000
100059495;2.000
100042696;2.000
4821;2.000
100020449;2.000
100045384;2.000
100082268;2.000
100039094;2.000
100063902;2.000
100059293;2.000
100035770;2.000
100070299;2.000
100074367;2.000
100069198;2.000
100061453;2.000
100022404;2.000
100075142;2.000
65323;2.000
100049848;2.000
100054486;2.000
100063930;2.000
100070888;2.000
100073733;2.000
100077245;2.000
100073737;2.000
100013550;2.000
61833;2.000
100077756;2.000
100041684;2.000
100012432;2.000
100064754;2.000
100059217;2.000
100061890;2.000
100032741;2.000
66874;2.000
100080532;2.000
100081730;2.000
85352;2.000
93131;2.000
100077355;2.000
100070622;2.000
100018842;2.000
100075123;2.000
100039201;2.000
100065233;2.000
100022618;2.000
100043899;2.000
100064347;2.000
100077553;2.000
100064955;2.000
100081715;2.000
100078570;2.000
100043729;2.000
100072070;2.000
100064605;2.000
75348;2.000
100016814;2.000
100059213;2.000
100077630;2.000
100072356;2.000
100040756;2.000
100069730;2.000
100060891;2.000
100045615;2.000
100071099;2.000
100010138;2.000
100062678;2.000
83837;2.000
100047128;2.000
100073251;2.000
87789;2.000
100034308;2.000
100082662;2.000
100079418;2.000
100042107;2.000
100056694;2.000
100068119;2.000
100079638;2.000
100073628;2.000
100079924;2.000
100068270;2.000
100081589;2.000
90917;2.000
100068271;2.000
72728;2.000
100074376;2.000
56151;2.000
100049638;2.000
100069651;2.000
100043514;2.000
100081568;2.000
100044396;2.000
100068563;2.000
100039748;2.000
100063448;2.000
100068441;2.000
100052618;2.000
100069290;2.000
100021237;2.000
100012917;2.000
100036013;2.000
100065817;2.000
100076595;2.000
100043578;2.000
100081610;2.000
100067252;2.000
100063449;2.000
100045861;2.000
100069705;2.000
100059988;2.000
100069725;2.000
25519;2.000
100078178;2.000
93713;2.000
100073532;2.000
100046558;2.000
100051251;2.000
100068546;2.000
100064547;2.000
100051239;2.000
100063736;2.000
100076975;2.000
100070603;2.000
100072047;2.000
100043006;2.000
100072655;2.000
100075695;2.000
76141;2.000
100057411;2.000
100045349;2.000
100056773;2.000
100045155;2.000
100040367;2.000
100060843;2.000
100060323;2.000
100080922;2.000
100070408;2.000
79135;2.000
100066303;2.000
100050763;2.000
83431;2.000
100046707;2.000
100064616;2.000
100071644;2.000
100055079;2.000
84246;2.000
100071158;2.000
100039414;2.000
100070561;2.000
100073514;2.000
64003;2.000
100059266;2.000
89827;2.000
100075012;2.000
100076767;2.000
100050158;2.000
100053444;2.000
100036135;2.000
93587;2.000
100069524;2.000
100039658;2.000
100064856;2.000
100081549;2.000
100059695;2.000
91495;2.000
100066711;2.000
100068142;2.000
100037877;2.000
100068972;2.000
100073977;2.000
100055684;2.000
100015234;2.000
100044314;2.000
100060313;2.000
100047851;2.000
87268;2.000
100052504;2.000
100042807;2.000
100061934;2.000
100072387;2.000
100024771;2.000
100043835;2.000
77084;2.000
100068067;2.000
78788;2.000
100076778;2.000
100069884;2.000
100022829;2.000
100056166;2.000
100055438;2.000
100082422;2.000
100035097;2.000
100071022;2.000
71452;2.000
100068838;2.000
100082386;2.000
100068582;2.000
100056950;2.000
100079947;2.000
100053761;2.000
100046422;2.000
100079205;2.000
100045168;2.000
100082029;2.000
100077208;2.000
100045867;2.000
100073522;2.000
47457;2.000
100068615;2.000
100080849;2.000
100067681;2.000
100021472;2.000
64215;2.000
100062625;2.000
100065965;2.000
100081821;2.000
100045219;2.000
100070272;2.000
100070999;2.000
100072108;2.000
100072502;2.000
100056028;2.000
100072119;2.000
100079128;2.000
100065351;2.000
100054811;2.000
100061119;2.000
100012152;2.000
100068109;2.000
100071550;2.000
100074773;2.000
93087;2.000
97639;2.000
100072487;2.000
100050207;2.000
100081558;2.000
100076241;2.000
90832;2.000
100045372;2.000
100055694;2.000
100067965;2.000
100072353;2.000
100045739;2.000
78283;2.000
100067333;2.000
100068068;2.000
93375;2.000
39610;2.000
100032582;2.000
100051173;2.000
100049718;2.000
82532;2.000
100049722;2.000
100043206;2.000
100069668;2.000
100065014;2.000
100067590;2.000
100031772;2.000
100050015;2.000
100068623;2.000
100074020;2.000
100075896;2.000
100068744;2.000
76691;2.000
100043248;2.000
100062869;2.000
100081507;2.000
100070910;2.000
100039098;2.000
100069207;2.000
100068030;2.000
100011332;2.000
100052460;2.000
71260;2.000
100065062;2.000
100063127;2.000
100061117;2.000
100082056;2.000
100031493;2.000
100062030;2.000
100072868;2.000
100073939;2.000
69304;2.000
100041907;2.000
100071751;2.000
100075121;2.000
100068235;2.000
100075769;2.000
100071151;2.000
100071652;2.000
100068671;2.000
100079223;2.000
49564;2.000
100012701;2.000
100075229;2.000
100074804;2.000
100069687;2.000
100063206;2.000
100063799;2.000
100034509;2.000
100040492;2.000
100076640;2.000
47462;2.000
100080701;2.000
100075583;2.000
100038965;2.000
100066511;2.000
100038874;2.000
100069174;2.000
100056963;2.000
96760;2.000
100070731;2.000
100046427;2.000
100061478;2.000
100063929;2.000
100059340;2.000
86642;2.000
92819;2.000
100072088;2.000
78409;2.000
100070234;2.000
100065812;2.000
100073771;2.000
100025767;2.000
100070437;2.000
77757;2.000
100075579;2.000
100073766;2.000
100080445;2.000
100053226;2.000
100076749;2.000
91426;2.000
3758;2.000
100065285;2.000
100073384;2.000
100023569;2.000
100077459;2.000
100042047;2.000
100081552;2.000
100081508;2.000
100065735;2.000
100077617;2.000
100070273;2.000
100057943;2.000
100052045;2.000
87236;2.000
100027237;2.000
100081318;2.000
100075702;2.000
100067967;2.000
100015852;2.000
81022;2.000
100021516;2.000
100011776;2.000
100047344;2.000
100081478;2.000
100016955;2.000
100065379;2.000
86596;2.000
100071966;2.000
100073625;2.000
100052897;2.000
100071637;2.000
100064348;2.000
100041781;2.000
100042042;2.000
100062768;2.000
100053510;2.000
100068663;2.000
100080748;2.000
100057879;2.000
100076579;2.000
92677;2.000
100064322;2.000
100081493;2.000
100013453;2.000
100079625;2.000
100061116;2.000
100039074;2.000
100074578;2.000
93782;2.000
100082342;2.000
100068925;2.000
100073257;2.000
100063362;2.000
100074897;2.000
100078783;2.000
89433;2.000
100025731;2.000
100050536;2.000
100073918;2.000
100069949;2.000
100080623;2.000
46685;2.000
100077532;2.000
100081642;2.000
100066720;2.000
100068860;2.000
100082812;2.000
100056776;2.000
100076732;2.000
100063717;2.000
100063074;2.000
100046010;2.000
100066165;2.000
100011779;2.000
63066;2.000
100030505;2.000
100077309;2.000
100045207;2.000
100053195;2.000
80676;2.000
100050875;2.000
100079075;2.000
100064890;2.000
72742;2.000
100070108;2.000
100064959;2.000
100074518;2.000
100051517;2.000
100045731;2.000
100055701;2.000
100075757;2.000
100040209;2.000
100080415;2.000
100053762;2.000
100079955;2.000
100066486;2.000
100070832;2.000
100043733;2.000
100063710;2.000
100063856;2.000
100068197;2.000
100020781;2.000
100074938;2.000
100075450;2.000
100046671;2.000
100010301;2.000
67367;2.000
100050785;2.000
100071990;2.000
100055153;2.000
100061469;2.000
100067640;2.000
100068598;2.000
100042043;2.000
89062;2.000
100076107;2.000
100028886;2.000
100059179;2.000
100075778;2.000
100081691;2.000
80956;2.000
100070010;2.000
100050659;2.000
100061295;2.000
100060701;2.000
100076754;2.000
100043717;2.000
100082572;2.000
100021664;2.000
89486;2.000
100074579;2.000
100079693;2.000
74262;2.000
100063241;2.000
88258;2.000
100071725;2.000
100041146;2.000
100046839;2.000
100056968;2.000
100055105;2.000
100066506;2.000
100043636;2.000
100072369;2.000
100052959;2.000
100074900;2.000
100050774;2.000
100038832;2.000
100068219;2.000
100067094;2.000
100082635;2.000
100057987;2.000
100052929;2.000
100068981;2.000
100080053;2.000
100079656;2.000
100072879;2.000
100042038;2.000
100080294;2.000
100031511;2.000
100025728;2.000
100046306;2.000
100071763;2.000
100055778;2.000
100078807;2.000
100072546;2.000
100034145;2.000
89438;2.000
100058640;2.000
100041674;2.000
100081533;2.000
100070729;2.000
100071582;2.000
100028194;2.000
100073474;2.000
100075892;2.000
100044333;2.000
100059589;2.000
100081758;2.000
100059173;2.000
100050784;2.000
92374;2.000
3682;2.000
100077953;2.000
100032051;2.000
100070675;2.000
100062708;2.000
100078761;2.000
100044303;2.000
100030194;2.000
100080419;2.000
100045375;2.000
100021238;2.000
100081562;2.000
100077150;2.000
100035024;2.000
100081793;2.000
100077704;2.000
100062911;2.000
100052686;2.000
78816;2.000
100069379;2.000
100070401;2.000
100055981;2.000
100076607;2.000
90549;2.000
100067043;2.000
97430;2.000
100069986;2.000
100072551;2.000
70394;2.000
100046367;2.000
38839;2.000
100075780;2.000
100047538;2.000
100071640;2.000
100062511;2.000
100069170;2.000
100065267;2.000
100042018;2.000
77249;2.000
100022776;2.000
100077525;2.000
100024468;2.000
100067247;2.000
68319;2.000
100051182;2.000
100062718;2.000
92917;2.000
100041910;2.000
100043904;2.000
100070857;2.000
100077955;2.000
100034257;2.000
100081499;2.000
100071930;2.000
100080459;2.000
100052557;2.000
100067199;2.000
100077243;2.000
95478;2.000
100068225;2.000
100064548;2.000
100073834;2.000
100071924;2.000
100064708;2.000
80678;2.000
47201;2.000
100073230;2.000
100075664;2.000
87202;2.000
100064282;2.000
100061627;2.000
100067728;2.000
100026146;2.000
100077905;2.000
100077931;2.000
100080085;2.000
78672;2.000
100014943;2.000
100043809;2.000
100043892;2.000
100068122;2.000
100067491;2.000
100068145;2.000
100043911;2.000
100074673;2.000
100059172;2.000
100071211;2.000
100077363;2.000
100046782;2.000
100068567;2.000
100047343;2.000
59606;2.000
79592;2.000
100043196;2.000
97936;2.000
100048866;2.000
100074099;2.000
100061443;2.000
100069172;2.000
100039669;2.000
100078012;2.000
100077503;2.000
100061771;2.000
100060648;2.000
100047238;2.000
100043732;2.000
100076125;2.000
89043;2.000
100064060;2.000
100069548;2.000
100073921;2.000
100061800;2.000
100075627;2.000
100049666;2.000
100075162;2.000
100071874;2.000
100073788;2.000
100077572;2.000
100072837;2.000
100068584;2.000
100080457;2.000
74065;2.000
92120;2.000
100069242;2.000
54614;2.000
100066606;2.000
100042015;2.000
100080054;2.000
100066272;2.000
100048220;2.000
100059983;2.000
100024864;2.000
98589;2.000
100074752;2.000
100024460;2.000
100076674;2.000
100081924;2.000
100076540;2.000
100033906;2.000
100055871;2.000
100021657;2.000
100019061;2.000
100057520;2.000
100078245;2.000
100076755;2.000
100081840;2.000
100040920;2.000
100053814;2.000
100062727;2.000
100073485;2.000
82651;2.000
100062883;2.000
69444;2.000
100082063;2.000
100062473;2.000
100071551;2.000
92012;2.000
100079182;2.000
100078133;2.000
100046008;2.000
94415;2.000
100077506;2.000
100022171;2.000
100077550;2.000
98062;2.000
100036002;2.000
100072530;2.000
100079131;2.000
100070899;2.000
100073966;2.000
100070896;2.000
100041715;2.000
100050870;2.000
80818;2.000
100073793;2.000
100049746;2.000
100049612;2.000
100010661;2.000
100036574;2.000
100028265;2.000
100035240;2.000
100055455;2.000
97903;2.000
100048255;2.000
100064025;2.000
100058266;2.000
91476;2.000
100073592;2.000
100075281;2.000
100020012;2.000
100068509;2.000
100082354;2.000
100073717;2.000
100081701;2.000
100069397;2.000
100032958;2.000
100064375;2.000
100070305;2.000
100081569;2.000
100020511;2.000
100052538;2.000
100068542;2.000
100064748;2.000
100060411;2.000
100076395;2.000
41627;2.000
100074774;2.000
54979;2.000
100080525;2.000
100013551;2.000
64235;2.000
100022116;2.000
90770;2.000
100080403;2.000
100030584;2.000
76222;2.000
95140;2.000
100064973;2.000
100028888;2.000
100057340;2.000
100032812;2.000
100010640;2.000
100077722;2.000
100082402;2.000
100061667;2.000
100062409;2.000
100076874;2.000
100075743;2.000
100064402;2.000
28179;2.000
52486;2.000
100073484;2.000
100076774;2.000
100043779;2.000
100077673;2.000
63329;2.000
100064948;2.000
100065810;2.000
100038953;2.000
100055726;2.000
100079969;2.000
100022431;2.000
61843;2.000
100081711;2.000
100082113;2.000
100072914;2.000
53677;2.000
100067403;2.000
100067520;2.000
100069707;2.000
100040739;2.000
100046013;2.000
84089;2.000
92013;2.000
100067182;2.000
100052875;2.000
100067609;2.000
100076970;2.000
100066313;2.000
100049613;2.000
100052210;2.000
100074950;2.000
100080852;2.000
47466;2.000
100059671;2.000
100067514;1.000
100069785;1.000
100079270;1.000
100035894;1.000
100067207;1.000
100055586;1.000
100062606;1.000
100073833;1.000
100082034;1.000
100074084;1.000
100080067;1.000
40787;1.000
100060551;1.000
100068252;1.000
100081741;1.000
100042026;1.000
100034836;1.000
100046203;1.000
76146;1.000
100020017;1.000
100054526;1.000
70110;1.000
100068018;1.000
100081458;1.000
100018259;1.000
100068691;1.000
100050796;1.000
100023085;1.000
100081475;1.000
100079129;1.000
100073486;1.000
100074937;1.000
100044362;1.000
100053637;1.000
100067950;1.000
100075021;1.000
100073949;1.000
41628;1.000
100062529;1.000
100054571;1.000
100069799;1.000
100054525;1.000
100070898;1.000
100074316;1.000
100035757;1.000
100072041;1.000
100070516;1.000
100082388;1.000
100051485;1.000
100057292;1.000
100047727;1.000
100074700;1.000
100016785;1.000
100078351;1.000
70068;1.000
100074447;1.000
100019172;1.000
100069691;1.000
100072479;1.000
87998;1.000
90762;1.000
100070512;1.000
100056520;1.000
100070502;1.000
100064409;1.000
100054605;1.000
100068073;1.000
100042667;1.000
52106;1.000
100067770;1.000
100082800;1.000
100065252;1.000
100070508;1.000
100079807;1.000
100069810;1.000
100039223;1.000
100055756;1.000
100071375;1.000
100073247;1.000
100059689;1.000
100039761;1.000
59326;1.000
100077640;1.000
100073292;1.000
100072746;1.000
100039729;1.000
100061410;1.000
100081790;1.000
100062069;1.000
100076337;1.000
100068748;1.000
100053188;1.000
100039499;1.000
100052523;1.000
100078487;1.000
100065649;1.000
100024186;1.000
63253;1.000
100024915;1.000
100049640;1.000
100033094;1.000
100080912;1.000
100071898;1.000
100075474;1.000
100076217;1.000
100075615;1.000
100077576;1.000
100081704;1.000
94951;1.000
100037244;1.000
100070435;1.000
100067404;1.000
100068029;1.000
100069478;1.000
100065720;1.000
100068684;1.000
100064950;1.000
100031083;1.000
55511;1.000
100070505;1.000
100047157;1.000
100074713;1.000
100061078;1.000
100043478;1.000
100028672;1.000
100054842;1.000
100015509;1.000
100068259;1.000
100075171;1.000
100067261;1.000
100034854;1.000
100074380;1.000
100036327;1.000
100076947;1.000
100077648;1.000
100051914;1.000
100067941;1.000
100064277;1.000
100057992;1.000
100040562;1.000
100032421;1.000
100068031;1.000
100080404;1.000
100063177;1.000
100023090;1.000
87753;1.000
100012433;1.000
100064095;1.000
100071014;1.000
100082685;1.000
100033029;1.000
100026731;1.000
100045396;1.000
100046009;1.000
100065745;1.000
100046426;1.000
100073942;1.000
100021250;1.000
100049618;1.000
100068133;1.000
100026149;1.000
100037491;1.000
100018260;1.000
100024190;1.000
100075758;1.000
100039769;1.000
100023245;1.000
100079310;1.000
100038935;1.000
100042062;1.000
100067212;1.000
100035495;1.000
100046139;1.000
100081539;1.000
62810;1.000
100069702;1.000
100041594;1.000
100062074;1.000
100081734;1.000
100074313;1.000
100064066;1.000
100076761;1.000
100075059;1.000
100020610;1.000
100023889;1.000
62643;1.000
100046781;1.000
100062419;1.000
100032023;1.000
100070240;1.000
100034941;1.000
100066090;1.000
100082340;1.000
100072361;1.000
100063087;1.000
100055931;1.000
100073528;1.000
100044091;1.000
100068908;1.000
100077586;1.000
100070598;1.000
100069586;1.000
100057400;1.000
83996;1.000
100078427;1.000
100036842;1.000
100069283;1.000
100069649;1.000
100064919;1.000
100064475;1.000
85468;1.000
100039830;1.000
100076998;1.000
100055633;1.000
100079813;1.000
100047127;1.000
100033064;1.000
100020820;1.000
100068173;1.000
100030184;1.000
100059502;1.000
100076341;1.000
77443;1.000
100054748;1.000
100068206;1.000
100074511;1.000
100012967;1.000
84162;1.000
100043225;1.000
79492;1.000
100063103;1.000
100059304;1.000
100070429;1.000
100044646;1.000
100064562;1.000
87204;1.000
100079839;1.000
100068446;1.000
100068708;1.000
100081846;1.000
93365;1.000
100073513;1.000
100076288;1.000
100042027;1.000
100071265;1.000
100075178;1.000
57411;1.000
100078888;1.000
100042033;1.000
63126;1.000
100071827;1.000
100058706;1.000
100047649;1.000
100074867;1.000
100077685;1.000
100058211;1.000
100041143;1.000
100072769;1.000
100060069;1.000
100074828;1.000
86260;1.000
100074970;1.000
100070424;1.000
100070620;1.000
100044523;1.000
100068688;1.000
100060056;1.000
100075577;1.000
100045113;1.000
100037239;1.000
100057247;1.000
64238;1.000
100055758;1.000
100045481;1.000
100066221;1.000
82076;1.000
100056783;1.000
100067782;1.000
100081146;1.000
50421;1.000
100052236;1.000
100068428;1.000
65328;1.000
100068188;1.000
100043840;1.000
100082118;1.000
100062406;1.000
100068737;1.000
100044439;1.000
100052530;1.000
100061073;1.000
94792;1.000
100017239;1.000
100065716;1.000
100062031;1.000
100011621;1.000
100069525;1.000
100046371;1.000
100045194;1.000
100068682;1.000
100022769;1.000
100079579;1.000
100063863;1.000
100068016;1.000
100080065;1.000
100065005;1.000
100042025;1.000
100056965;1.000
100052537;1.000
63222;1.000
100081043;1.000
100079424;1.000
100081782;1.000
100040114;1.000
100072612;1.000
100073853;1.000
100023865;1.000
100058586;1.000
100078629;1.000
100080168;1.000
100082151;1.000
100070224;1.000
100071240;1.000
100060319;1.000
40380;1.000
67518;1.000
100055647;1.000
100069274;1.000
64188;1.000
100039549;1.000
100070900;1.000
100029620;1.000
100079681;1.000
32248;1.000
100049637;1.000
100069485;1.000
100069694;1.000
100055757;1.000
100082119;1.000
100043740;1.000
100071439;1.000
100079636;1.000
100076606;1.000
100082278;1.000
100077701;1.000
100067278;1.000
100080398;1.000
100027778;1.000
100028675;1.000
100073356;1.000
100055573;1.000
100039676;1.000
100070992;1.000
100078581;1.000
100080069;1.000
100063293;1.000
100036524;1.000
100066037;1.000
100070613;1.000
100082254;1.000
100030399;1.000
100067458;1.000
100079958;1.000
100039992;1.000
100082039;1.000
100073605;1.000
100067226;1.000
100076121;1.000
89520;1.000
100043653;1.000
100049688;1.000
100072825;1.000
100049536;1.000
100073723;1.000
100076973;1.000
100032011;1.000
100033673;1.000
100072623;1.000
100069746;1.000
100028881;1.000
100077631;1.000
100018026;1.000
100072871;1.000
100081844;1.000
90187;1.000
100075409;1.000
100073654;1.000
100051254;1.000
100070526;1.000
100054635;1.000
100034855;1.000
100082561;1.000
100081882;1.000
100022453;1.000
100051358;1.000
100076334;1.000
98616;1.000
100081593;1.000
100042046;1.000
100081671;1.000
100060591;1.000
100063729;1.000
93859;1.000
80721;1.000
100070528;1.000
100022897;1.000
100070779;1.000
100078052;1.000
100073755;1.000
73984;1.000
71082;1.000
100069191;1.000
100042903;1.000
100035604;1.000
100021273;1.000
100057923;1.000
100081818;1.000
100068954;1.000
93767;1.000
100067878;1.000
100074070;1.000
100081849;1.000
100071231;1.000
100069109;1.000
100024920;1.000
100036132;1.000
100058642;1.000
100073862;1.000
95923;1.000
100061033;1.000
100039772;1.000
100076143;1.000
100079635;1.000
100062578;1.000
98615;1.000
100059530;1.000
100069700;1.000
100082712;1.000
100050405;1.000
100073009;1.000
100068100;1.000
100074891;1.000
100073019;1.000
100043884;1.000
100071806;1.000
100069487;1.000
100054639;1.000
52550;1.000
100073583;1.000
100055760;1.000
100016516;1.000
100054618;1.000
100064364;1.000
100059452;1.000
100062862;1.000
100032381;1.000
100051252;1.000
100082244;1.000
100028148;1.000
100075324;1.000
93384;1.000
100063176;1.000
100077880;1.000
100055618;1.000
100076678;1.000
100072383;1.000
100076585;1.000
100069203;1.000
100041223;1.000
100068123;1.000
100076278;1.000
100082421;1.000
100034834;1.000
100061305;1.000
100051142;1.000
100067317;1.000
100074305;1.000
100057055;1.000
100067931;1.000
100016924;1.000
100042032;1.000
100072610;1.000
100038626;1.000
100072371;1.000
100022518;1.000
100073787;1.000
100068130;1.000
100065613;1.000
100043679;1.000
100030333;1.000
100031075;1.000
100068223;1.000
100031062;1.000
100064916;1.000
100042035;1.000
100063415;1.000
100073869;1.000
100069488;1.000
100068297;1.000
100049258;1.000
100080461;1.000
100069612;1.000
100049929;1.000
100068413;1.000
100060552;1.000
100069816;1.000
100039765;1.000
100032942;1.000
100068552;1.000
100049069;1.000
100075512;1.000
88720;1.000
100070954;1.000
100053225;1.000
57924;1.000
100076111;1.000
1651;1.000
63734;1.000
100054683;1.000
100069638;1.000
100082116;1.000
100060264;1.000
68058;1.000
100031254;1.000
100067741;1.000
100035601;1.000
100063855;1.000
100070631;1.000
100050908;1.000
100023230;1.000
100073725;1.000
100069513;1.000
100049347;1.000
100068723;1.000
100054878;1.000
100065681;1.000
100081706;1.000
100075713;1.000
98261;1.000
100075763;1.000
100021497;1.000
100042550;1.000
100064357;1.000
100073963;1.000
100050149;1.000
100076688;1.000
100038878;1.000
66399;1.000
100042016;1.000
100074865;1.000
100069100;1.000
100039528;1.000
100079153;1.000
100069800;1.000
100013766;1.000
100082430;1.000
100059161;1.000
100039756;1.000
100033108;1.000
100047862;1.000
100033037;1.000
100059379;1.000
80728;1.000
100062091;1.000
100073608;1.000
100081740;1.000
100022172;1.000
100059994;1.000
100080934;1.000
100070856;1.000
77576;1.000
100051398;1.000
92115;1.000
100051176;1.000
83899;1.000
100081457;1.000
100056885;1.000
100056046;1.000
55938;1.000
80830;1.000
100060939;1.000
100069980;1.000
100074905;1.000
100055961;1.000
100014044;1.000
100082517;1.000
100040379;1.000
100080577;1.000
100068752;1.000
100043803;1.000
100015853;1.000
85521;1.000
100023950;1.000
100068804;1.000
100063039;1.000
100022052;1.000
100052965;1.000
100074188;1.000
100078343;1.000
100027547;1.000
100071625;1.000
100071724;1.000
100068154;1.000
100021665;1.000
100051132;1.000
97861;1.000
100073747;1.000
100068103;1.000
100044234;1.000
100068348;1.000
100075731;1.000
100058749;1.000
100073923;1.000
37169;1.000
100047008;1.000
100048672;1.000
100071443;1.000
100081036;1.000
100039500;1.000
95736;1.000
100069945;1.000
100042672;1.000
100057755;1.000
80709;1.000
100073314;1.000
100020284;1.000
100081567;1.000
100025759;1.000
98446;1.000
100016357;1.000
100079959;1.000
86601;1.000
100072425;1.000
100058097;1.000
100043601;1.000
100054682;1.000
100071816;1.000
100049017;1.000
100078889;1.000
100073746;1.000
100078162;1.000
100071009;1.000
100062974;1.000
100012987;1.000
100082094;1.000
100075825;1.000
100045321;1.000
100055814;1.000
100062626;1.000
91672;1.000
77591;1.000
100076584;1.000
100077782;1.000
100043363;1.000
100011785;1.000
31432;1.000
100066392;1.000
100022837;1.000
73575;1.000
100039745;1.000
100045505;1.000
100023470;1.000
100068447;1.000
100073688;1.000
100062750;1.000
100073893;1.000
70027;1.000
100068104;1.000
100058603;1.000
100070006;1.000
100071727;1.000
100081442;1.000
100063877;1.000
100032480;1.000
100026746;1.000
77423;1.000
100073925;1.000
100073252;1.000
100060281;1.000
100062632;1.000
100063152;1.000
100065066;1.000
100081012;1.000
100079869;1.000
100080086;1.000
95354;1.000
100061628;1.000
100036667;1.000
100075572;1.000
100024572;1.000
100066389;1.000
100067003;1.000
83459;1.000
100075325;1.000
100070417;1.000
100060585;1.000
100057950;1.000
100081440;1.000
100040491;1.000
100067763;1.000
100071522;1.000
100041224;1.000
100061840;1.000
100072039;1.000
100078190;1.000
100060371;1.000
100063015;1.000
92188;1.000
100070803;1.000
100069293;1.000
47484;1.000
100068161;1.000
100078135;1.000
100059378;1.000
100066032;1.000
100073878;1.000
100011890;1.000
100081490;1.000
100058895;1.000
100074771;1.000
100061521;1.000
100061028;1.000
84124;1.000
100026749;1.000
100069381;1.000
100068577;1.000
100072877;1.000
100075373;1.000
100065015;1.000
78985;1.000
100069481;1.000
100031595;1.000
100063393;1.000
100031052;1.000
100049426;1.000
100071165;1.000
100078068;1.000
100065341;1.000
100068236;1.000
100059016;1.000
34174;1.000
100066308;1.000
100068820;1.000
100024869;1.000
100050161;1.000
100024923;1.000
100065686;1.000
100064797;1.000
100069106;1.000
100043725;1.000
100048154;1.000
100075710;1.000
100069192;1.000
94195;1.000
100023384;1.000
100019106;1.000
100072526;1.000
100045970;1.000
100017434;1.000
100073457;1.000
100070229;1.000
100070810;1.000
100033519;1.000
100075707;1.000
100072765;1.000
100080162;1.000
100045125;1.000
100067683;1.000
100032534;1.000
100067740;1.000
100056042;1.000
100070394;1.000
100071051;1.000
100069684;1.000
100045726;1.000
100082298;1.000
100061203;1.000
100020235;1.000
100067679;1.000
100049647;1.000
84587;1.000
100068025;1.000
100056052;1.000
100069955;1.000
100078859;1.000
100042052;1.000
78808;1.000
94441;1.000
100076657;1.000
100077611;1.000
100044040;1.000
100080003;1.000
100046305;1.000
100057927;1.000
100034288;1.000
52757;1.000
100076789;1.000
100043800;1.000
100047670;1.000
100011931;1.000
100016486;1.000
100062363;1.000
100068502;1.000
100078854;1.000
100023952;1.000
100022396;1.000
100074603;1.000
100045079;1.000
100075019;1.000
100057595;1.000
100069742;1.000
100079904;1.000
100074548;1.000
100065460;1.000
100045383;1.000
100036642;1.000
100071767;1.000
100064879;1.000
100066328;1.000
100073034;1.000
100067401;1.000
89045;1.000
100073098;1.000
100019030;1.000
100036158;1.000
100055925;1.000
100037674;1.000
100070412;1.000
100072377;1.000
90331;1.000
100014833;1.000
76115;1.000
100017117;1.000
100069928;1.000
100030400;1.000
62153;1.000
78694;1.000
100041287;1.000
100079229;1.000
100042770;1.000
100073643;1.000
100068260;1.000
100070787;1.000
100055464;1.000
100069956;1.000
100075504;1.000
100068436;1.000
100081696;1.000
100075471;1.000
100070339;1.000
100079167;1.000
100016042;1.000
100060841;1.000
100021499;1.000
100036497;1.000
100072976;1.000
100070601;1.000
100063453;1.000
100059704;1.000
100071275;1.000
100077454;1.000
100039755;1.000
100074299;1.000
100060600;1.000
100032576;1.000
94950;1.000
100067486;1.000
100056411;1.000
100040208;1.000
100037525;1.000
100049244;1.000
100071719;1.000
100080519;1.000
100062591;1.000
100023021;1.000
100068578;1.000
100043212;1.000
100073774;1.000
100082156;1.000
100067022;1.000
100081608;1.000
100081397;1.000
100044524;1.000
100068740;1.000
100044911;1.000
100079093;1.000
100073285;1.000
100063075;1.000
100068612;1.000
100035713;1.000
100061911;1.000
100058237;1.000
100022119;1.000
100080736;1.000
100080423;1.000
100023082;1.000
100025732;1.000
100075721;1.000
100081897;1.000
100047807;1.000
82099;1.000
68333;1.000
100070892;1.000
43446;1.000
83543;1.000
100072058;1.000
100068977;1.000
100068505;1.000
100067669;1.000
100058230;1.000
100022617;1.000
100080554;1.000
100076122;1.000
100013538;1.000
100012603;1.000
100082122;1.000
100034254;1.000
100064433;1.000
100059660;1.000
100071373;1.000
100073933;1.000
100073496;1.000
100077431;1.000
100072642;1.000
77087;1.000
100024233;1.000
100073832;1.000
100064474;1.000
100012704;1.000
100033877;1.000
100056696;1.000
100079943;1.000
100081768;1.000
100081896;1.000
100053350;1.000
95188;1.000
100082873;1.000
100071205;1.000
69001;1.000
100068736;1.000
100065826;1.000
100069532;1.000
100074102;1.000
100062452;1.000
100027920;1.000
100016695;1.000
100072205;1.000
100031189;1.000
100075160;1.000
100011952;1.000
100066815;1.000
100043843;1.000
100081703;1.000
79495;1.000
100060186;1.000
71065;1.000
100043218;1.000
100073461;1.000
100061821;1.000
94935;1.000
100065344;1.000
100043728;1.000
100057972;1.000
100036841;1.000
84487;1.000
100063678;1.000
100026214;1.000
92428;1.000
100038938;1.000
100074258;1.000
100073552;1.000
100074564;1.000
100073582;1.000
100069175;1.000
100069118;1.000
100061694;1.000
100044292;1.000
100073055;1.000
100075704;1.000
100068667;1.000
100036496;1.000
93512;1.000
100067508;1.000
100053495;1.000
100013027;1.000
100068411;1.000
100043547;1.000
100067229;1.000
100074720;1.000
100050282;1.000
100031971;1.000
100073714;1.000
100076255;1.000
77777;1.000
100063171;1.000
100080450;1.000
100079960;1.000
100074354;1.000
100077628;1.000
100078124;1.000
100074309;1.000
100041796;1.000
100075617;1.000
100078678;1.000
100055698;1.000
100066429;1.000
100024044;1.000
100054026;1.000
100051487;1.000
100053502;1.000
100047460;1.000
58896;1.000
100055572;1.000
84479;1.000
93588;1.000
100082240;1.000
61988;1.000
100045500;1.000
100073860;1.000
100039773;1.000
100053672;1.000
100039092;1.000
100074581;1.000
94133;1.000
100069202;1.000
100039749;1.000
100021653;1.000
100074202;1.000
100069224;1.000
100019786;1.000
100019364;1.000
100071616;1.000
100066439;1.000
100063106;1.000
100053411;1.000
100062945;1.000
100023717;1.000
100048452;1.000
100073093;1.000
100053440;1.000
100074894;1.000
85694;1.000
100074397;1.000
68838;1.000
100073234;1.000
100069626;1.000
100043647;1.000
100059748;1.000
100033863;1.000
67328;1.000
100064234;1.000
100046001;1.000
100069107;1.000
100025378;1.000
100072582;1.000
100058593;1.000
100030170;1.000
100081742;1.000
71441;1.000
61044;1.000
100064917;1.000
100076682;1.000
100068592;1.000
100048758;1.000
92760;1.000
100057956;1.000
100038940;1.000
100075104;1.000
100053624;1.000
100057401;1.000
100045617;1.000
100067824;1.000
100055423;1.000
100011927;1.000
100062619;1.000
88652;1.000
100081877;1.000
74441;1.000
100082019;1.000
100082564;1.000
100065143;1.000
57799;1.000
100082121;1.000
100073691;1.000
100075451;1.000
100052190;1.000
100069401;1.000
96433;1.000
100082192;1.000
100064968;1.000
100079301;1.000
100024853;1.000
100071717;1.000
53908;1.000
100046654;1.000
100069491;1.000
100055766;1.000
100015681;1.000
100030644;1.000
100081654;1.000
100055699;1.000
100069636;1.000
37779;1.000
100043688;1.000
100057955;1.000
100065347;1.000
100065114;1.000
100049668;1.000
100027998;1.000
100078849;1.000
100049559;1.000
100033258;1.000
100043687;1.000
100017090;1.000
84053;1.000
100057243;1.000
100019782;1.000
100082109;1.000
100077642;1.000
100061766;1.000
100076269;1.000
94189;1.000
100081307;1.000
100081443;1.000
100075487;1.000
98521;1.000
100065766;1.000
100075221;1.000
100016930;1.000
100072771;1.000
100055693;1.000
100032108;1.000
100020083;1.000
100073770;1.000
100075645;1.000
100077700;1.000
100068251;1.000
100043232;1.000
100075483;1.000
100037262;1.000
100061727;1.000
100042054;1.000
100081697;1.000
100054692;1.000
100069494;1.000
100041917;1.000
100075460;1.000
89347;1.000
100067236;1.000
100064356;1.000
100081841;1.000
100062679;1.000
100044311;1.000
100017411;1.000
100079034;1.000
92017;1.000
100057426;1.000
47448;1.000
100063674;1.000
100024922;1.000
100031892;1.000
100068105;1.000
100073027;1.000
100038952;1.000
100074322;1.000
100058795;1.000
100074806;1.000
92573;1.000
100079945;1.000
100081859;1.000
100068192;1.000
100056793;1.000
100044304;1.000
100056377;1.000
100058757;1.000
100047124;1.000
100075023;1.000
100043628;1.000
100042920;1.000
100068649;1.000
100010646;1.000
100033870;1.000
100036843;1.000
100040568;1.000
100075855;1.000
100067242;1.000
92729;1.000
82508;1.000
100013572;1.000
100055080;1.000
100064538;1.000
100072647;1.000
100071004;1.000
100080083;1.000
100055617;1.000
51603;1.000
100079255;1.000
100017034;1.000
100071460;1.000
100076216;1.000
100076847;1.000
100063643;1.000
100029915;1.000
100067506;1.000
100065286;1.000
100072700;1.000
100049862;1.000
89102;1.000
100056908;1.000
100072434;1.000
100016480;1.000
100077155;1.000
100059961;1.000
100072117;1.000
100071452;1.000
100038827;1.000
100049396;1.000
100081669;1.000
100069059;1.000
100022105;1.000
100010648;1.000
100053454;1.000
100039783;1.000
100071570;1.000
95411;1.000
100020573;1.000
77440;1.000
100068536;1.000
100042031;1.000
100035083;1.000
100042372;1.000
100037477;1.000
47479;1.000
100063284;1.000
89050;1.000
100027224;1.000
100070364;1.000
100071243;1.000
100057939;1.000
100071457;1.000
100032369;1.000
100045385;1.000
100013769;1.000
100050300;1.000
100053774;1.000
100066145;1.000
100051657;1.000
100076108;1.000
100058265;1.000
100079686;1.000
100038782;1.000
100039734;1.000
100019168;1.000
100077670;1.000
100067208;1.000
100025698;1.000
100075202;1.000
100058611;1.000
100069865;1.000
100043883;1.000
100073631;1.000
100034275;1.000
100057925;1.000
100017413;1.000
100059662;1.000
100057876;1.000
100082338;1.000
100013177;1.000
95726;1.000
100071614;1.000
100076611;1.000
100070232;1.000
100063439;1.000
100065835;1.000
100068500;1.000
100034077;1.000
100050074;1.000
100060257;1.000
100068770;1.000
100076522;1.000
100063797;1.000
100043229;1.000
100028216;1.000
93724;1.000
100081138;1.000
100081571;1.000
100072876;1.000
100053492;1.000
100068605;1.000
100076529;1.000
100068549;1.000
93723;1.000
58822;1.000
100043475;1.000
93389;1.000
100061426;1.000
100071274;1.000
69323;1.000
100075800;1.000
100058044;1.000
100060920;1.000
85629;1.000
100063442;1.000
100067228;1.000
56162;1.000
81929;1.000
100064337;1.000
100080454;1.000
100078992;1.000
78674;1.000
100017523;1.000
100040707;1.000
100082090;1.000
100035779;1.000
100071741;1.000
100056083;1.000
90153;1.000
100077587;1.000
100081473;1.000
100075067;1.000
100072596;1.000
100081452;1.000
100069196;1.000
100073517;1.000
91473;1.000
100075697;1.000
100067281;1.000
100062530;1.000
100045220;1.000
76352;1.000
100037154;1.000
100061778;1.000
100055755;1.000
100011872;1.000
100034071;1.000
100068128;1.000
100059571;1.000
100055752;1.000
100073246;1.000
100054584;1.000
100010204;1.000
100073773;1.000
100077242;1.000
100073589;1.000
100039632;1.000
100075494;1.000
100058800;1.000
100043450;1.000
100068593;1.000
100067757;1.000
100075536;1.000
100072797;1.000
100054614;1.000
66872;1.000
100067766;1.000
100074362;1.000
100067224;1.000
100073928;1.000
100081305;1.000
100072380;1.000
100064363;1.000
100073599;1.000
100073577;1.000
100074795;1.000
100081759;1.000
100073687;1.000
100062324;1.000
100080458;1.000
100076792;1.000
100047847;1.000
100060114;1.000
100012494;1.000
100075795;1.000
100059489;1.000
100059659;1.000
100067569;1.000
100072559;1.000
100063355;1.000
100068919;1.000
100020231;1.000
100048787;1.000
100074803;1.000
100011829;1.000
63958;1.000
100024046;1.000
100047916;1.000
100017663;1.000
100075788;1.000
100070862;1.000
100059305;1.000
100055918;1.000
100069185;1.000
100061864;1.000
100068946;1.000
100068949;1.000
100031379;1.000
100076672;1.000
94595;1.000
100052986;1.000
100061685;1.000
100018022;1.000
76709;1.000
100015240;1.000
100032783;1.000
100038880;1.000
100044720;1.000
100062332;1.000
100068267;1.000
100078825;1.000
78814;1.000
100062893;1.000
100064462;1.000
100068027;1.000
100060704;1.000
100074802;1.000
100031593;1.000
100061801;1.000
100064864;1.000
100082047;1.000
100056955;1.000
90607;1.000
100069182;1.000
100073934;1.000
100055882;1.000
100010167;1.000
92349;1.000
100062078;1.000
100034735;1.000
100081649;1.000
86605;1.000
100068864;1.000
100040709;1.000
100066208;1.000
100041683;1.000
100065438;1.000
100057947;1.000
100050411;1.000
100031187;1.000
100061881;1.000
100070009;1.000
100063887;1.000
100081722;1.000
100082769;1.000
100044691;1.000
100015245;1.000
100063061;1.000
100075158;1.000
100058172;1.000
95496;1.000
100069030;1.000
100058751;1.000
100073615;1.000
48045;1.000
100013503;1.000
100025387;1.000
100047859;1.000
100038933;1.000
100025403;1.000
100075792;1.000
100046007;1.000
100068022;1.000
100042040;1.000
95366;1.000
100050863;1.000
100064073;1.000
100020021;1.000
100065418;1.000
100072147;1.000
100074596;1.000
100063427;1.000
68060;1.000
100052711;1.000
100053449;1.000
100037947;1.000
100073811;1.000
100079531;1.000
100067369;1.000
100050156;1.000
100058272;1.000
100070853;1.000
72000;1.000
100011624;1.000
100037996;1.000
100073453;1.000
49157;1.000
100059546;1.000
59594;1.000
100016917;1.000
100081448;1.000
100039775;1.000
100073758;1.000
100080169;1.000
100076578;1.000
100047244;1.000
100071638;1.000
93849;1.000
100018761;1.000
100082093;1.000
65148;1.000
100061310;1.000
65595;1.000
100024918;1.000
100076685;1.000
100015330;1.000
100062961;1.000
81930;1.000
100065465;1.000
100073338;1.000
100073587;1.000
100079275;1.000
100054041;1.000
100025806;1.000
100063433;1.000
100049330;1.000
100075276;1.000
100051662;1.000
100050579;1.000
100042105;1.000
100053768;1.000
100079580;1.000
100073968;1.000
100072325;1.000
100042030;1.000
100080026;1.000
77066;1.000
100052099;1.000
100067230;1.000
100048382;1.000
100072772;1.000
51647;1.000
100082553;1.000
85634;1.000
100077859;1.000
100071146;1.000
100067957;1.000
100068445;1.000
100060954;1.000
100048259;1.000
100055938;1.000
100075466;1.000
44521;1.000
100044310;1.000
100077693;1.000
100059105;1.000
60625;1.000
100046334;1.000
100069523;1.000
100022031;1.000
100071764;1.000
100068841;1.000
100042292;1.000
100076519;1.000
100064892;1.000
95427;1.000
100068812;1.000
100062389;1.000
100066802;1.000
100071650;1.000
100017429;1.000
100037372;1.000
100054464;1.000
100039079;1.000
100043826;1.000
100027774;1.000
100061804;1.000
100070454;1.000
100043694;1.000
100062717;1.000
100079388;1.000
100070296;1.000
100072836;1.000
100043888;1.000
56825;1.000
100068662;1.000
100067773;1.000
59114;1.000
100062531;1.000
100060544;1.000
100067535;1.000
100053654;1.000
100068548;1.000
100068069;1.000
100076435;1.000
100064413;1.000
85620;1.000
100048405;1.000
85744;1.000
100038025;1.000
100073946;1.000
100078903;1.000
41380;1.000
100015706;1.000
62070;1.000
100080443;1.000
100061053;1.000
100044837;1.000
100060699;1.000
96405;1.000
93368;1.000
100055130;1.000
100036347;1.000
100066258;1.000
85513;1.000
100082025;1.000
100070362;1.000
100073383;1.000
100069571;1.000
100073759;1.000
100036599;1.000
100076743;1.000
100072362;1.000
97417;1.000
100063426;1.000
100082218;1.000
100034714;1.000
100050576;1.000
100010455;1.000
100077469;1.000
100077554;1.000
100074784;1.000
100015943;1.000
100059656;1.000
100058639;1.000
100059310;1.000
100057167;1.000
100055700;1.000
31836;1.000
91470;1.000
100040755;1.000
100080613;1.000
100078786;1.000
100027195;1.000
94403;1.000
100037274;1.000
94207;1.000
100013131;1.000
22970;1.000
100019048;1.000
75933;1.000
100074260;1.000
100059353;1.000
100067468;1.000
100020863;1.000
100055145;1.000
100027049;1.000
100073617;1.000
100078193;1.000
100067378;1.000
100078925;1.000
100052559;1.000
100050813;1.000
100077800;1.000
100065729;1.000
100062456;1.000
100059168;1.000
100081883;1.000
61720;1.000
100078336;1.000
100045474;1.000
100080549;1.000
100073339;1.000
100073729;1.000
100074470;1.000
76815;1.000
100042114;1.000
100079480;1.000
100073091;1.000
100060240;1.000
100059096;1.000
100027937;1.000
100068611;1.000
100061796;1.000
100037992;1.000
100078886;1.000
100069387;1.000
100070168;1.000
100082133;1.000
100031074;1.000
100069215;1.000
35184;1.000
100073824;1.000
100061803;1.000
100068139;1.000
100082359;1.000
100067795;1.000
100072079;1.000
100082652;1.000
100074589;1.000
100076996;1.000
100079977;1.000
100068157;1.000
100073351;1.000
100079124;1.000
80720;1.000
100074409;1.000
60958;1.000
100048117;1.000
100032151;1.000
100059445;1.000
100012175;1.000
100073202;1.000
31261;1.000
100050776;1.000
100025012;1.000
100045193;1.000
100077052;1.000
100073380;1.000
100069719;1.000
100082427;1.000
100069973;1.000
100062079;1.000
100050075;1.000
100069614;1.000
100073487;1.000
100066762;1.000
100077660;1.000
75130;1.000
100074909;1.000
100074893;1.000
61048;1.000
100041962;1.000
37510;1.000
100076735;1.000
100066245;1.000
100073613;1.000
100076765;1.000
100069653;1.000
100069380;1.000
67415;1.000
100066015;1.000
100043704;1.000
86316;1.000
100077794;1.000
100047177;1.000
100051460;1.000
100082112;1.000
100068350;1.000
100066339;1.000
100078826;1.000
100068858;1.000
100067406;1.000
100015976;1.000
100074755;1.000
100077297;1.000
100079231;1.000
95643;1.000
100058750;1.000
100059007;1.000
100081445;1.000
100029804;1.000
100037404;1.000
76224;1.000
100071239;1.000
100047854;1.000
100061885;1.000
100058236;1.000
100072763;1.000
100074005;1.000
100063444;1.000
69544;1.000
100012170;1.000
100081495;1.000
100081854;1.000
100078256;1.000
100027221;1.000
100012176;1.000
100077710;1.000
100041732;1.000
100052122;1.000
100013771;1.000
85338;1.000
4522;1.000
93845;1.000
100049906;1.000
100067509;1.000
100076210;1.000
100065647;1.000
100020909;1.000
100074252;1.000
98582;1.000
100020435;1.000
86946;1.000
100077907;1.000
100081853;1.000
100068409;1.000
100026264;1.000
100026235;1.000
100073276;1.000
100010796;1.000
30017;1.000
100071273;1.000
100059345;1.000
100075620;1.000
100072322;1.000
100073536;1.000
75006;1.000
98377;1.000
100059594;1.000
78191;1.000
100081781;1.000
100074750;1.000
93068;1.000
85627;1.000
100065825;1.000
100050540;1.000
100012778;1.000
100031961;1.000
100077705;1.000
100057448;1.000
100037723;1.000
100071562;1.000
100077295;1.000
100082136;1.000
100078567;1.000
100019064;1.000
100072172;1.000
100072433;1.000
100069253;1.000
76409;1.000
100048141;1.000
63478;1.000
100073777;1.000
100066098;1.000
100039681;1.000
100073640;1.000
100077669;1.000
100051563;1.000
100082632;1.000
100014950;1.000
100016533;1.000
100081835;1.000
100036770;1.000
100074902;1.000
100069759;1.000
100034849;1.000
100028882;1.000
100038003;1.000
100062964;1.000
100070570;1.000
100048571;1.000
100077696;1.000
93438;1.000
100074419;1.000
100069072;1.000
100055780;1.000
100068621;1.000
100074901;1.000
100060473;1.000
100057544;1.000
100075268;1.000
100047165;1.000
100060327;1.000
85515;1.000
100065067;1.000
100038055;1.000
100070230;1.000
100068823;1.000
100038955;1.000
100062098;1.000
100076740;1.000
82993;1.000
100082692;1.000
100020234;1.000
100065733;1.000
100021519;1.000
100031268;1.000
100043878;1.000
100014186;1.000
84056;1.000
100060450;1.000
100044358;1.000
50418;1.000
100061647;1.000
82074;1.000
100059017;1.000
64171;1.000
100071958;1.000
100026140;1.000
100051180;1.000
100082405;1.000
100076738;1.000
100053476;1.000
100064945;1.000
100053227;1.000
100051986;1.000
100043154;1.000
20909;1.000
100076766;1.000
100043736;1.000
100012792;1.000
100079276;1.000
100066804;1.000
100066495;1.000
100071190;1.000
49881;1.000
100076281;1.000
100050755;1.000
100036134;1.000
100081851;1.000
100081755;1.000
100074086;1.000
100023011;1.000
100073359;1.000
100067792;1.000
100072838;1.000
100070860;1.000
76249;1.000
100028801;1.000
100068680;1.000
100076613;1.000
100065752;1.000
100080653;1.000
100046003;1.000
100078043;1.000
100064291;1.000
95261;1.000
100054600;1.000
64206;1.000
100043920;1.000
100068619;1.000
100045818;1.000
77884;1.000
100030377;1.000
100059560;1.000
100066244;1.000
100045379;1.000
100062831;1.000
100022688;1.000
100071766;1.000
100037997;1.000
100081521;1.000
100047845;1.000
100074312;1.000
87897;1.000
100041918;1.000
100032403;1.000
100060304;1.000
100072518;1.000
61645;1.000
100073740;1.000
100070768;1.000
100033113;1.000
100040210;1.000
100076528;1.000
100073205;1.000
100043834;1.000
100043646;1.000
100081658;1.000
90548;1.000
100059683;1.000
100064863;1.000
100056109;1.000
100068284;1.000
100021631;1.000
100026452;1.000
100075111;1.000
100060548;1.000
100076219;1.000
100062478;1.000
100044121;1.000
87792;1.000
68880;1.000
25907;1.000
89066;1.000
100049529;1.000
100082687;1.000
100077647;1.000
100068147;1.000
100060316;1.000
100076686;1.000
100076676;1.000
100073813;1.000
100067178;1.000
100063101;1.000
100076762;1.000
100019029;1.000
100071480;1.000
100067769;1.000
100043750;1.000
100051101;1.000
100032552;1.000
100060135;1.000
100074982;1.000
100055469;1.000
100059110;1.000
92704;1.000
100051567;1.000
100053490;1.000
100069670;1.000
100019730;1.000
100017814;1.000
100046631;1.000
76022;1.000
100070492;1.000
100074685;1.000
100028907;1.000
100081842;1.000
100045821;1.000
100034335;1.000
100081945;1.000
100081731;1.000
100069876;1.000
100073482;1.000
100051177;1.000
100065437;1.000
100042048;1.000
100064192;1.000
100068264;1.000
100031209;1.000
4311;1.000
100073721;1.000
100059447;1.000
100060454;1.000
100078179;1.000
100077646;1.000
100047158;1.000
97004;1.000
100058712;1.000
100073491;1.000
80933;1.000
100070504;1.000
100058702;1.000
100050544;1.000
100067518;1.000
100041908;1.000
100073596;1.000
100070565;1.000
100082369;1.000
100073762;1.000
100015600;1.000
100055690;1.000
100061153;1.000
100064862;1.000
100059603;1.000
57923;1.000
100068561;1.000
100037844;1.000
78125;1.000
100057799;1.000
100059418;1.000
100081208;1.000
100057958;1.000
100053800;1.000
100057922;1.000
100081450;1.000
100025404;1.000
100064510;1.000
100069178;1.000
100079161;1.000
100036206;1.000
100068839;1.000
100082360;1.000
100072852;1.000
100042055;1.000
100010156;1.000
100071006;1.000
100046004;1.000
100037419;1.000
95640;1.000
100071396;1.000
100064061;1.000
100075198;1.000
100045820;1.000
100077712;1.000
100061924;1.000
100077248;1.000
82195;1.000
100068513;1.000
100054865;1.000
100074569;1.000
77581;1.000
100049096;1.000
100063446;1.000
100037561;1.000
100077244;1.000
100078571;1.000
100080768;1.000
100070854;1.000
100069696;1.000
100061025;1.000
100037242;1.000
100033682;1.000
100064832;1.000
100074670;1.000
100068749;1.000
100016517;1.000
100070057;1.000
100045974;1.000
98001;1.000
100076701;1.000
100042049;1.000
100051185;1.000
100073278;1.000
100067754;1.000
100071893;1.000
100069010;1.000
100065997;1.000
100048930;1.000
100018267;1.000
100072429;1.000
100081660;1.000
100080451;1.000
100047097;1.000
100067167;1.000
100077858;1.000
100029516;1.000
100069113;1.000
46326;1.000
100070493;1.000
100063677;1.000
100076126;1.000
100056976;1.000
100072275;1.000
100073828;1.000
100073863;1.000
89086;1.000
100082263;1.000
100012301;1.000
100064551;1.000
100050108;1.000
100077721;1.000
100062066;1.000
100011583;1.000
100053450;1.000
100044885;1.000
100041752;1.000
73574;1.000
100013567;1.000
100043909;1.000
100050578;1.000
100075791;1.000
100027214;1.000
100068318;1.000
100076546;1.000
100014260;1.000
100073962;1.000
98253;1.000
100061076;1.000
100043407;1.000
100062417;1.000
100063711;1.000
100023605;1.000
78813;1.000
100069802;1.000
100019721;1.000
100021244;1.000
93727;1.000
100068947;1.000
100062988;1.000
100032731;1.000
100081427;1.000
100056736;1.000
100073748;1.000
100056647;1.000
100071855;1.000
100021389;1.000
100021627;1.000
100073545;1.000
100064062;1.000
100058762;1.000
100016911;1.000
100040320;1.000
55507;1.000
100059604;1.000
100044487;1.000
100079632;1.000
100079996;1.000
100053456;1.000
100075203;1.000
100020805;1.000
100048774;1.000
100063193;1.000
67517;1.000
100059587;1.000
2825;1.000
100061120;1.000
100079946;1.000
100063343;1.000
100061590;1.000
100081436;1.000
100068753;1.000
100060919;1.000
100080397;1.000
86471;1.000
100037310;1.000
100017613;1.000
100037638;1.000
100043716;1.000
89518;1.000
100079516;1.000
100068015;1.000
100070235;1.000
100081553;1.000
100039738;1.000
100057054;1.000
100032982;1.000
100047935;1.000
100069497;1.000
100034248;1.000
100036555;1.000
100074599;1.000
100048337;1.000
100082257;1.000
100068560;1.000
100069957;1.000
100042543;1.000
100056242;1.000
61105;1.000
100020040;1.000
100073287;1.000
100072995;1.000
100070517;1.000
100081203;1.000
100079659;1.000
100046704;1.000
100056074;1.000
100073943;1.000
100081843;1.000
100080879;1.000
100075183;1.000
100077678;1.000
100075529;1.000
100082054;1.000
100068148;1.000
100061744;1.000
100073382;1.000
100040781;1.000
100075468;1.000
100059010;1.000
100069656;1.000
100072351;1.000
100021241;1.000
100069505;1.000
100069444;1.000
100053509;1.000
100058994;1.000
100044065;1.000
100064809;1.000
100045038;1.000
100012883;1.000
100055940;1.000
100011622;1.000
100081785;1.000
100081085;1.000
100075633;1.000
92440;1.000
100068232;1.000
100076707;1.000
100069406;1.000
100082606;1.000
100073960;1.000
100068643;1.000
100069400;1.000
100050703;1.000
100079784;1.000
100073715;1.000
100065515;1.000
100048435;1.000
100074040;1.000
100081306;1.000
100030578;1.000
100042509;1.000
100081560;1.000
100043483;1.000
100028677;1.000
100071883;1.000
100011620;1.000
100081881;1.000
100031050;1.000
100082341;1.000
96197;1.000
100063933;1.000
100074077;1.000
100053335;1.000
100042039;1.000
100081283;1.000
100079434;1.000
100031698;1.000
100075116;1.000
100041301;1.000
100042906;1.000
87457;1.000
100046548;1.000
100082366;1.000
55261;1.000
100037484;1.000
100069808;1.000
100078355;1.000
100081908;1.000
100061838;1.000
100028771;1.000
100055658;1.000
100078603;1.000
100043876;1.000
55218;1.000
100073488;1.000
100068639;1.000
100071444;1.000
100068982;1.000
100073907;1.000
100051196;1.000
100069034;1.000
100068512;1.000
100036200;1.000
100043724;1.000
100082549;1.000
51602;1.000
100081555;1.000
100069624;1.000
89434;1.000
100041737;1.000
100025274;1.000
100068176;1.000
100075690;1.000
100077770;1.000
100050301;1.000
100081439;1.000
100046807;1.000
100077153;1.000
100064865;1.000
100070600;1.000
100053093;1.000
59510;1.000
100082362;1.000
100081860;1.000
100082628;1.000
100034276;1.000
100053697;1.000
100071257;1.000
100081607;1.000
100063024;1.000
100042108;1.000
100046285;1.000
100080481;1.000
100074319;1.000
100045789;1.000
100067939;1.000
100021706;1.000
100082123;1.000
100068489;1.000
100059358;1.000
100067194;1.000
100043649;1.000
100038301;1.000
100055135;1.000
100069502;1.000
100033838;1.000
100081664;1.000
100034271;1.000
60068;1.000
100067481;1.000
100070426;1.000
100068726;1.000
100060692;1.000
94112;1.000
100022915;1.000
100048898;1.000
100021661;1.000
100051178;1.000
85339;1.000
100031053;1.000
100059755;1.000
100057934;1.000
100069245;1.000
100021592;1.000
100055613;1.000
100078605;1.000
100016009;1.000
100081451;1.000
100068112;1.000
100074965;1.000
81652;1.000
100047171;1.000
100073352;1.000
100069510;1.000
100052854;1.000
100075540;1.000
91468;1.000
100071660;1.000
79102;1.000
100055575;1.000
59646;1.000
100071626;1.000
100044979;1.000
100081537;1.000
100073004;1.000
100068678;1.000
100064553;1.000
100074308;1.000
100077878;1.000
85618;1.000
100067466;1.000
93386;1.000
100068182;1.000
100078967;1.000
100069990;1.000
97177;1.000
100021668;1.000
100053526;1.000
100081206;1.000
100065057;1.000
90833;1.000
100037556;1.000
100031358;1.000
100076748;1.000
100071818;1.000
100040728;1.000
100075442;1.000
100068215;1.000
61724;1.000
100074109;1.000
100074293;1.000
100055576;1.000
100077159;1.000
100067876;1.000
100063292;1.000
100075691;1.000
100068613;1.000
100055131;1.000
100078105;1.000
100038610;1.000
100027976;1.000
100016273;1.000
100044359;1.000
94152;1.000
100082294;1.000
100074307;1.000
100039821;1.000
100044621;1.000
100053667;1.000
100032402;1.000
100031959;1.000
100068821;1.000
100070496;1.000
100043881;1.000
100077872;1.000
100069443;1.000
100073896;1.000
100039771;1.000
100069721;1.000
100069681;1.000
100078515;1.000
100031695;1.000
100035704;1.000
100081437;1.000
100081455;1.000
100045738;1.000
100070110;1.000
100060001;1.000
100028674;1.000
100046783;1.000
100025359;1.000
100044313;1.000
100033672;1.000
100068367;1.000
100073248;1.000
100073562;1.000
100070402;1.000
100038501;1.000
100077772;1.000
100032457;1.000
100069811;1.000
95996;1.000
100037256;1.000
100040157;1.000
100071359;1.000
100029666;1.000
100054835;1.000
100064427;1.000
100021482;1.000
100021236;1.000
100076335;1.000
100058704;1.000
100065732;1.000
100024424;1.000
100067135;1.000
100074522;1.000
100028981;1.000
100073293;1.000
100034726;1.000
100053477;1.000
100057932;1.000
100077046;1.000
100081762;1.000
100078271;1.000
100072116;1.000
100049795;1.000
100082336;1.000
100012154;1.000
100050995;1.000
100071521;1.000
100075448;1.000
97892;1.000
100057172;1.000
100028744;1.000
100053565;1.000
65158;1.000
100064453;1.000
100072167;1.000
100055642;1.000
100059298;1.000
100074177;1.000
100075489;1.000
100063884;1.000
100072828;1.000
100077706;1.000
100063010;1.000
100079683;1.000
100057173;1.000
100067234;1.000
100073749;1.000
100076130;1.000
100070912;1.000
100068021;1.000
100044440;1.000
100076733;1.000
100039736;1.000
100075614;1.000
87279;1.000
100065178;1.000
100069479;1.000
100073451;1.000
100075479;1.000
100064893;1.000
100077958;1.000
100073243;1.000
100059657;1.000
100020045;1.000
100063932;1.000
100076663;1.000
100072093;1.000
100073642;1.000
100081559;1.000
100081148;1.000
100053816;1.000
100068732;1.000
62477;1.000
100075144;1.000
100064659;1.000
100068532;1.000
100050547;1.000
100037958;1.000
100056118;1.000
100059644;1.000
100067019;1.000
100071536;1.000
100081434;1.000
100074974;1.000
100064855;1.000
100040268;1.000
100064211;1.000
100071462;1.000
100074296;1.000
100072216;1.000
100074002;1.000
100039759;1.000
100075796;1.000
100082357;1.000
100053632;1.000
100075157;1.000
100043891;1.000
100051039;1.000
100062637;1.000
100068231;1.000
100076279;1.000
100062046;1.000
100047355;1.000
100061671;1.000
100017478;1.000
100062615;1.000
100067206;1.000
100022322;1.000
100065736;1.000
64380;1.000
100069492;1.000
100069098;1.000
91552;1.000
100046574;1.000
100022426;1.000
100064825;1.000
100046622;1.000
100063452;1.000
100032404;1.000
100077903;1.000
54980;1.000
100046430;1.000
100027507;1.000
100059385;1.000
100077158;1.000
100067517;1.000
100034968;1.000
100025070;1.000
75464;1.000
100042017;1.000
100053760;1.000
100076166;1.000
75859;1.000
100043718;1.000
100043174;1.000
2395;1.000
100067286;1.000
100054106;1.000
100053815;1.000
100043912;1.000
100075924;1.000
34685;1.000
100082128;1.000
100074321;1.000
100043350;1.000
77447;1.000
100063941;1.000
100054813;1.000
100067776;1.000
100069698;1.000
100052244;1.000
100039767;1.000
100076959;1.000
100072186;1.000
100069393;1.000
100079701;1.000
100070791;1.000
100041916;1.000
100051678;1.000
100041116;1.000
100073519;1.000
100068138;1.000
100051123;1.000
100045863;1.000
100047537;1.000
100047273;1.000
100068969;1.000
100039801;1.000
100014041;1.000
100067265;1.000
100056365;1.000
100072580;1.000
100014263;1.000
100064476;1.000
100074954;1.000
100075669;1.000
73029;1.000
100019843;1.000
100076146;1.000
100068603;1.000
100080174;1.000
100053223;1.000
100070158;1.000
100041714;1.000
100042057;1.000
100039762;1.000
100076234;1.000
100060960;1.000
100043645;1.000
100063621;1.000
100076588;1.000
100067961;1.000
54214;1.000
100021672;1.000
100062602;1.000
100079094;1.000
100080473;1.000
100071438;1.000
100011821;1.000
87760;1.000
100056748;1.000
100041558;1.000
100061773;1.000
100069504;1.000
100035451;1.000
100061433;1.000
100057171;1.000
74687;1.000
100071213;1.000
100070904;1.000
100069896;1.000
89105;1.000
100043266;1.000
100070621;1.000
100067915;1.000
92706;1.000
100016922;1.000
